sido,sigungu,name,address,phone,rooms,coffins,parking,extras,type,map
충청남도,논산시,백제병원장례식장,충청남도 논산시 시민로294번길 14 (내동),041-735-1022,5,6,30,식당·매점·주차장,사설(병원),
경기도,안성시,경기도의료원 안성병원장례식장,"경기도 안성시 남파로 95 (당왕동, 경기도의료원안성병원)",031-8046-5044,7,12,300,식당·매점·주차장·유족대기실·장애인편의시설,공설(병원),
서울특별시,강남구,삼성서울병원장례식장,"서울특별시 강남구 일원로 81 (일원동, 삼성의료원)",02-3410-3151,14,26,425,식당·매점·주차장·유족대기실·장애인편의시설,사설(병원),
경기도,동두천시,동두천중앙성모장례식장,경기도 동두천시 동광로 53 (생연동),031-862-4949,3,6,0,,사설(전문),
경기도,수원시,수원시연화장장례식장,경기도 수원시 영통구 광교호수로 278 (하동),031-218-6500,12,18,453,식당·매점·주차장·유족대기실,공설(전문),
충청남도,서산시,서산시중앙병원장례식장,충청남도 서산시 수석산업로 5 (수석동),041-669-1414,5,10,0,식당·매점·주차장·유족대기실,사설(병원),
경상북도,청도군,청도대남병원장례식장,경상북도 청도군 화양읍 청화로 79-7 (범곡리),054-372-3560,4,6,150,식당·매점·주차장·유족대기실·장애인편의시설,사설(병원),
전라남도,구례군,구례병원장례식장,전라남도 구례군 구례읍 동편제길 4 (봉북리),061-783-4344,3,6,80,식당·주차장·유족대기실,사설(병원),
부산광역시,서구,고신대병원 장례식장,"부산광역시 서구 감천로 262 (암남동, 고신대학교복음병원)",051-990-6444,8,14,0,,사설(병원),
경상남도,고성군,고성제일요양병원장례식장,경상남도 고성군 고성읍 남해안대로 2514 (율대리),055-804-8400,3,6,150,식당·매점·주차장·유족대기실·장애인편의시설,사설(병원),
전라남도,영광군,영광종합병원장례식장,전라남도 영광군 영광읍 와룡로 3 (단주리),061-350-8044,4,4,100,식당·주차장·유족대기실·장애인편의시설,사설(병원),
서울특별시,용산구,순천향서울장례식장,"서울특별시 용산구 대사관로 59 (한남동, 순천향대학병원)",02-797-4444,8,14,130,,사설(병원),
부산광역시,수영구,BHS한서병원장례식장,부산광역시 수영구 수영로 615 (광안동),051-751-1860,4,10,0,매점·주차장·유족대기실,사설(병원),
대구광역시,남구,영남대학교의료원 장례식장,대구광역시 남구 현충로 170 (대명동),053-620-4670,9,18,1475,식당·매점·주차장·유족대기실·장애인편의시설,사설(병원),
충청북도,청주시 상당구,청주시장례식장,충청북도 청주시 상당구 목련로 731 (월오동),043-291-4444,5,16,0,식당·매점·주차장·유족대기실,공설(전문),
전라남도,함평군,함평농협장례식장,전라남도 함평군 함평읍 남일길 238-71 (대덕리),061-323-4444,4,8,50,주차장·유족대기실,사설(전문),
경기도,광주시,경안장례식장,경기도 광주시 경충대로 1744 (역동),031-769-0444,4,10,0,,사설(전문),
경상북도,상주시,상주성모병원 장례식장,경상북도 상주시 냉림서성길 7 (냉림동),054-535-6000,2,6,0,식당·매점·주차장·유족대기실,사설(병원),
경상남도,창원시 의창구,창원시 의창구행복한병원장례식장,"경상남도 창원시 의창구 북면 천주로 785,행복한병원장례식장 (동전리, 행복한병원)",055-255-0220,3,6,70,식당·매점·주차장·유족대기실,사설(병원),
울산광역시,울주군,울산하늘공원 장례식장,울산광역시 울주군 삼동면 보삼길 550 (조일리),052-255-3800,5,34,419,식당·매점·주차장·유족대기실·장애인편의시설,공설(전문),
전라남도,장성군,장성병원장례식장,전라남도 장성군 장성읍 역전로 171 (영천리),061-393-4444,3,4,100,식당·매점·주차장·유족대기실·장애인편의시설,사설(병원),
대구광역시,서구,웰니스1004병원장례식장,대구광역시 서구 달구벌대로 1889 (내당동),053-522-0444,3,6,80,식당·매점·주차장·유족대기실,사설(병원),
경상북도,영양군,영양전문장례식장,경상북도 영양군 영양읍 중앙로 281 (동부리),054-682-4700,3,4,70,식당·매점·주차장·유족대기실·장애인편의시설,사설(전문),
경상북도,구미시,고아농협 장례문화원장례식장,경상북도 구미시 고아읍 오로4길 112 (오로리),054-482-7411,3,6,250,식당·매점·주차장·유족대기실·장애인편의시설,사설(전문),
전라남도,곡성군,곡성군우리장례식장,전라남도 곡성군 옥과면 천변로 83 (율사리),061-362-6666,3,4,150,식당·매점·주차장·유족대기실·장애인편의시설,사설(전문),
경기도,화성시,교원예움 화성장례식장,경기도 화성시 마도면 쌍송북로 111 (두곡리),031-355-8000,4,8,150,식당·매점·주차장·유족대기실·장애인편의시설,사설(전문),
서울특별시,영등포구,신화장례식장,"서울특별시 영등포구 영중로 100 (영등포동7가, 신화요양병원)",02-2679-1122,5,8,100,식당·매점·주차장·유족대기실·장애인편의시설,사설(전문),
경기도,시흥시,신천제일병원장례식장,경기도 시흥시 호현로10번길 7-1 (신천동),031-318-9444,3,4,36,식당·매점·주차장·유족대기실·장애인편의시설,사설(전문),
강원특별자치도,양구군,양구군장례식장,강원도 양구군 양구읍 금강산로 518-25 (하리),033-480-2576,4,6,0,,공설(전문),
경기도,성남시,태평서울병원소망장례식장,"경기도 성남시 수정구 성남대로 1219 B01 (수진동, 새소망병원)",031-751-3344,4,6,20,식당·매점·주차장,사설(병원),
경상북도,울릉군,울릉군보건의료원장례식장,경상북도 울릉군 울릉읍 울릉순환로 396-18 (도동리),054-790-6871,3,6,0,,공설(병원),
인천광역시,연수구,인천적십자병원장례식장,"인천광역시 연수구 원인재로 263 (연수동,인천적십자병원장례식장)",032-822-1234,9,12,300,식당·매점·주차장·유족대기실·장애인편의시설,사설(병원),
경상북도,경산시,서요양병원장례식장,"경상북도 경산시 계양로 193 (계양동, 서병원)",053-817-4444,3,4,0,,사설(병원),
전라남도,고흥군,녹동농협 장례식장,전라남도 고흥군 도양읍 거금로 80 (봉암리),061-840-7777,2,4,0,식당·매점·주차장·유족대기실·장애인편의시설,사설(전문),
전북특별자치도,전주시 완산구,엠마오사랑병원장례식장,전라북도 전주시 완산구 서원로 402-35 (중화산동1가),063-285-4411,2,4,100,식당·매점·주차장·유족대기실·장애인편의시설,사설(병원),
경기도,광주시,곤지암농협장례문화원장례식장,경기도 광주시 곤지암읍 경충대로 784-64 (삼리),031-798-9750,4,8,150,식당·매점·주차장·유족대기실·장애인편의시설,사설(전문),
강원특별자치도,원주시,고색의료재단 장례식장,강원도 원주시 북원로 2636 (태장동),033-732-4670,2,6,40,주차장·유족대기실,사설(병원),
서울특별시,서대문구,동신병원장례식장,서울특별시 서대문구 연희로 272 (홍은동),02-395-1024,3,10,80,주차장,사설(병원),
대구광역시,서구,대구의료원 국화원 장례식장,"대구광역시 서구 평리로 157 (중리동, 대구의료원)",053-560-9552,10,16,140,식당·매점·주차장·유족대기실·장애인편의시설,공설(병원),
경상남도,김해시,현대병원장례식장,경상남도 김해시 구산로 23 (구산동),055-331-0036,3,4,0,식당·매점·주차장·유족대기실,사설(병원),
서울특별시,광진구,혜민병원장례식장,서울특별시 광진구 자양로 85 (자양동),02-444-1552,4,8,32,식당·매점·주차장·유족대기실,사설(전문),
강원특별자치도,원주시,수장례식장,"강원도 원주시 문막읍 원문로 1419 (동화리, 연세메디하임병원)",033-745-4440,4,4,100,식당·매점·주차장·유족대기실·장애인편의시설,사설(병원),
경기도,평택시,교원예움 평택장례식장,"경기도 평택시 신평로 205, (구)평택장례문화원  (군문동)",031-652-0404,9,12,250,식당·매점·주차장·유족대기실·장애인편의시설,사설(전문),
경상남도,창원시 마산회원구,영락원전문장례식장,경상남도 창원시 마산회원구 봉양로 152 (봉암동),055-292-4444,7,8,0,주차장,사설(전문),
충청북도,청주시 서원구,참사랑병원장례식장,충청북도 청주시 서원구 청남로 1910 (미평동),043-298-9200,8,10,1000,식당·매점·주차장·유족대기실·장애인편의시설,사설(병원),
강원특별자치도,동해시,동해동인병원장례식장,"강원도 동해시 하평로 26 (평릉동, 동인병원)",033-530-0441,3,4,40,주차장,사설(병원),
충청남도,금산군,새금산병원장례식장,충청남도 금산군 금산읍 금산로 1279 (하옥리),041-754-4474,4,6,80,주차장,사설(전문),
서울특별시,광진구,건국대학교병원장례식장,서울특별시 광진구 능동로 120-1 (화양동),02-2030-7900,9,17,680,식당·매점·주차장·유족대기실·장애인편의시설,사설(병원),
대전광역시,서구,대전을지대학교병원장례식장,"대전광역시 서구 둔산서로 95 (둔산동, 을지대학병원)",042-611-3980,8,18,0,식당·매점·주차장·유족대기실,사설(병원),
경기도,안성시,성혜원장례식장,"경기도 안성시 남파로 169, B1층 (당왕동, 안성성요셉병원)",031-671-6500,6,12,200,식당·매점·주차장·유족대기실,사설(병원),
경상북도,영주시,청하요양병원장례식장,경상북도 영주시 신재로24번길 91 (가흥동),054-634-0444,3,4,100,식당·매점·주차장·유족대기실·장애인편의시설,사설(병원),
대구광역시,중구,계명대학교대구동산병원장례식장,"대구광역시 중구 달성로 56 (동산동, 계명대학교동산의료원)",053-250-8451,5,12,0,식당·매점·주차장,사설(병원),
경기도,용인시,다보스병원장례식장,"경기도 용인시 처인구 백옥대로1082번길 18, B1층 (김량장동, 다보스종합병원)",031-323-4444,5,10,500,식당·매점·주차장·유족대기실,사설(병원),
경기도,포천시,포천시우리병원장례식장,경기도 포천시 소흘읍 호국로 661 (송우리),031-542-0444,4,12,150,식당·매점·주차장·유족대기실·장애인편의시설,사설(병원),
강원특별자치도,춘천시,호반병원장례식장,강원도 춘천시 옛경춘로 663 (삼천동),033-252-0046,6,8,300,주차장·유족대기실,사설(병원),
인천광역시,남동구,인천힘찬종합병원장례식장,"인천광역시 남동구 논현로 72,지하1층 (논현동, 힘찬종합병원)",032-421-3000,7,10,270,식당·매점·주차장·유족대기실·장애인편의시설,사설(병원),
경기도,광명시,예지원장례식장,"경기도 광명시 광명로 844, B1층 (광명동, 예지원요양병원)",02-2060-4444,4,8,150,주차장,사설(병원),
제주특별자치도,제주시,한림정낭장례식장,제주특별자치도 제주시 한림읍 명랑로 76 (한림리),064-796-9644,3,6,140,주차장·유족대기실,사설(전문),
경상남도,거제시,굿뉴스요양병원장례식장,"경상남도 거제시 거제면 거제남서로 3554 (서정리, 굿뉴스병원)",055-633-0844,2,4,70,식당·매점·주차장·유족대기실,사설(병원),
경상남도,창원시 진해구,연세에스병원장례식장,경상남도 창원시 진해구 해원로32번길 13 (이동),055-548-7759,7,6,0,매점·주차장·유족대기실,사설(병원),
경기도,오산시,오산장례문화원장례식장,경기도 오산시 경기동로 125 (부산동),031-375-1100,8,10,300,식당·매점·주차장·유족대기실·장애인편의시설,사설(전문),
부산광역시,사하구,사하구민장례식장,부산광역시 사하구 하신중앙로17번길 25 (장림동),051-715-4441,5,8,60,식당·주차장·유족대기실·장애인편의시설,사설(전문),
전북특별자치도,전주시 덕진구,온고을장례식장,전라북도 전주시 덕진구 온고을로 438-2 (만성동),063-211-5000,5,8,250,식당·매점·주차장·유족대기실·장애인편의시설,사설(전문),
경상북도,경주시,경주시시민장례식장,경상북도 경주시 화랑로 40 (성건동),054-775-4443,3,6,100,주차장·유족대기실,사설(전문),
인천광역시,동구,청기와장례식장 송림점,인천광역시 동구 방축로177번길 23 (송림동),032-583-4444,11,17,300,식당·매점·주차장·유족대기실·장애인편의시설,사설(전문),
경상남도,거창군,거창적십자병원장례식장,"경상남도 거창군 거창읍 중앙로 91 (상림리, 거창적십자병원)",055-944-4482,3,4,0,매점·주차장·유족대기실,사설(병원),
경기도,양주시,광적장례식장,경기도 양주시 광적면 부흥로 887 (가납리),031-876-4449,3,6,0,식당·매점·주차장·유족대기실,사설(전문),
경기도,시흥시,시화병원장례식장,"경기도 시흥시 군자천로 381-1 (정왕동, 시화병원)",031-431-4444,7,12,1000,식당·주차장·유족대기실·장애인편의시설,사설(병원),
강원특별자치도,원주시,하늘원장례식장,강원도 원주시 흥업면 사제로 539 (사제리),033-763-4444,3,10,300,식당·매점·주차장·유족대기실,사설(전문),
경상남도,진주시,엠마우스병원 장례식장,경상남도 진주시 남강로 25 (평거동),055-745-4444,3,6,150,주차장·유족대기실,사설(병원),
강원특별자치도,강릉시,주문진장례식장,강원도 강릉시 주문진읍 연주로 448-5 (주문리),033-662-4440,2,4,50,주차장·유족대기실·장애인편의시설,사설(전문),
경기도,안산시,국화향기장례식장,경기도 안산시 상록구 구룡로 87 (일동),031-501-4646,4,6,300,주차장,사설(병원),
충청북도,제천시,제천노인병원장례식장,"충청북도 제천시 북부로13길 94 (천남동, 제천병원)",043-651-4444,2,4,100,식당·매점·주차장·유족대기실·장애인편의시설,사설(병원),
경기도,광주시,곤지암장례식장,경기도 광주시 곤지암읍 경충대로 811-22 (삼리),031-766-5544,3,8,200,식당·매점·주차장·유족대기실·장애인편의시설,사설(전문),
대구광역시,중구,경북대학교병원장례식장,"대구광역시 중구 동덕로 130 (삼덕동2가, 경북대학교병원)",053-200-6464,9,16,0,식당·매점·주차장·유족대기실,사설(병원),
경상남도,함안군,함안시민장례식장,경상남도 함안군 산인면 학산2길 17-50 (송정리),055-785-4444,3,6,150,식당·매점·주차장·유족대기실,사설(병원),
전북특별자치도,임실군,임실군보건의료원장례식장,전라북도 임실군 임실읍 호국로 1680 (이도리),063-644-3190,2,2,300,주차장·유족대기실·장애인편의시설,공설(병원),
경상남도,사천시,삼천포서울병원장례식장,경상남도 사천시 남일로 33 (동금동),055-835-9944,3,6,0,주차장,사설(병원),
전북특별자치도,순창군,순창군보건의료원장례식장,"전라북도 순창군 순창읍 교성로 135 (교성리, 순창군보건의료원)",063-650-5444,2,4,116,식당·주차장·유족대기실,공설(병원),
전라남도,광양시,광양백운장례식장,전라남도 광양시 광양읍 제철로26번길 19(목성리) (광양경찰서앞),061-761-0004,3,4,100,식당·매점·주차장·유족대기실·장애인편의시설,사설(전문),
서울특별시,강동구,강동성심병원장례식장,"서울특별시 강동구 진황도로 86 (길동, 강동성심병원복합시설)",02-470-1692,8,16,330,식당·매점·주차장·유족대기실·장애인편의시설,사설(병원),
전라남도,여수시,여수전남병원장례식장,"전라남도 여수시 광무1길 28-6 (광무동, 전남병원장례식장)",061-642-4444,4,6,84,식당·주차장·유족대기실·장애인편의시설,사설(병원),
경상북도,의성군,의성전문장례식장,"경상북도 의성군 의성읍 홍술로 89-49 (철파리, 의성장례식장)",054-832-4004,3,4,100,식당·매점·주차장,사설(전문),
대구광역시,수성구,한패밀리병원장례식장,대구광역시 수성구 동대구로 12 (지산동),053-760-8800,4,6,91,매점·주차장·유족대기실·장애인편의시설,사설(병원),
경기도,안산시,한도병원장례식장,경기도 안산시 단원구 선부광장로 103 (선부동),031-485-4422,5,10,0,식당·매점·주차장·유족대기실,사설(병원),
경상남도,김해시,김해복음병원장례식장,"경상남도 김해시 활천로 33,지하1층김해복음병원장례식장 (삼정동)",055-330-9999,4,4,120,식당·매점·주차장·유족대기실,사설(병원),
인천광역시,서구,인천연세병원장례식장,"인천광역시 서구 승학로 320지하장례식장 (연희동, 연세병원)",032-561-1024,2,8,50,식당·매점·주차장·유족대기실,사설(전문),
경기도,파주시,문산장례문화원장례식장,"경기도 파주시 문산읍 통일로 1677 (문산리, 문산장례문화원)",031-954-4444,5,8,200,식당·매점·주차장·유족대기실·장애인편의시설,사설(전문),
부산광역시,연제구,부산광역시의료원장례식장,"부산광역시 연제구 월드컵대로 359 (거제동, 부산의료원)",051-607-2990,10,22,512,식당·매점·주차장·유족대기실·장애인편의시설,공설(병원),
전라남도,광양시,동광양장례식장,전라남도 광양시 불로로 30-1 (성황동),061-795-7700,5,8,300,식당·매점·주차장·유족대기실·장애인편의시설,사설(전문),
서울특별시,강북구,대한병원장례식장,서울특별시 강북구 도봉로 301 (수유동),02-992-4444,5,8,50,식당·매점·주차장·유족대기실,사설(병원),
부산광역시,강서구,갑을녹산병원장례식장,"부산광역시 강서구 녹산산단321로 24-8 (송정동, 갑을녹산병원)",051-972-1024,3,4,200,식당·매점·주차장·유족대기실·장애인편의시설,사설(병원),
경기도,이천시,장호원장례식장,"경기도 이천시 장호원읍 샘재로145번길 41 (장호원리, 장호원성모요양병원)",031-641-2660,2,4,20,식당·매점·주차장·유족대기실·장애인편의시설,사설(병원),
경기도,성남시,분당제생병원장례식장,"경기도 성남시 분당구 서현로180번길 20 (서현동, 분당제생병원)",031-708-4444,7,12,0,식당·매점·주차장,사설(병원),
충청북도,괴산군,괴산성모병원장례식장,충청북도 괴산군 괴산읍 임꺽정로 116 (서부리),043-833-4411,2,6,150,식당·주차장·유족대기실,사설(병원),
전라남도,보성군,삼호병원장례식장,전라남도 보성군 벌교읍 남하로 12 (장좌리),061-858-4452,2,6,0,식당·주차장,사설(병원),
전북특별자치도,익산시,익산시한솔장례식장,전라북도 익산시 무왕로 1471-22 (팔봉동),063-838-7444,4,8,150,주차장,사설(전문),
세종특별자치시,세종특별자치시,세종연서농협장례식장,세종특별자치시   연서면 함박로 300 (국촌리),044-866-4444,4,6,0,주차장,사설(전문),
대구광역시,북구,문요양병원장례식장,대구광역시 북구 칠곡중앙대로 215 (태전동),053-323-4444,3,6,200,식당·주차장·유족대기실,사설(병원),
전라남도,진도군,진도군산림조합직영추모관장례식장,전라남도 진도군 진도읍 진도대로 7143-10 (쌍정리),061-543-4040,4,6,100,식당·매점·주차장,사설(전문),
전라남도,영광군,영광장례식장,전라남도 영광군 영광읍 영대로 238 (무령리),061-350-6000,4,4,200,식당·주차장·유족대기실,사설(전문),
경기도,안양시,안양장례식장,경기도 안양시 동안구 엘에스로144번길 190 (호계동),031-456-5555,10,14,500,식당·매점·주차장·유족대기실·장애인편의시설,사설(전문),
경기도,파주시,광탄현대병원장례식장,"경기도 파주시 광탄면 큰여울길 20-16 (신산리, 광탄병원)",031-947-8833,3,6,100,식당·매점·주차장·유족대기실·장애인편의시설,사설(병원),
전라남도,화순군,화순전남대학교병원장례식장,"전라남도 화순군 화순읍 서양로 322 (일심리, 화순전남대학교병원)",061-379-7444,5,10,0,식당·매점·주차장·유족대기실·장애인편의시설,사설(병원),
광주광역시,광산구,광주수완장례식장,광주광역시 광산구 수완로 6 (신가동),062-959-4444,7,8,500,식당·주차장·유족대기실,사설(전문),
서울특별시,강북구,서울좋은병원장례식장,서울특별시 강북구 도봉로 114 (미아동),02-984-5000,4,6,30,식당·주차장·유족대기실,사설(병원),
서울특별시,양천구,홍익병원장례식장,서울특별시 양천구 등촌로 22 (목동),02-2600-1444,5,8,100,식당·매점·주차장·유족대기실,사설(병원),
대구광역시,북구,북구한성병원장례식장,"대구광역시 북구 칠성남로30길 28,7층 (칠성동2가, 한성병원)",053-253-3444,3,6,100,매점·주차장·장애인편의시설,사설(병원),
대구광역시,북구,대구시민전문장례식장,대구광역시 북구 호국로 898 (동호동),053-324-4444,7,10,300,식당·주차장·유족대기실·장애인편의시설,사설(전문),
충청북도,괴산군,괴산동부장례식장,충청북도 괴산군 괴산읍 괴강로 144 (동부리),043-834-4040,4,6,200,식당·매점·주차장·유족대기실,사설(전문),
울산광역시,남구,좋은삼정병원장례식장,울산광역시 남구 북부순환도로 51 (무거동),052-220-7799,5,12,150,식당·매점·주차장·유족대기실·장애인편의시설,사설(병원),
대구광역시,중구,운경의료재단곽병원장례식장,"대구광역시 중구 국채보상로 531 (수동, 곽병원)",053-252-1023,2,4,0,식당·매점·주차장·유족대기실,사설(병원),
전라남도,강진군,강진군산림조합추모관장례식장,전라남도 강진군 강진읍 해강로 1437 (서성리),061-430-5444,3,4,100,식당·매점·주차장·유족대기실·장애인편의시설,사설(전문),
광주광역시,북구,그린장례문화원장례식장,광주광역시 북구 하서로663번길 97 (용전동),062-250-4455,13,16,509,식당·매점·주차장·유족대기실·장애인편의시설,사설(전문),
전라남도,강진군,마량장례식장,전라남도 강진군 마량면 청자로 2340 (마량리),061-434-1111,2,4,60,식당·주차장·유족대기실,사설(전문),
인천광역시,남동구,남동스카이장례식장,"인천광역시 남동구 앵고개로697번길 41 (고잔동, 남동스카이장례식장)",032-424-1900,10,16,200,식당·주차장·유족대기실·장애인편의시설,사설(전문),
광주광역시,광산구,하남성심병원장례식장,"광주광역시 광산구 용아로 259 (산정동, 하남성심병원)",062-954-4444,3,6,250,식당·매점·주차장·유족대기실,사설(병원),
서울특별시,중랑구,서울특별시 서울의료원 장례식장,서울특별시 중랑구 신내로 156후문 (장례식장),02-2276-7671,9,40,0,식당·매점·주차장·유족대기실·장애인편의시설,공설(병원),
경상북도,경주시,미루병원장례식장,경상북도 경주시 안강읍 화전북4길 8 (산대리),054-762-4404,3,6,80,식당·주차장·유족대기실,사설(병원),
부산광역시,금정구,행림병원 장례식장,"부산광역시 금정구 중앙대로 1905(행림병원장례식장) (구서동, 행림병원)",051-582-1024,2,4,100,식당·매점·주차장·유족대기실,사설(병원),
경기도,성남시,분당차병원장례식장,"경기도 성남시 분당구 야탑로 59 (야탑동, 분당차병원)",031-780-6170,4,10,100,주차장·유족대기실,사설(병원),
전라남도,나주시,나주애향장례식장,전라남도 나주시 청동길 147 (청동),061-334-9000,4,6,200,식당·주차장·유족대기실·장애인편의시설,사설(전문),
경상남도,남해군,창선공익장례식장,경상남도 남해군 창선면 동부대로 2437-15 (동대리),055-867-4141,3,6,50,식당·매점·주차장·유족대기실·장애인편의시설,공설(전문),
대구광역시,달서구,대구기독병원장례식장,대구광역시 달서구 달구벌대로 1750 (두류동),053-627-4447,2,3,0,식당·주차장·유족대기실·장애인편의시설,사설(병원),
광주광역시,동구,전남대학교병원장례식장,"광주광역시 동구 제봉로 42 (학동, 전남대학교병원)",062-220-5049,2,10,0,식당·매점·주차장·유족대기실·장애인편의시설,사설(병원),
경기도,의왕시,다사랑중앙병원장례식장,경기도 의왕시 등칙골1길 22 (오전동),031-427-4440,2,2,50,식당·매점·주차장,사설(병원),
경상남도,창원시 마산회원구,큰사랑요양병원장례식장,"경상남도 창원시 마산회원구 북성로 469 (두척동, 큰사랑요양병원)",055-231-5444,4,8,68,식당·매점·주차장·유족대기실·장애인편의시설,사설(병원),
인천광역시,강화군,비에스종합병원장례식장,"인천광역시 강화군 강화읍 충렬사로 31, 비에스종합병원 별관 (남산리)",032-216-4444,5,8,500,식당·매점·주차장·유족대기실·장애인편의시설,사설(병원),
부산광역시,중구,메리놀병원장례식장,부산광역시 중구 중구로 121 (대청동4가),051-465-1024,3,6,200,식당·매점·주차장·유족대기실,사설(병원),
경기도,고양시 일산동구,동국대학교일산장례식장,"경기도 고양시 일산동구 동국로 27 (식사동, 동국대학교일산병원)",031-961-9400,13,28,0,식당·매점·주차장·유족대기실·장애인편의시설,사설(병원),
경상북도,영주시,영주 국화원장례식장,경상북도 영주시 신재로 167 (상줄동),054-633-4441,5,6,200,식당·매점·주차장·유족대기실·장애인편의시설,사설(전문),
전라남도,해남군,해남종합병원장례식장,"전라남도 해남군 해남읍 해남로 45 (해리, 해남종합병원)",061-533-4444,4,6,200,식당·매점·주차장·유족대기실·장애인편의시설,사설(병원),
경상남도,창원시 진해구,창원시 진해구세명병원장례식장,경상남도 창원시 진해구 용원서로 42지하1층 (용원동),055-543-4064,2,4,0,주차장,사설(병원),
전북특별자치도,완주군,삼봉장례식장,전라북도 완주군 삼례읍 과학로 466 (신탁리),063-261-4445,4,6,150,식당·매점·주차장·유족대기실·장애인편의시설,사설(전문),
충청북도,충주시,탄금장례식장,충청북도 충주시 탄금대로 336 (칠금동),043-842-4444,5,5,200,식당·매점·주차장·유족대기실·장애인편의시설,사설(전문),
충청남도,당진시,합덕장례식장,"충청남도 당진시 합덕읍 합덕시장로 174-1,지하 (운산리, 서울병원)",041-363-0440,3,4,0,주차장·유족대기실,사설(병원),
울산광역시,중구,보람세민에스장례식장,울산광역시 중구 내황4길 11보람세민에스장례식장 (반구동),052-285-3905,5,8,124,식당·매점·주차장·유족대기실·장애인편의시설,사설(병원),
전라남도,담양군,새마을장례식장,전라남도 담양군 담양읍 죽향문화로 287 (만성리),061-383-4444,2,4,50,식당·주차장,사설(전문),
경기도,의정부시,경기도의료원 의정부병원장례식장,"경기도 의정부시 흥선로 142 (의정부동, 경기도의정부의료원)",031-828-5444,4,10,20,식당·매점·주차장·유족대기실,공설(병원),
전라남도,담양군,담양제일장례식장,전라남도 담양군 담양읍 추성로 1198 (양각리),061-382-1111,4,6,300,식당·매점·주차장·유족대기실·장애인편의시설,사설(전문),
경상남도,의령군,의령전문장례식장,경상남도 의령군 용덕면 의합대로 510 (정동리),055-574-4040,3,6,500,식당·매점·주차장·유족대기실·장애인편의시설,사설(전문),
서울특별시,서대문구,연세대학교 신촌장례식장,"서울특별시 서대문구 연세로 50-1 (신촌동, 연세의료원)",02-2227-7500,18,40,0,식당·매점·주차장·유족대기실·장애인편의시설,사설(병원),
전라남도,목포시,정다운 장례식장,전라남도 목포시 영산로 710-11 (석현동),061-287-9444,3,4,120,식당·매점·주차장·유족대기실·장애인편의시설,사설(병원),
경상남도,통영시,새통영병원장례식장,"경상남도 통영시 무전7길 192 (무전동, 새통영병원)",055-645-7300,4,6,200,식당·매점·주차장·장애인편의시설,사설(병원),
경기도,파주시,파주 한빛병원 장례식장,"경기도 파주시 탄현면 평화로574번길 17 (갈현리, 파주성모병원)",031-941-4444,4,6,150,식당·매점·주차장·유족대기실,사설(병원),
경상남도,양산시,신세계병원장례식장,경상남도 양산시 월라2길 45 (덕계동),055-367-4411,3,4,100,식당·주차장·유족대기실,사설(병원),
경기도,남양주시,남양주한양병원장례식장,"경기도 남양주시 오남읍 양지로 47-55 (오남리, 남양한양병원)",031-529-4440,5,12,200,식당·주차장·유족대기실·장애인편의시설,사설(병원),
경기도,오산시,오산한국병원장례식장,"경기도 오산시 밀머리로1번길 16 (원동, 오산한국병원)",031-375-7600,4,8,300,식당·매점·주차장·유족대기실·장애인편의시설,사설(병원),
전라남도,무안군,무안제일병원 무안장례식장,전라남도 무안군 무안읍 무안로 567-1 (성동리),061-454-9340,5,8,200,식당·매점·주차장·유족대기실,사설(전문),
대구광역시,북구,케이마디병원장례식장,대구광역시 북구 팔달로 217 (노원동2가),053-353-4442,2,4,150,식당·주차장·유족대기실·장애인편의시설,사설(병원),
경기도,수원시,아주대학병원장례식장,경기도 수원시 영통구 광교중앙로49번길 46 (원천동),031-219-6654,12,18,1000,식당·매점·주차장·유족대기실·장애인편의시설,사설(병원),
경기도,평택시,평택시농협연합장례식장,경기도 평택시 오성면 서동대로 2427-28 (안화리),031-684-6444,7,12,253,식당·주차장·유족대기실·장애인편의시설,사설(전문),
대구광역시,달서구,선진요양병원장례식장,대구광역시 달서구 월배로 446 (송현동),053-655-1110,4,6,80,식당·매점·주차장·유족대기실·장애인편의시설,사설(병원),
서울특별시,양천구,메디힐병원장례식장,서울특별시 양천구 남부순환로 331 (신월동),02-2601-7500,7,10,0,식당·매점·주차장·유족대기실·장애인편의시설,사설(병원),
강원특별자치도,삼척시,삼척의료원장례식장,강원도 삼척시 오십천로 418 (남양동),033-572-1141,6,8,30,식당·주차장·유족대기실,공설(병원),
경기도,연천군,전곡효사랑병원장례식장,경기도 연천군 전곡읍 평화로 525 (전곡리),031-832-4444,5,6,120,식당·매점·주차장·유족대기실·장애인편의시설,사설(병원),
서울특별시,중랑구,면목녹색병원 장례식장,"서울특별시 중랑구 사가정로49길 53장례식장 (면목동, 원진재단부설녹색병원)",02-493-4444,4,8,100,식당·매점·주차장·유족대기실·장애인편의시설,사설(병원),
충청북도,보은군,보은군금강장례식장,충청북도 보은군 보은읍 남부로 4693 (강산리),043-543-0002,3,4,90,주차장·유족대기실,사설(전문),
경상북도,경주시,동국대학교경주병원장례식장,경상북도 경주시 동대로 87 (석장동),054-770-8333,5,10,640,식당·매점·주차장·유족대기실·장애인편의시설,사설(병원),
전북특별자치도,군산시,월명장례식장,전라북도 군산시 미룡갈마길 75 (신관동),063-468-4851,4,10,50,주차장·유족대기실,사설(전문),
전라남도,해남군,우수영장례식장,"전라남도 해남군 문내면 관광레저로 534-5, 우수영장례식장",061-535-4440,3,4,150,식당·매점·주차장·유족대기실·장애인편의시설,사설(전문),
부산광역시,금정구,강산병원장례식장,부산광역시 금정구 공단로 7강산병원장례식장 (금사동),051-532-9119,3,4,50,식당·매점·주차장·유족대기실·장애인편의시설,사설(병원),
전북특별자치도,전주시 덕진구,전주시 덕진구현대장례식장,전라북도 전주시 덕진구 초포다리로 64 (호성동1가),063-275-4444,4,4,200,주차장·장애인편의시설,사설(전문),
전라남도,곡성군,곡성섬진장례식장,전라남도 곡성군 곡성읍 곡성로 935 (읍내리),061-362-9200,3,4,0,주차장,사설(전문),
부산광역시,동래구,동래봉생병원장례식장,"부산광역시 동래구 충렬대로348번길 23 (낙민동, 설봉빌딩)",051-531-7100,8,10,0,식당·매점·주차장·장애인편의시설,사설(병원),
충청남도,아산시,온양장례식장,충청남도 아산시 곡교천로 171 (온천동),041-547-4444,6,8,120,식당·주차장·유족대기실·장애인편의시설,사설(전문),
경기도,안성시,동일죽장례식장,"경기도 안성시 일죽면 서동대로 7866 (당촌리, 동일죽장례식장)",031-674-4446,3,4,90,주차장·유족대기실·장애인편의시설,사설(전문),
충청북도,증평군,증평대한장례식장,충청북도 증평군 증평읍 인삼로 323 (미암리),043-836-7002,4,8,150,식당·매점·주차장·유족대기실·장애인편의시설,사설(전문),
충청북도,제천시,제천제일장례식장,충청북도 제천시 내토로10길 21 (천남동),043-645-4114,6,10,500,식당·매점·주차장·유족대기실·장애인편의시설,사설(전문),
부산광역시,사하구,자연병원장례식장,부산광역시 사하구 장평로 1 (장림동),051-262-1023,3,8,150,식당·매점·주차장·유족대기실,사설(병원),
서울특별시,강서구,강서개화장례식장,서울특별시 강서구 양천로 35 (방화동),02-2661-4444,4,6,100,식당·매점·주차장·유족대기실,사설(병원),
서울특별시,동대문구,삼육서울병원 추모관장례식장,서울특별시 동대문구 망우로 82 (휘경동),02-2215-4444,13,20,0,매점·주차장,사설(병원),
경상남도,하동군,새진교장례식장,경상남도 하동군 진교면 경충로 1155 (진교리),055-884-8224,3,3,60,식당·매점·주차장·유족대기실·장애인편의시설,사설(전문),
경기도,동두천시,이담장례식장,"경기도 동두천시 삼육사로 747, 이담장례식장 (상패동, 아시엘요양병원)",031-866-7300,6,8,300,식당·매점·주차장·유족대기실·장애인편의시설,사설(전문),
경상북도,영천시,효사랑요양병원장례식장,"경상북도 영천시 금호읍 금호로 484 (신월리, 효사랑요양병원)",054-337-4044,3,4,100,식당·매점·주차장·유족대기실·장애인편의시설,사설(병원),
경기도,포천시,금강산장례문화원장례식장,경기도 포천시 일동면 금강로 4641 (수입리),031-534-4442,4,6,150,식당·매점·주차장·유족대기실·장애인편의시설,사설(전문),
전북특별자치도,전주시 완산구,효사랑장례문화원장례식장,"전라북도 전주시 완산구 용머리로 77 (효자동1가, 효사랑가족요양병원)",063-250-4444,5,8,350,식당·매점·주차장·유족대기실·장애인편의시설,사설(병원),
경기도,화성시,화성중앙종합병원장례식장,"경기도 화성시 향남읍 발안로 5 (평리, 화성중앙병원)",031-352-4483,3,8,150,식당·매점·주차장·유족대기실·장애인편의시설,사설(병원),
전북특별자치도,정읍시,신태인장례식장,전라북도 정읍시 신태인읍 신태인공단길 16 (백산리),063-571-6300,4,4,150,식당·매점·주차장·유족대기실·장애인편의시설,사설(전문),
광주광역시,서구,천지문화원장례식장,광주광역시 서구 풍서좌로 173-1 (매월동),062-527-1000,12,18,500,식당·주차장·유족대기실·장애인편의시설,사설(전문),
충청북도,증평군,의증평휴장례식장,충청북도 증평군 증평읍 중앙로 114지하1층 (초중리),043-838-6663,3,6,80,식당·매점·주차장·유족대기실·장애인편의시설,사설(병원),
인천광역시,중구,인천기독병원장례식장,"인천광역시 중구 답동로30번길 10 (율목동, 인천기독병원)",032-765-4440,3,6,120,식당·매점·주차장·유족대기실·장애인편의시설,사설(병원),
경상북도,경산시,삼성병원장례식장,"경상북도 경산시 하양읍 대경로 795 (동서리, 하양삼성병원)",053-854-4444,2,4,30,식당·매점·주차장·유족대기실,사설(병원),
경상남도,진주시,한빛장례식장,경상남도 진주시 대신로 120(상평동),055-756-0300,4,10,300,식당·주차장·유족대기실·장애인편의시설,사설(전문),
경상남도,김해시,녹십자요양병원장례식장,경상남도 김해시 호계로 416 녹십자요양병원 (부원동),055-338-3501,2,4,30,식당·매점·주차장·유족대기실,사설(병원),
인천광역시,연수구,더연수장례식장,인천광역시 연수구 벚꽃로 122 (연수동),032-819-1024,5,8,300,식당·매점·주차장·유족대기실,사설(전문),
충청북도,청주시 청원구,청주성모병원 장례식장,충청북도 청주시 청원구 주성로 173-19 (주중동),043-210-5444,8,14,900,식당·매점·주차장·유족대기실·장애인편의시설,사설(전문),
경상북도,영주시,대영장례식장,경상북도 영주시 봉화로 89 (상망동),054-634-4441,2,4,30,주차장·유족대기실·장애인편의시설,사설(전문),
경상북도,안동시,안동병원장례식장,경상북도 안동시 앙실로 11 (수상동),054-840-0030,9,12,0,식당·매점·주차장·유족대기실,사설(병원),
전라남도,목포시,목포시한국병원장례식장,전라남도 목포시 영산로 483 (상동),061-270-5440,2,6,0,식당·매점·주차장·유족대기실·장애인편의시설,사설(병원),
대구광역시,수성구,황금요양병원 장례식장,대구광역시 수성구 수성로 216.2층 (2층),053-745-4444,3,6,100,식당·주차장·유족대기실·장애인편의시설,사설(병원),
경상북도,구미시,순천향장례식장,"경상북도 구미시 1공단로 179 (공단동, 구미순천향병원)",054-464-4444,4,8,300,식당·주차장·유족대기실,사설(병원),
대구광역시,북구,첨단요양병원장례식장,"대구광역시 북구 대현로 19 (대현동,대현첨단병원)",053-669-1004,2,4,80,주차장·유족대기실,사설(병원),
경상남도,진주시,진주장례식장,경상남도 진주시 남강로 1721 (초전동),055-759-4141,5,12,100,주차장·유족대기실,사설(전문),
전라남도,곡성군,곡성장례식장,전라남도 곡성군 곡성읍 중앙로 26-8 (죽동리),061-362-7575,3,6,100,식당·주차장·유족대기실,사설(전문),
충청남도,천안시 동남구,천안의료원장례식장,충청남도 천안시 동남구 충절로 537 (삼룡동),041-570-7099,6,10,240,식당·매점·주차장·유족대기실·장애인편의시설,공설(병원),
제주특별자치도,제주시,그랜드부민장례식장,제주특별자치도 제주시 연북로 378 (도남동),064-742-5000,9,28,2000,식당·매점·주차장·유족대기실·장애인편의시설,사설(전문),
부산광역시,서구,동아대학교병원장례식장,"부산광역시 서구 대신공원로 26 (동대신동3가, 동아대학교병원)",051-256-7070,6,16,0,식당·매점·주차장·유족대기실·장애인편의시설,사설(병원),
경상북도,경산시,자인전문장례식장,경상북도 경산시 자인면 설총로 820 (동부리),053-851-1024,4,6,80,식당·매점·주차장·유족대기실·장애인편의시설,사설(전문),
경상남도,창원시 의창구,동창원장례식장,"경상남도 창원시 의창구 동읍 의창대로 870-5  지하1층 (용잠리, 동창원요양병원)",055-299-4005,0,4,40,,사설(병원),
서울특별시,은평구,청구성심병원장례식장,"서울특별시 은평구 통일로 873 (갈현동, 청구성심병원)",02-352-4445,4,6,60,식당·매점·주차장·유족대기실·장애인편의시설,사설(병원),
강원특별자치도,원주시,서원 바른장례식장,강원도 원주시 판부면 치악로 1133 (금대리),033-735-4444,5,8,100,식당·매점·주차장·유족대기실·장애인편의시설,사설(병원),
광주광역시,광산구,스카이장례식장,광주광역시 광산구 북문대로 603 (수완동),062-951-1004,9,12,1000,식당·매점·주차장·유족대기실·장애인편의시설,사설(전문),
강원특별자치도,평창군,진부장례식장,강원도 평창군 진부면 오대천로 1958-21 (하진부리),033-339-9035,3,6,20,식당·주차장·유족대기실,공설(전문),
경기도,김포시,쉴낙원 김포장례식장,"경기도 김포시 승가로58번길 7 (풍무동, 김포쉴낙원)",031-449-1009,8,12,180,식당·주차장·유족대기실,사설(전문),
전북특별자치도,남원시,남원장례식장,전라북도 남원시 충정로 265-7 (월락동),063-635-4444,5,6,200,주차장·유족대기실·장애인편의시설,사설(전문),
경상남도,양산시,양산장례식장,"경상남도 양산시 동면 남양산길 73, 양산장례식장",055-366-4440,9,12,200,식당·매점·주차장·유족대기실·장애인편의시설,사설(전문),
경기도,김포시,김포시우리병원장례식장,경기도 김포시 감암로 11 (걸포동),031-999-1444,5,12,100,식당·매점·주차장·유족대기실·장애인편의시설,사설(병원),
경상남도,남해군,남해병원장례식장,경상남도 남해군 남해읍 화전로 175 (아산리),055-863-5444,5,8,0,식당·매점·주차장·유족대기실,사설(병원),
충청북도,제천시,명지병원장례식장,"충청북도 제천시 내토로 993, 제천명지병원장례식장 (고암동)",043-651-4440,4,8,200,식당·매점·주차장·유족대기실,사설(병원),
충청남도,청양군,정산미당장례식장,충청남도 청양군 장평면 충의로 797 (미당리),041-942-4447,0,0,0,식당·주차장·유족대기실·장애인편의시설,사설(전문),
경상남도,거창군,거창장례식장,경상남도 거창군 거창읍 장팔길 159-15 (장팔리),055-944-4444,4,10,70,식당·주차장,사설(전문),
경상남도,함양군,함양제일장례식장,경상남도 함양군 함양읍 고운로 476-19 (백천리),055-962-4002,5,6,100,식당·주차장·유족대기실·장애인편의시설,사설(전문),
경상북도,포항시 북구,포항시 북구시티병원장례식장,"경상북도 포항시 북구 장량로31번길 56 (장성동, 시티병원)",054-231-4444,4,6,0,,사설(병원),
경상북도,영주시,명품병원장례문화원장례식장,경상북도 영주시 반지미로 260 (가흥동),054-634-1444,5,6,350,매점·주차장·유족대기실,사설(병원),
경기도,안양시,한림대성심병원장례식장,"경기도 안양시 동안구 관평로170번길 22 (평촌동, 한림대성심병원)",031-382-5004,6,10,0,매점·주차장·유족대기실·장애인편의시설,사설(병원),
경상남도,양산시,쉴낙원양산시민장례식장,경상남도 양산시 상북면 와곡1길 26 (소토리),055-381-4444,8,10,150,식당·매점·주차장·유족대기실·장애인편의시설,사설(전문),
충청북도,청주시 청원구,초정장례식장,충청북도 청주시 청원구 내수읍 우산길 93 (우산리),043-213-0030,5,6,200,식당·매점·주차장·유족대기실·장애인편의시설,사설(전문),
대전광역시,중구,평화원 장례식장,대전광역시 중구 대전천서로 745 (중촌동),042-531-4444,7,18,400,식당·매점·주차장·유족대기실·장애인편의시설,사설(병원),
전라남도,영광군,영광농협장례식장,전라남도 영광군 영광읍 영대로 213 (월평리),061-353-0444,3,6,300,식당·주차장·유족대기실·장애인편의시설,사설(전문),
서울특별시,금천구,나눔길사회적협동조합장례식장,"서울특별시 금천구 가산디지털2로 165 (가산동, 백상스타타워2차)",02-852-6119,0,0,0,,사설,
충청북도,증평군,증평장례문화원장례식장,충청북도 증평군 증평읍 하평로 55-27 (미암리),043-838-9936,7,8,0,식당·매점·주차장·유족대기실·장애인편의시설,사설(전문),
경상북도,경주시,경주전문장례식장,경상북도 경주시 유림로97번길 45 (황성동),054-744-4000,10,12,150,주차장,사설(전문),
경상남도,창원시 마산회원구,정다운병원장례식장,경상남도 창원시 마산회원구 봉양로 160 (봉암동),055-244-4444,4,6,0,매점·주차장·유족대기실,사설(병원),
서울특별시,영등포구,성애장례식장,"서울특별시 영등포구 여의대방로53길 22 (신길동, 성애병원)",02-844-4444,4,8,300,매점·주차장·유족대기실·장애인편의시설,사설(병원),
전북특별자치도,무주군,무주군보건의료원장례식장,"전라북도 무주군 무주읍 한풍루로 413 (당산리, 무주군보건의료원)",063-320-8337,3,6,100,주차장·유족대기실,공설(병원),
전북특별자치도,고창군,새고창장례식장,전라북도 고창군 고창읍 고인돌대로 1763 (읍내리),063-563-1001,4,6,100,식당·주차장·유족대기실·장애인편의시설,사설(전문),
대전광역시,서구,대청병원 장례식장,"대전광역시 서구 계백로 1322 (정림동, 대청병원)",042-587-4442,6,8,100,주차장,사설(병원),
전라남도,영광군,옥당장례식장,전라남도 영광군 영광읍 천년로 1371-20 (신하리),061-352-4401,2,4,250,식당·주차장·유족대기실,사설(전문),
전라남도,무안군,무안초당병원장례식장,"전라남도 무안군 무안읍 성남1길 97-2 (성남리, 동남호텔예식장)",061-454-4040,3,4,150,식당·주차장·유족대기실·장애인편의시설,사설(병원),
강원특별자치도,양양군,양양장례문화원장례식장,강원특별자치도 양양군 양양읍 양양로 9-1 (연창리),033-671-0404,3,6,20,주차장·유족대기실,사설(전문),
부산광역시,수영구,남천장례식장,부산광역시 수영구 수영로 456 (남천동),051-626-4003,3,4,100,식당·매점·주차장·유족대기실,사설(병원),
대구광역시,달성군,현대S라이프 연세병원장례식장,대구광역시 달성군 화원읍 비슬로 2525 (성산리),053-644-1919,3,6,70,매점·주차장·유족대기실·장애인편의시설,사설(병원),
서울특별시,구로구,쉴낙원 서울제중장례식장,"서울특별시 구로구 새말로 60 (구로동, 제중요양병원)",02-1480-7121,6,12,0,식당·매점·주차장·유족대기실·장애인편의시설,사설(병원),
전북특별자치도,김제시,김제우석병원장례식장,전라북도 김제시 서암4길 45 (서암동),063-543-4484,3,6,100,식당·매점·주차장·유족대기실·장애인편의시설,사설(병원),
부산광역시,수영구,비케이더블유 좋은강안병원지점장례식장,부산광역시 수영구 수영로 493 (남천동),051-610-9009,7,10,205,식당·매점·주차장·유족대기실·장애인편의시설,사설(병원),
충청남도,논산시,쉴낙원 논산장례식장,충청남도 논산시 부적면 부황리 139-21,041-733-4444,5,10,100,식당·매점·주차장·유족대기실·장애인편의시설,사설(전문),
부산광역시,사상구,부산보훈병원장례식장,"부산광역시 사상구 백양대로 420 (주례동, 부산보훈병원)",051-601-6785,9,14,0,식당·매점·주차장·유족대기실,사설(병원),
충청남도,예산군,예산장례식장,충청남도 예산군 오가면 오가중앙로 81-17 (역탑리),041-334-4441,4,8,250,식당·매점·주차장·유족대기실,사설(전문),
경상북도,청도군,청도전문장례식장,경상북도 청도군 청도읍 새마을로 1405(송읍리),054-371-5544,3,4,100,식당·매점·주차장·유족대기실·장애인편의시설,사설(전문),
전북특별자치도,익산시,함열장례식장,전라북도 익산시 함열읍 정동1길 6-9 (와리),063-862-4444,4,6,0,,사설(전문),
대전광역시,동구,동부요양병원 장례식장,대전광역시 동구 동부로 150 (용운동),042-368-4000,5,6,120,식당·매점·주차장·유족대기실·장애인편의시설,사설(병원),
인천광역시,미추홀구,미추홀구금강장례식장,"인천광역시 미추홀구 인주대로 452 (주안동, 금강요양병원,새한장례식장)",032-432-4444,6,10,60,매점·주차장·유족대기실·장애인편의시설,사설(병원),
경상북도,영주시,성누가병원장례식장,경상북도 영주시 구성로 321-12 (영주동),054-635-4444,3,4,0,식당·주차장·유족대기실,사설(병원),
인천광역시,부평구,에스엘 부평지점 세림병원 장례식장,"인천광역시 부평구 부평대로 175 (청천동, 부평세림병원)",032-523-8844,7,12,70,식당·매점·주차장·유족대기실,사설(병원),
경기도,의정부시,의정부을지대학교병원장례식장,"경기도 의정부시 동일로 712,평온관 (금오동, 을지대학교의정부캠퍼스및부속병원)",031-951-7444,11,29,0,식당·매점·주차장·유족대기실,사설(병원),
경기도,안산시,코스모스제일장례식장,경기도 안산시 상록구 수인로 1222 (일동),031-406-2000,9,8,300,식당·매점·주차장·유족대기실·장애인편의시설,사설(전문),
울산광역시,동구,울산대학교병원장례식장,"울산광역시 동구 대학병원로 32 (전하동, 울산대학교병원)",052-250-8444,5,12,420,식당·매점·주차장·장애인편의시설,사설(병원),
전라남도,강진군,강진영락장례식장,전라남도 강진군 강진읍 보은로 200 (동성리),061-433-3950,2,4,300,식당·매점·주차장·유족대기실·장애인편의시설,사설(전문),
전라남도,여수시,여수장례식장,전라남도 여수시 신월로 435 (신월동),061-688-4444,7,8,300,식당·매점·주차장·유족대기실,사설(전문),
대전광역시,중구,대전선병원장례식장,대전광역시 중구 목중로 29 (목동),042-253-4445,3,7,300,식당·매점·주차장·유족대기실,사설(병원),
전북특별자치도,완주군,봉동호스피스장례식장,전라북도 완주군 용진읍 완주로 807 (신지리),063-261-4444,5,6,200,매점·주차장·유족대기실,사설(전문),
강원특별자치도,정선군,정선병원장례식장,강원특별자치도 정선군 정선읍 봉양1길 145 (봉양리),033-562-4444,2,4,0,식당·주차장·유족대기실·장애인편의시설,사설(병원),
경상남도,진주시,진주중앙장례식장,경상남도 진주시 촉석로 178 (중안동),055-745-8000,6,18,200,식당·매점·주차장·유족대기실·장애인편의시설,사설(전문),
경상북도,고령군,고령전문장례식장,경상북도 고령군 쌍림면 대가야로 947 (고곡리),054-956-4444,2,4,120,식당·매점·주차장·유족대기실·장애인편의시설,사설(전문),
강원특별자치도,횡성군,횡성장례문화센터장례식장,"강원특별자치도 횡성군 횡성읍 학오로 56 (학곡리, 횡성군학곡1리장례식장)",033-344-4449,4,3,165,식당·주차장·유족대기실·장애인편의시설,사설(전문),
경기도,양평군,양평 갈월장례식장,경기도 양평군 양평읍 충신로324번길 64 (창대리),031-774-6066,3,6,100,식당·주차장·유족대기실·장애인편의시설,사설(전문),
인천광역시,중구,예지장례식장,"인천광역시 중구 개항로 82.2층예지장례식장 (경동, 예지요양병원)",032-766-6444,3,8,100,식당·매점·주차장·유족대기실,사설(병원),
경상북도,의성군,성제장례식장,"경상북도 의성군 안계면 안계길 200 (용기리, 성제병원)",054-861-4441,2,2,0,주차장,사설(병원),
대구광역시,동구,대구전문장례식장,대구광역시 동구 금호강변로 71 (용계동),053-961-4444,14,16,0,식당·매점·주차장·장애인편의시설,사설(전문),
부산광역시,부산진구,춘해병원장례식장,부산광역시 부산진구 중앙대로 605 (범천동),051-638-0044,1,4,50,식당·주차장·유족대기실,사설(병원),
부산광역시,금정구,동래한서병원장례식장,부산광역시 금정구 중앙대로 1721 (부곡동),051-582-1041,5,6,150,식당·매점·주차장·유족대기실,사설(병원),
경상북도,김천시,김천요양병원장례식장,경상북도 김천시 모암길 3 (용두동),054-433-4446,3,3,40,식당·매점·주차장·유족대기실,사설(병원),
경기도,김포시,뉴고려병원장례식장,경기도 김포시 김포한강3로 283 (장기동),031-998-4415,5,6,200,식당·매점·주차장·유족대기실·장애인편의시설,사설(병원),
전북특별자치도,군산시,시민장례문화원장례식장,"전북특별자치도 군산시 잠두1길 49,시민장례문화원 (구암동)",063-453-4444,6,8,150,식당·주차장·유족대기실·장애인편의시설,사설(전문),
울산광역시,중구,소다미 동강병원장례식장,"울산광역시 중구 태화로 240지하1,2층 (태화동, 동강병원남관)",052-241-1440,5,10,530,식당·매점·주차장·유족대기실·장애인편의시설,사설(병원),
경상남도,진주시,진주시제일병원장례식장,"경상남도 진주시 진주대로 885 (강남동, 제일병원)",055-750-7100,4,8,0,식당·매점·주차장·유족대기실·장애인편의시설,사설(병원),
경기도,가평군,가평연새장례식장,경기도 가평군 청평면 경춘로 1219 (상천리),031-585-6700,4,8,100,식당·매점·주차장·유족대기실,사설(전문),
전라남도,고흥군,고흥봉황장례식장,전라남도 고흥군 고흥읍 신호산장길 3 (호형리),061-833-4442,3,4,50,식당·주차장·유족대기실,사설(전문),
경기도,화성시,화성함백산장례식장,경기도 화성시 매송면 서해로 2448-32 (숙곡리),031-293-4244,8,18,300,식당·매점·주차장·유족대기실·장애인편의시설,공설(전문),
서울특별시,동대문구,서울특별시 동부병원 장례식장,"서울특별시 동대문구 무학로 124 (용두동, 시립동부병원)",02-920-9445,5,10,157,주차장·유족대기실·장애인편의시설,공설(병원),
대전광역시,동구,쉴낙원 남대전장례식장,대전광역시 동구 산서로1660번길 142 (대별동),042-285-4004,10,10,300,식당·매점·주차장·유족대기실,사설(전문),
경기도,동두천시,동두천장례식장,경기도 동두천시 평화로 2972 (상봉암동),031-861-0044,2,4,45,식당·주차장·유족대기실·장애인편의시설,사설(전문),
전북특별자치도,진안군,진안군의료원장례식장,전라북도 진안군 진안읍 진무로 1145 (군상리),063-430-7070,3,6,111,식당·매점·주차장·유족대기실·장애인편의시설,공설(병원),
충청남도,보령시,남포보령장례식장,충청남도 보령시 남포면 보령남로 391 (옥동리),041-932-0505,4,6,100,식당·매점·주차장·유족대기실,사설(전문),
전북특별자치도,부안군,부안효병원장례식장,전라북도 부안군 행안면 염소로 25 (역리),063-582-3939,4,4,150,식당·매점·주차장·유족대기실·장애인편의시설,사설(병원),
충청남도,논산시,강경장례식장,충청남도 논산시 강경읍 여강로 1293 (채산리),041-745-4401,7,8,0,식당·매점·주차장,사설(전문),
부산광역시,사상구,비이케이더블유 좋은삼선병원지점장례식장,"부산광역시 사상구 가야대로 326 (주례동, 좋은삼선병원)",051-310-9292,5,6,0,식당·매점·주차장·유족대기실·장애인편의시설,사설(병원),
경상북도,포항시 남구,교원예움 포항국화원장례식장,경상북도 포항시 남구 희망대로 644 (대잠동),054-272-4444,9,12,109,식당·매점·주차장·유족대기실·장애인편의시설,사설(전문),
부산광역시,사하구,서부산시민장례식장,부산광역시 사하구 장림번영로 59 (장림동),051-264-0444,4,4,150,식당·주차장·유족대기실,사설(전문),
충청북도,증평군,증평현대장례식장,충청북도 증평군 증평읍 중부로 2465 (송산리),043-838-0003,3,4,150,주차장·유족대기실·장애인편의시설,사설(전문),
충청남도,당진시,신평장례식장,충청남도 당진시 신평면 말목길 22-33 (금천리),041-363-4446,3,6,100,식당·매점·주차장·유족대기실·장애인편의시설,사설(전문),
경기도,화성시,화성유일병원장례식장,경기도 화성시 남양읍 남양로920번길 6 (북양리),031-355-4744,4,6,150,식당,사설(병원),
전북특별자치도,정읍시,유림장례식장,"전라북도 정읍시 명덕로 54 (연지동, 유림웨딩홀)",063-534-4444,5,8,200,식당·주차장·유족대기실·장애인편의시설,사설(전문),
경상남도,밀양시,밀양농협장례식장,경상남도 밀양시 북성로7길 66 (내일동),055-355-8525,4,8,30,주차장·장애인편의시설,사설(전문),
대전광역시,서구,대전장례식장,대전광역시 서구 갑천도시고속도로 1895 (월평동),042-522-4444,4,10,0,매점·주차장·유족대기실,사설(전문),
경상북도,영천시,영천참좋은요양병원장례식장,경상북도 영천시 망정1길 32 (망정동),054-338-1024,3,4,0,주차장·유족대기실,사설(병원),
경상북도,경산시,양지요양병원장례식장,경상북도 경산시 경산로 174 (옥산동 793),053-817-9444,4,6,70,식당·주차장·유족대기실,사설(병원),
경상남도,김해시,진영전문장례식장,경상남도 김해시 진영읍 서부로 47 (설창리),055-345-9444,4,6,150,식당·매점·주차장·유족대기실·장애인편의시설,사설(전문),
경상남도,양산시,양산서울요양병원장례식장,"경상남도 양산시 삼성7길 11-14,양산서울요양병원장례식장 (북정동)",055-381-4144,4,8,0,식당·매점·주차장·유족대기실,사설(병원),
전라남도,완도군,노화장례문화센터장례식장,전라남도 완도군 노화읍 노화로 789 (이포리),02-554-0444,0,2,50,식당·매점·주차장·유족대기실·장애인편의시설,사설(전문),
경기도,안양시,샘안양병원장례식장,"경기도 안양시 만안구 삼덕로 9,613-8 (안양동, 안양샘병원)",031-467-9114,6,11,0,식당·매점·주차장·유족대기실,사설(병원),
전북특별자치도,정읍시,정읍아산병원장례식장,전라북도 정읍시 충정로 606-22 (용계동),063-530-6644,5,12,0,식당·매점·주차장·유족대기실·장애인편의시설,사설(병원),
충청북도,청주시 서원구,충북대학교병원장례식장,"충청북도 청주시 서원구 1순환로 776 (개신동, 충북대학교병원)",043-269-6969,5,12,0,식당·매점·주차장·유족대기실·장애인편의시설,사설(병원),
경기도,안산시,한사랑병원장례문화센타장례식장,경기도 안산시 상록구 광덕1로 345 (이동),031-439-4444,4,6,150,식당·매점·주차장·유족대기실·장애인편의시설,사설(병원),
전라남도,보성군,보성장례식장,전라남도 보성군 보성읍 송재로 289 (보성리),061-853-4404,4,4,70,식당·주차장·유족대기실,사설(전문),
경상북도,구미시,남구미요양병원장례식장,경상북도 구미시 금오대로 378 (오태동),054-716-0044,3,6,200,주차장,사설(병원),
제주특별자치도,제주시,제주그린장례식장,제주특별자치도 제주시 조천읍 함덕남2길 19-10 (함덕리),064-784-4114,2,4,70,식당·주차장·유족대기실·장애인편의시설,사설(전문),
경상남도,창녕군,창녕전문장례식장,경상남도 창녕군 창녕읍 창녕대로 120 (탐하리),055-532-4445,4,6,100,주차장·유족대기실·장애인편의시설,사설(전문),
경상남도,진주시,센텀장례식장,경상남도 진주시 진주대로941번길 8 (강남동),055-795-2800,7,10,100,식당·매점·주차장·유족대기실·장애인편의시설,사설(병원),
경기도,가평군,가평군농협효문화센터장례식장,경기도 가평군 가평읍 경춘로 1775 (상색리),031-581-4442,4,8,200,식당·주차장·유족대기실·장애인편의시설,사설(전문),
경기도,용인시,용인평온의숲 장례식장,"경기도 용인시 처인구 이동면 평온의숲로 77 (어비리, 용인평온의숲)",031-329-5959,12,14,0,식당·매점·주차장·유족대기실·장애인편의시설,공설(전문),
전라남도,목포시,목포하당장례식장,전라남도 목포시 백년대로231번길 13-1 (상동),061-272-4444,8,8,100,식당·매점·주차장·유족대기실·장애인편의시설,사설(전문),
울산광역시,남구,남구중앙병원장례식장,"울산광역시 남구 문수로480번길 10 (신정동, 중앙병원)",052-260-1006,4,6,200,식당·매점·주차장·유족대기실·장애인편의시설,사설(병원),
광주광역시,서구,한국효려장례식장,광주광역시 서구 월드컵4강로 223 (쌍촌동),062-380-3444,4,8,200,식당·주차장·유족대기실·장애인편의시설,사설(병원),
부산광역시,금정구,부산영락공원장례식장,"부산광역시 금정구 금정도서관로 108 (두구동, 영락공원)",051-790-5000,10,18,118,식당·매점·주차장·유족대기실·장애인편의시설,공설(전문),
경기도,광주시,SRC장례식장,경기도 광주시 초월읍 경수길 25 (지월리),031-760-3644,5,8,90,식당·매점·주차장·유족대기실,사설(전문),
경기도,양평군,별그리다장례식장,"경기도 양평군 양동면 양동금곡1길 331 (삼산리, 양평공원묘원)",031-333-1111,1,1,359,식당·주차장·유족대기실·장애인편의시설,사설(전문),
경상남도,거제시,백병원대명아임레디장례식장,"경상남도 거제시 계룡로5길 14 (상동동, 거붕백병원)",055-636-3112,11,20,300,식당·매점·주차장·유족대기실·장애인편의시설,사설(병원),
광주광역시,동구,조선대학교병원장례식장,광주광역시 동구 필문대로 365 (서석동),062-220-3352,5,16,300,식당·주차장·유족대기실·장애인편의시설,사설(병원),
경상남도,사천시,에스엠 상조온요양병원장례식장,"경상남도 사천시 사천읍 구암두문로 154-28 (구암리, 온요양병원)",055-853-5557,3,6,30,,사설(전문),
전라남도,목포시,세안종합병원장례식장,전라남도 목포시 고하대로 795-2 (연산동),061-276-4444,3,4,100,식당·매점·주차장·유족대기실,사설(병원),
경기도,화성시,원광종합병원장례식장,경기도 화성시 화산북로 21 (송산동),031-226-4444,5,8,80,식당·주차장·유족대기실·장애인편의시설,사설(병원),
경상남도,창원시 진해구,세광병원장례식장,"경상남도 창원시 진해구 중원동로 55-1 (중앙동, 진해세광병원)",055-545-4447,4,6,40,식당·매점·주차장·유족대기실·장애인편의시설,사설(병원),
경기도,포천시,관인농협장례식장,경기도 포천시 관인면 창동로 1875 (탄동리),031-533-9086,2,4,100,주차장·유족대기실·장애인편의시설,사설(전문),
경상북도,포항시 북구,경상북도포항의료원 장례식장,"경상북도 포항시 북구 용흥로 36 (용흥동, 포항의료원)",054-245-0444,8,14,250,식당·매점·주차장·유족대기실·장애인편의시설,공설(병원),
경기도,남양주시,남양주혜성병원장례식장,"경기도 남양주시 경춘로1308번길 4,B1층 (평내동)",031-594-4442,4,6,90,식당·매점·주차장·유족대기실·장애인편의시설,사설(병원),
강원특별자치도,홍천군,쉴낙원 홍천장례문화원장례식장,강원도 홍천군 홍천읍 설악로 2374 (와동리),033-434-7788,4,6,120,주차장·유족대기실,사설(전문),
전라남도,목포시,목포시삼성장례식장,전라남도 목포시 삼학로 32 (호남동),061-244-2266,5,8,100,식당·매점·주차장·유족대기실·장애인편의시설,사설(전문),
경상북도,김천시,김천제일병원장례식장,경상북도 김천시 신음1길 12 (신음동),054-433-9444,5,8,0,식당·매점·주차장·유족대기실,사설(병원),
경기도,의정부시,의정부시민장례식장,"경기도 의정부시 호국로 1342.9,10층 (의정부동, 의정부요양병원)",031-840-4444,5,8,70,식당·매점·주차장·유족대기실·장애인편의시설,사설(전문),
서울특별시,송파구,경찰병원장례식장,"서울특별시 송파구 송이로 123 (가락동, 국립경찰병원)",02-431-4400,7,12,130,식당·매점·주차장·유족대기실,공설(병원),
전라남도,영암군,영암장례식장,"전라남도 영암군 영암읍 낭주로 49-1 (춘양리, 영암장례식장)",061-471-4884,3,4,40,주차장·유족대기실·장애인편의시설,사설(전문),
전라남도,함평군,문장장례식장,전라남도 함평군 해보면 밀재로 1350 (문장리),061-323-7100,3,6,30,식당·매점·주차장·유족대기실·장애인편의시설,사설(전문),
충청남도,공주시,신풍장례문화원장례식장,충청남도 공주시 신풍면 차동로 1817-34 (백룡리),041-841-4442,3,4,0,,사설(전문),
경기도,수원시,경기도의료원 수원병원장례식장,경기도 수원시 장안구 수성로245번길 69 (정자동),031-888-0114,6,8,200,식당·매점·주차장·유족대기실·장애인편의시설,공설(병원),
경기도,파주시,교하장례식장,"경기도 파주시 하지석길 45, B1층 (교하동)",031-944-4449,2,6,40,식당·매점·주차장·유족대기실,사설(병원),
경기도,수원시,동수원장례식장,"경기도 수원시 팔달구 권광로367번길 77, B1층 (우만동, 동수원한방병원)",031-213-1640,3,8,0,식당·매점·주차장·유족대기실·장애인편의시설,사설(병원),
서울특별시,동대문구,경희의료원장례식장,"서울특별시 동대문구 경희대로 23,경희의료원장례식장 (회기동, 경희의료원)",02-958-9721,8,18,500,식당·매점·주차장·유족대기실·장애인편의시설,사설(병원),
경기도,양평군,양수삼성장례식장,"경기도 양평군 양서면 양수로 149-2 (양수리, 양수삼성요양병원)",031-771-4447,2,4,10,주차장·장애인편의시설,사설(병원),
전북특별자치도,익산시,백제장례식장,전라북도 익산시 함열읍 익산대로 1493 (석매리),063-861-5300,6,6,350,식당·매점·주차장·유족대기실·장애인편의시설,사설(전문),
전라남도,장흥군,관산정남진장례식장,전라남도 장흥군 관산읍 관산로 133 (남송리),061-867-4400,2,2,60,매점·주차장·유족대기실·장애인편의시설,사설(전문),
전라남도,여수시,여수보람장례식장,전라남도 여수시 소라면 무선로 339 (덕양리),061-684-4444,6,8,350,식당·매점·주차장·유족대기실·장애인편의시설,사설(전문),
대구광역시,서구,대구연세요양병원장례식장,대구광역시 서구 북비산로 156 (평리동),053-556-8008,2,4,0,식당·매점·주차장·유족대기실·장애인편의시설,사설(병원),
경기도,양평군,양서농협장례문화원장례식장,경기도 양평군 양서면 두물머리길 24 (양수리),031-771-1900,5,8,50,식당·매점·주차장·유족대기실·장애인편의시설,사설(전문),
경상북도,구미시,구미푸른요양병원장례식장,경상북도 구미시 장천면 산호대로 1391 (하장리),054-474-4443,3,6,70,주차장,사설(병원),
충청남도,당진시,당진종합병원장례식장,충청남도 당진시 반촌로 5-15 (시곡동),041-358-4414,6,8,570,식당·매점·주차장·유족대기실·장애인편의시설,사설(병원),
전북특별자치도,고창군,고창우리장례식장,전라북도 고창군 고창읍 녹두로 1313-6 (읍내리),063-564-3322,3,4,200,식당·주차장·유족대기실·장애인편의시설,사설(전문),
전라남도,완도군,완도대성병원장례식장,전라남도 완도군 완도읍 청해진동로 63 (가용리),061-554-4456,4,6,200,식당·매점·주차장·유족대기실,사설(병원),
대구광역시,달서구,허병원장례식장,대구광역시 달서구 학산로 121 (본동),053-522-4300,3,6,200,매점·주차장·유족대기실·장애인편의시설,사설(병원),
서울특별시,동대문구,코리아병원장례식장,서울특별시 동대문구 장한로 143 (장안동),02-2244-0330,4,6,10,식당·매점·주차장·유족대기실,사설(병원),
충청북도,음성군,음성군농협연합장례식장,충청북도 음성군 금왕읍 대금로1278번길 32 (오선리),043-883-4444,5,8,120,식당·매점·주차장,사설(전문),
경상남도,남해군,남해전문장례식장,경상남도 남해군 남해읍 남해대로 2629-4 (입현리),055-863-1024,3,6,0,식당·매점·주차장·유족대기실·장애인편의시설,사설(전문),
전라남도,나주시,빛가람종합병원장례식장,전라남도 나주시 정보화길 49 (빛가람동),061-820-0844,4,8,300,식당·매점·주차장·유족대기실·장애인편의시설,사설(병원),
부산광역시,사하구,중앙U병원장례식장,부산광역시 사하구 감천로 59 (감천동),051-201-0468,4,8,80,식당·매점·주차장·유족대기실·장애인편의시설,사설(병원),
경기도,부천시,다니엘병원장례식장,경기도 부천시 원미구 중동로 361 (약대동),032-678-4242,4,15,0,주차장,사설(전문),
경상북도,영주시,영주시현대장례식장,"경상북도 영주시 가흥공단로 11 (상줄동, 소망장례식장)",054-634-4400,2,4,0,식당·매점·주차장,사설(전문),
충청북도,청주시 서원구,하나장례식장,충청북도 청주시 서원구 대림로 431 (죽림동),043-270-8400,7,8,0,식당·매점·주차장,사설(전문),
서울특별시,강동구,한국보훈복지의료공단중앙보훈병원장례식장,"서울특별시 강동구 진황도로61길 53 (둔촌동, 중앙보훈병원)",02-2225-1004,13,18,100,식당·매점·주차장·유족대기실·장애인편의시설,공설(병원),
대전광역시,서구,나진장례식장,대전광역시 서구 갈마로 122 (괴정동),042-520-6690,5,8,200,식당·주차장·유족대기실·장애인편의시설,사설(병원),
서울특별시,종로구,서울대학교병원장례식장,"서울특별시 종로구 대학로 101,서울대학교병원 (연건동)",02-2072-2020,13,24,0,식당·매점·주차장·유족대기실,사설(병원),
경기도,이천시,하늘공원장례식장,"경기도 이천시 대월면 경충대로 1557 (장평리, 하늘공원장례식장)",031-636-3900,4,10,130,식당·매점·주차장·유족대기실·장애인편의시설,사설(전문),
충청남도,서천군,서천군참사랑장례식장,충청남도 서천군 장항읍 장항로91번길 40 (화천리),041-956-3344,3,4,200,주차장,사설(병원),
울산광역시,남구,국민요양병원장례식장,울산광역시 남구 번영로 15 (야음동),052-269-0119,3,6,50,식당·매점·주차장·유족대기실,사설(병원),
경상남도,김해시,교원예움 김해장례식장,경상남도 김해시 삼안로8번길 24 (지내동),055-331-4444,6,8,100,식당·매점·주차장·유족대기실,사설(전문),
세종특별자치시,세종특별자치시,조치원장례식장,세종특별자치시   연서면 당산로 494-8 (월하리),044-866-4800,5,8,200,식당·주차장·유족대기실·장애인편의시설,사설(전문),
인천광역시,남동구,길병원장례식장,"인천광역시 남동구 인주대로653번길 56 (구월동, 길병원장례식장)",032-460-3444,10,18,500,식당·매점·주차장·유족대기실·장애인편의시설,사설(병원),
경상북도,성주군,성주전문장례식장,"경상북도 성주군 성주읍 주산로 83 (삼산리, 성주전문장례식장)",054-933-0444,2,4,200,식당·주차장·유족대기실,사설(전문),
경기도,이천시,경기도의료원 이천병원장례식장,경기도 이천시 경충대로 2742 (관고동),031-630-4444,8,16,0,식당·매점·주차장·장애인편의시설,공설(병원),
제주특별자치도,제주시,하귀농협장례식장,제주특별자치도 제주시 애월읍 애조로 405 (광령리),064-798-8800,5,10,400,식당·매점·주차장·유족대기실·장애인편의시설,사설(전문),
경상남도,창녕군,경남요양병원장례식장,경상남도 창녕군 남지읍 남지중앙로 45 (남지리),055-526-2575,3,4,50,식당·매점·주차장·유족대기실·장애인편의시설,사설(병원),
경기도,양주시,큰길장례문화원장례식장,경기도 양주시 광적면 부흥로 955-13(가납리),031-872-4444,4,6,100,주차장,사설(전문),
광주광역시,광산구,베스트 장례문화원장례식장,"광주광역시 광산구 상무대로 509 (우산동, 아름다운컨벤션)",062-454-1000,0,0,0,,사설,
울산광역시,중구,세민병원장례식장,"울산광역시 중구 학성로 184,B1층 (학성동, 울산세민병원)",052-293-4445,4,6,100,식당·매점·주차장·유족대기실·장애인편의시설,사설(병원),
경상남도,김해시,갑을장유병원장례식장,경상남도 김해시 장유로 167-13 (부곡동),055-314-5533,5,8,0,,사설(병원),
경기도,의정부시,연세장례식장,"경기도 의정부시 호국로 1342 지하1층,2층 (의정부동)",031-848-4545,4,8,100,식당·매점·주차장·유족대기실·장애인편의시설,사설(전문),
강원특별자치도,횡성군,대성장례센터장례식장,"강원특별자치도 횡성군 횡성읍 횡성로 273 (입석리, 장례식장)",033-343-1444,4,4,0,식당·매점·주차장·유족대기실·장애인편의시설,사설(병원),
부산광역시,해운대구,해운대구성심장례식장,"부산광역시 해운대구 좌동순환로 462 (중동, 성심병원)",051-747-5600,2,4,60,매점·주차장·유족대기실,사설(병원),
전북특별자치도,전주시 완산구,전주시민장례문화원장례식장,전라북도 전주시 완산구 유연로 27 (효자동3가),063-263-4444,8,12,234,주차장·유족대기실·장애인편의시설,사설(전문),
경상북도,의성군,의성제일장례식장,경상북도 의성군 의성읍 홍술로 94 (원당리),054-834-4300,3,4,85,식당·매점·주차장·유족대기실·장애인편의시설,사설(병원),
경상남도,진주시,진주시민장례식장 휴드림,"경상남도 진주시 문산읍 문산순환로 13 (소문리, 진주시민장례식장)",055-762-4444,8,16,200,식당·주차장·유족대기실·장애인편의시설,사설(전문),
전북특별자치도,전주시 덕진구,전주시 덕진구금성장례식장,전라북도 전주시 덕진구 가리내로 670 (송천동2가),063-276-4444,7,8,0,주차장·유족대기실,사설(전문),
부산광역시,부산진구,수요양병원장례식장,"부산광역시 부산진구 동평로 401,지하1층,지하2층 (양정동)",051-853-1024,6,10,150,식당·매점·주차장·유족대기실·장애인편의시설,사설(병원),
충청남도,홍성군,장곡농협홍주장례식장,충청남도 홍성군 구항면 충서로966번길 32 (청광리),041-634-4444,5,8,0,식당·매점·주차장,사설(전문),
충청북도,음성군,감곡장례식장,충청북도 음성군 감곡면 음성로 2512 (오향리),043-882-4444,4,6,200,식당·매점·주차장·유족대기실·장애인편의시설,사설(전문),
경상북도,칠곡군,왜관병원장례식장,"경상북도 칠곡군 왜관읍 군청2길 10 (왜관리, 왜관병원)",054-976-4446,2,4,0,식당·매점·주차장·유족대기실·장애인편의시설,사설(병원),
강원특별자치도,홍천군,홍천군장례식장,강원도 홍천군 홍천읍 느리울길 70 (하오안리),033-436-1919,5,8,100,식당·주차장,공설(전문),
경기도,성남시,성남중앙병원장례식장,경기도 성남시 중원구 산성대로476번길 12 (금광동),031-799-5200,8,13,0,식당·매점·주차장·유족대기실,사설(병원),
경기도,화성시,하늘가장례식장,경기도 화성시 향남읍 발안로 322 (관리),031-366-4444,4,8,100,매점·주차장·유족대기실·장애인편의시설,사설(전문),
인천광역시,서구,보람인천장례식장,인천광역시 서구 경명대로 468 (경서동),032-568-4000,5,10,100,식당·매점·주차장·유족대기실,사설(전문),
부산광역시,사하구,경희병원장례식장,부산광역시 사하구 다대로 321 (장림동),051-266-4111,2,6,60,식당·매점·주차장,사설(병원),
대구광역시,동구,현대S바른병원장례식장,대구광역시 동구 해동로 119 (입석동),053-984-1414,5,6,60,식당·주차장·유족대기실·장애인편의시설,사설(병원),
대구광역시,남구,대구가톨릭대학교의료원 장례식장,"대구광역시 남구 두류공원로17길 33 (대명동, 대구가톨릭의과대학병원)",053-650-4444,11,22,1289,식당·매점·주차장·유족대기실·장애인편의시설,사설(병원),
경기도,성남시,분당서울대학교병원 장례식장,"경기도 성남시 분당구 구미로173번길 82 (구미동, 분당서울대병원)",031-787-1500,12,20,0,식당·매점·주차장·유족대기실,사설(병원),
경기도,광명시,중앙대학교광명병원장례식장,"경기도 광명시 덕안로 110, 중앙대학교 광명병원 B2층 (일직동)",02-2610-9472,8,18,746,식당·매점·주차장·유족대기실·장애인편의시설,사설(병원),
경상북도,영덕군,영덕전문장례식장,경상북도 영덕군 영덕읍 하저길 20 (우곡리),054-734-6800,4,6,200,식당·매점·주차장·유족대기실·장애인편의시설,사설(전문),
서울특별시,서초구,서울성모장례식장,"서울특별시 서초구 반포대로 222 (반포동, 가톨릭대학교성의교정)",02-2258-5940,17,32,0,식당·매점·주차장·유족대기실,사설(병원),
울산광역시,울주군,서울산국화원장례식장,울산광역시 울주군 삼남면 중평로 53 (교동리),052-254-0444,5,6,150,매점·주차장·유족대기실·장애인편의시설,사설(병원),
대구광역시,달서구,남대구전문장례식장,대구광역시 달서구 성서공단로 315 (장동),053-584-4444,10,16,300,식당·주차장·유족대기실·장애인편의시설,사설(전문),
전라남도,목포시,삼목장례프리드장례식장,전라남도 목포시 청호로220번길 17 (산정동),061-274-4441,5,6,0,식당·매점·주차장·유족대기실·장애인편의시설,사설(전문),
강원특별자치도,춘천시,춘천시민장례식장,"강원특별자치도 춘천시 영서로 2970 (사농동, 강원도새마을회관)",033-244-4044,6,10,500,식당·매점·주차장·유족대기실·장애인편의시설,사설(전문),
전라남도,무안군,대성장례식장,전라남도 무안군 삼향읍 국사로 5-9 (맥포리),061-247-4444,3,4,100,식당·주차장·유족대기실·장애인편의시설,사설(전문),
경기도,군포시,지샘병원장례식장,경기도 군포시 군포로 591 (당동),031-389-3000,4,8,0,식당·매점·주차장·유족대기실·장애인편의시설,사설(병원),
경상남도,사천시,한마음병원장례식장,"경상남도 사천시 향촌4길 127 (향촌동, 한마음병원)",055-835-2410,2,6,0,매점·주차장,사설(병원),
충청남도,아산시,아산충무병원 국화원장례식장,충청남도 아산시 문화로 381 (모종동),041-548-7444,4,6,100,식당·매점·주차장·유족대기실·장애인편의시설,사설(병원),
경상북도,영천시,영천국화원전문장례식장,경상북도 영천시 오수1길 18 (오수동),054-331-4444,5,8,150,식당·매점·주차장·유족대기실·장애인편의시설,사설(전문),
대구광역시,남구,앤드요양병원 부설 앤드효백화원장례식장,대구광역시 남구 중앙대로 227 (대명동),053-624-4444,4,6,70,주차장,사설(병원),
전북특별자치도,고창군,고인돌장례식장,"전라북도 고창군 고창읍 녹두로 1295(읍내리, 고인돌장례식장)",063-562-3223,3,4,100,매점·주차장·유족대기실,사설(전문),
강원특별자치도,강릉시,더원실업 우란장례식장,강원도 강릉시 옥가로 30 (옥천동),033-649-0135,3,4,150,식당·주차장·유족대기실·장애인편의시설,사설(전문),
충청북도,제천시,송학주천장례식장,충청북도 제천시 송학주천로 97-1 (고암동),043-653-4444,3,8,500,식당·매점·주차장·유족대기실,사설(전문),
충청남도,천안시 서북구,천안장례식장,충청남도 천안시 서북구 성거읍 모전1길 213 (모전리),041-585-4000,6,10,400,식당·매점·주차장,사설(전문),
전북특별자치도,정읍시,정읍장례식장,전라북도 정읍시 고부면 영원로 222-15 (만수리),063-536-4441,4,8,180,식당·주차장·유족대기실·장애인편의시설,사설(전문),
경상북도,포항시 남구,포항성모병원장례식장,"경상북도 포항시 남구 대잠동길 17 (대잠동,포항성모병원)",054-260-8048,4,10,900,식당·매점·주차장·유족대기실·장애인편의시설,사설(병원),
경상북도,성주군,명경채요양병원부설예지원장례식장,경상북도 성주군 성주읍 성주순환로 277 (성산리),054-931-3300,0,0,0,,사설,
전라남도,완도군,완도장례식장,전라남도 완도군 완도읍 장보고대로 15 (가용리),061-552-4444,3,4,0,,사설(전문),
경상북도,구미시,구미강동병원장례식장,"경상북도 구미시 인동20길 46 지하1층 (진평동, 구미강동병원)",054-473-9650,5,8,0,식당·주차장·유족대기실,사설(병원),
경기도,평택시,평택이편안장례문화원장례식장,"경기도 평택시 안중읍 서동대로 1831-16 (금곡리, 평택의료시설)",031-681-0444,3,6,120,식당·주차장·유족대기실·장애인편의시설,사설(병원),
경상북도,봉화군,해성장례식장,경상북도 봉화군 봉화읍 보밑길 3 (내성리),054-674-0015,4,6,0,,사설(병원),
충청남도,보령시,웅천장례식장,충청남도 보령시 웅천읍 충서로 1141 (두룡리),041-931-3444,4,4,150,주차장·유족대기실,사설(전문),
전북특별자치도,군산시,대명아임레디군산중앙장례식장,전라북도 군산시 공단대로 153 (미장동),063-442-4444,5,8,121,매점·주차장·유족대기실·장애인편의시설,사설(전문),
전북특별자치도,부안군,부안호남장례식장,전라북도 부안군 행안면 부안로 2563 (신기리),063-581-1004,4,6,300,식당·주차장·유족대기실·장애인편의시설,사설(전문),
경상남도,창녕군,영산요양병원장례식장,경상남도 창녕군 영산면 영산도천로 430 (죽사리),055-536-9090,4,4,100,주차장,사설(병원),
대구광역시,달서구,계명대학교동산병원백합원장례식장,"대구광역시 달서구 달구벌대로 1035 (신당동, 계명대학교동산병원)",053-258-4444,8,18,1016,식당·매점·주차장,사설(병원),
전라남도,나주시,나주한국병원장례식장,전라남도 나주시 동점문길 7 (성북동),061-334-4111,2,4,50,주차장·유족대기실,사설(병원),
경상남도,창원시 의창구,창원한마음병원장례식장,"경상남도 창원시 의창구 용동로57번길 8 (사림동, 창원한마음병원)",055-225-1200,6,8,1000,식당·매점·주차장·유족대기실·장애인편의시설,사설(병원),
경기도,여주시,가남베스트장례식장,경기도 여주시 가남읍 경충대로961번길 2-15 (은봉리),031-882-1024,4,4,100,식당·매점·주차장·유족대기실·장애인편의시설,사설(병원),
전북특별자치도,전주시 덕진구,삼성장례문화원장례식장,전라북도 전주시 덕진구 동부대로 937 (호성동2가),063-247-1003,7,10,250,식당·매점·주차장·유족대기실·장애인편의시설,사설(전문),
광주광역시,북구,일곡병원장례식장,광주광역시 북구 양일로 309 (일곡동),062-574-4445,3,4,0,식당·매점·주차장·유족대기실,사설(병원),
부산광역시,사하구,괴정병원장례식장,부산광역시 사하구 낙동대로249번길 11 (괴정동),051-293-4382,3,4,40,식당·매점·주차장·유족대기실·장애인편의시설,사설(병원),
인천광역시,부평구,근로복지공단 인천병원장례식장,"인천광역시 부평구 무네미로 446 (구산동, 인천중앙병원)",032-524-4444,3,6,400,식당·매점·주차장·유족대기실·장애인편의시설,사설(병원),
경상남도,산청군,산청경호장례식장,경상남도 산청군 산청읍 중앙로 93-8 (지리),055-973-1234,2,3,50,식당·주차장·유족대기실·장애인편의시설,사설(전문),
경상남도,진주시,진주시한일병원장례식장,"경상남도 진주시 범골로 17, 1층 ( 춤무공동 ,한일병원지하) (충무공동)",055-756-9009,5,8,1000,식당·매점·주차장·유족대기실·장애인편의시설,사설(병원),
충청북도,제천시,제천세종장례식장,충청북도 제천시 송학주천로 46 (고암동),043-642-4441,3,4,400,식당·매점·주차장·유족대기실·장애인편의시설,사설(전문),
경기도,화성시,송산장례문화원장례식장,경기도 화성시 송산면 화성로 284 (육일리),031-357-9800,4,10,150,식당·매점·주차장·유족대기실·장애인편의시설,사설(전문),
경상북도,예천군,예천장례식장,경상북도 예천군 예천읍 충효로 35-8 (지내리),054-655-4442,3,3,100,식당·주차장·유족대기실·장애인편의시설,사설(전문),
경기도,성남시,성모장례식장,경기도 성남시 분당구 새나리로 13 (야탑동),031-709-0404,3,6,50,식당·매점·주차장·유족대기실,사설(병원),
충청남도,서천군,서해병원장례식장,충청남도 서천군 서천읍 서천로 184 (사곡리),041-953-4440,4,6,100,식당·주차장·유족대기실·장애인편의시설,사설(전문),
서울특별시,금천구,독산장례식장,서울특별시 금천구 시흥대로116길 5 (독산동),02-858-4444,2,4,0,식당·매점·주차장·유족대기실,사설(전문),
대구광역시,달서구,삼일병원장례식장,대구광역시 달서구 월배로 440 (송현동),053-219-1004,6,10,0,,사설(병원),
전라남도,여수시,여수제일병원장례식장,전라남도 여수시 학동1길 24 (학동),061-692-4444,5,6,250,주차장·유족대기실,사설(병원),
경기도,안성시,공도장례식장,경기도 안성시 원곡면 기업단지로 271 (반제리),031-652-2100,5,8,300,식당·매점·주차장·유족대기실·장애인편의시설,사설(전문),
광주광역시,광산구,만평장례식장,광주광역시 광산구 임방울대로 24 (우산동),062-611-0000,9,14,500,식당·매점·주차장·유족대기실·장애인편의시설,사설(전문),
충청북도,충주시,송원장례문화원장례식장,충청북도 충주시 주덕읍 신양로 62  (신양리),043-724-2211,2,6,80,매점·주차장·유족대기실·장애인편의시설,사설(병원),
서울특별시,구로구,고려대구로병원장례식장,"서울특별시 구로구 구로동로 148 (구로동, 고려대부속구로병원)",02-857-0444,11,20,945,식당·매점·주차장·장애인편의시설,사설(병원),
경기도,김포시,아너스힐병원장례식장,"경기도 김포시 통진읍 흥신로 320-10 (도사리, 제이에스병원)",031-989-4404,4,6,100,주차장·유족대기실,사설(병원),
경기도,양평군,양평장례식장,경기도 양평군 양평읍 중앙로111번길 52 (공흥리),031-772-1024,5,12,150,식당·매점·주차장·유족대기실,사설(전문),
대구광역시,수성구,천주성삼병원장례식장,대구광역시 수성구 달구벌대로 3190 (신매동),053-792-1024,2,6,0,주차장·유족대기실,사설(병원),
경기도,안성시,도민장례식장,경기도 안성시 공도읍 서동대로 4012 (승두리),031-692-4444,4,8,150,식당·매점·주차장·유족대기실·장애인편의시설,사설(전문),
인천광역시,서구,검단탑병원장례식장,인천광역시 서구 청마로19번길 5 (당하동),032-565-4444,4,10,500,식당·매점·주차장·유족대기실,사설(병원),
충청남도,보령시,충남보령아산병원장례식장,충청남도 보령시 죽성로 136-1 (죽정동),041-930-5631,4,12,195,식당·매점·주차장·유족대기실,사설(병원),
광주광역시,서구,브이아이피장례타운장례식장,광주광역시 서구 풍서좌로 237 (매월동),062-521-4444,8,10,500,식당·주차장·유족대기실·장애인편의시설,사설(전문),
강원특별자치도,강릉시,강릉동인병원장례식장,강원도 강릉시 강릉대로419번길 42 (포남동),033-650-6165,4,8,0,식당·매점·주차장,사설(병원),
부산광역시,기장군,동남권원자력의학원장례식장,"부산광역시 기장군 장안읍 좌동길 40 (좌동리, 동남권원자력의학원)",051-720-5421,5,12,600,식당·매점·주차장·유족대기실,사설(병원),
경기도,수원시,한독병원장례식장,경기도 수원시 팔달구 경수대로 487 (인계동),031-212-4444,3,8,60,식당·매점·주차장·유족대기실·장애인편의시설,사설(병원),
경상북도,포항시 남구,천상포항장례식장,"경상북도 포항시 남구 오천읍 송덕로 324, 천상포항장례식장",054-291-9000,6,10,150,식당·매점·주차장·유족대기실·장애인편의시설,사설(전문),
충청남도,보령시,보령수협장례식장,충청남도 보령시 대해로 258-9 (남곡동),041-932-4004,5,8,110,식당·매점·주차장·유족대기실·장애인편의시설,사설(전문),
부산광역시,서구,부산대학교병원장례식장,"부산광역시 서구 구덕로 179 (아미동1가, 부산대학병원)",051-240-7161,4,12,405,식당·매점·주차장,사설(병원),
경기도,용인시,기흥장례식장,경기도 용인시 기흥구 하갈로 17 (하갈동),031-275-4444,4,10,300,식당·매점·주차장·유족대기실·장애인편의시설,사설(전문),
경기도,파주시,파주보람장례식장,경기도 파주시 월롱면 통일로 715-2 (영태리),031-947-9444,4,8,100,식당·매점·주차장·유족대기실·장애인편의시설,사설(전문),
강원특별자치도,속초시,속초보광병원장례식장,"강원도 속초시 중앙로 11 (교동, 속초보광병원)",033-633-7444,6,12,300,식당·매점·주차장·유족대기실·장애인편의시설,사설(전문),
울산광역시,울주군,언양병원장례식장,울산광역시 울주군 삼남면 반구대로 785 (교동리),052-264-9787,1,4,30,식당·주차장·유족대기실·장애인편의시설,사설(병원),
충청남도,논산시,우리하늘장례원장례식장,충청남도 논산시 연무읍 안심로 280 (안심리),041-741-4404,4,4,120,식당·매점·주차장·유족대기실·장애인편의시설,사설(전문),
충청남도,태안군,안면도장례식장,충청남도 태안군 안면읍 안면대로 2642(정당리),041-672-0444,4,6,54,식당·매점·주차장·유족대기실·장애인편의시설,사설(전문),
경상북도,포항시 남구,오천삼성병원장례식장,경상북도 포항시 남구 오천읍 충무로 10 (용덕리),054-292-6789,4,8,40,식당·매점·주차장·유족대기실,사설(병원),
대구광역시,달서구,에스병원장례식장,대구광역시 달서구 와룡로 57 (본리동),053-567-0909,2,4,50,식당·매점·주차장·유족대기실,사설(병원),
충청남도,아산시,아산시한국병원장례식장,충청남도 아산시 번영로230번길 13 (모종동),041-531-4444,3,6,60,주차장,사설(병원),
전라남도,목포시,목포현대병원장례식장,전라남도 목포시 용당로 322-1 (용해동),061-270-9708,4,5,50,식당·매점·주차장·유족대기실·장애인편의시설,사설(병원),
경상남도,사천시,사천중앙요양병원장례식장,"경상남도 사천시 사천읍 옥산로 127 (선인리, 사천중앙병원)",055-851-5444,3,3,50,주차장·유족대기실,사설(병원),
경기도,여주시,여주 국빈 장례식장,경기도 여주시 여양로 388-13 (오학동),031-885-4400,7,10,500,식당·매점·주차장·유족대기실·장애인편의시설,사설(전문),
경상남도,합천군,합천추모공원장례식장,경상남도 합천군 합천읍 합천호수로 1613 (합천리),055-934-4444,3,6,0,,사설(전문),
경기도,평택시,평택시제일장례식장,경기도 평택시 삼봉로 30 (독곡동),031-611-1144,11,16,100,식당·매점·주차장·유족대기실·장애인편의시설,사설(전문),
경기도,남양주시,남양주장례식장,경기도 남양주시 진건읍 진건오남로 458 (송능리),031-528-4444,8,10,500,식당·매점·주차장·유족대기실·장애인편의시설,사설(전문),
경상남도,거창군,SG서경병원장례식장,"경상남도 거창군 거창읍 송정1길 24-13 (송정리, 서경병원)",055-945-0130,2,4,0,식당·주차장·유족대기실,사설(병원),
대구광역시,달서구,중앙요양병원 장례식장,대구광역시 달서구 월배로83길 14 (송현동),053-627-4444,4,6,120,식당·주차장·유족대기실·장애인편의시설,사설(병원),
전라남도,완도군,고금번영회장례식장,전라남도 완도군 고금면 고금동로 117 (덕암리),061-555-4400,1,2,0,,사설(전문),
부산광역시,사상구,삼신전문장례식장,부산광역시 사상구 대동로 261 (감전동),051-323-0044,8,18,300,식당·매점·주차장·유족대기실·장애인편의시설,사설(전문),
서울특별시,영등포구,여의도성모장례식장,"서울특별시 영등포구 63로 10 (여의도동, 여의도성모병원)",02-3779-1526,6,12,0,식당·매점·주차장·유족대기실,사설(병원),
전라남도,순천시,순천한국병원장례식장,전라남도 순천시 우명길 42 (연향동),061-723-4444,5,6,300,식당·매점·주차장·유족대기실·장애인편의시설,사설(병원),
전라남도,광양시,광양시가야장례식장,전라남도 광양시 광양읍 인덕로 1183 (구산리),061-763-4444,3,4,250,식당·매점·주차장·유족대기실·장애인편의시설,사설(전문),
경상북도,영덕군,영덕제일요양병원장례식장,경상북도 영덕군 영덕읍 우곡길 52 (우곡리),054-733-4440,3,4,100,매점·주차장·유족대기실·장애인편의시설,사설(병원),
경기도,안산시 단원구,안산중앙요양병원장례식장,"경기도 안산시 단원구 고잔로 134 (고잔동, 안산중앙요양병원)",031-403-4440,4,10,50,식당·매점·주차장·유족대기실·장애인편의시설,사설(병원),
충청남도,서산시,서산의료원상례원장례식장,충청남도 서산시 중앙로 149 (석림동),041-689-7444,5,10,3,식당·주차장,공설(병원),
울산광역시,남구,울산영락원장례식장,"울산광역시 남구 산업로517번길 10 (여천동, 울산영락원장례식장)",052-272-1111,11,14,500,식당·매점·주차장·유족대기실·장애인편의시설,사설(전문),
경상남도,거제시,맑은샘병원장례식장,"경상남도 거제시 연초면 거제대로 4477 (연사리, 맑은샘병원)",055-636-4800,5,8,150,식당·매점·주차장·유족대기실·장애인편의시설,사설(병원),
전라남도,보성군,보성우리장례식장,전라남도 보성군 보성읍 봉화로 166-5 (보성리),061-852-4445,4,4,100,식당·주차장·유족대기실·장애인편의시설,사설(전문),
경상남도,하동군,진교장례식장,경상남도 하동군 진교면 구고속도로 826 (고룡리),055-883-0474,3,4,57,식당·매점·주차장·유족대기실·장애인편의시설,사설(전문),
경기도,고양시 일산동구,국민건강보험공단일산병원장례식장,"경기도 고양시 일산동구 일산로 100 (백석동, 국민건강보험공단일산병원)",031-900-0444,9,14,0,식당·매점·주차장·유족대기실,공설(병원),
경상남도,창원시 마산회원구,동마산장례식장,"경상남도 창원시 마산회원구 3.15대로 681지하2층 (석전동, 동마산병원)",055-290-5044,3,4,30,식당·매점·주차장·유족대기실,사설(병원),
전라남도,무안군,무안병원장례식장,전라남도 무안군 무안읍 몽탄로 65 (성동리),061-453-0068,5,6,200,식당·매점·주차장·유족대기실,사설(병원),
충청북도,괴산군,괴산장례식장,충청북도 괴산군 괴산읍 읍내로 35-4 (대사리),043-832-4444,5,8,500,식당·매점·주차장·유족대기실·장애인편의시설,사설(전문),
전라남도,목포시,목포장례문화원장례식장,전라남도 목포시 고하대로 1140-41 (대양동),061-242-4400,5,6,80,식당·매점·주차장·유족대기실·장애인편의시설,사설(전문),
충청북도,단양군,단양군립노인요양병원장례식장,"충청북도 단양군 단양읍 별곡6길 10 (별곡리, 단양군노인요양전문병원)",043-423-0044,3,6,100,식당·매점·주차장·유족대기실·장애인편의시설,공설(병원),
경상남도,창원시 마산합포구,에스엠지연세병원장례식장,경상남도 창원시 마산합포구 3.15대로 76 (월남동2가),055-223-1000,7,10,150,식당·매점·주차장·유족대기실·장애인편의시설,사설(병원),
광주광역시,북구,성요한병원장례식장,"광주광역시 북구 태봉로 32 (유동, 천주의성요한병의원)",062-510-3005,3,6,300,식당·매점·주차장·유족대기실·장애인편의시설,사설(병원),
부산광역시,사하구,동산병원장례식장,부산광역시 사하구 낙동대로216번길 10 (괴정동),051-201-0909,3,6,0,식당·매점·주차장·유족대기실,사설(병원),
경상북도,경주시,계명대학교경주동산병원장례식장,"경상북도 경주시 봉황로 65 (서부동, 계명대학교경주동산병원)",054-774-0288,5,8,100,식당·매점·주차장·장애인편의시설,사설(병원),
경기도,부천시,부천시민장례식장,경기도 부천시 원미구 장말로372번길 15 (심곡동),032-666-4440,5,8,70,식당·매점·주차장·유족대기실·장애인편의시설,사설(전문),
경상남도,사천시,사천시우리장례식장,"경상남도 사천시 송포공단길 53 (송포동, 우리장례식장)",055-834-1024,2,4,400,매점·주차장·유족대기실,사설(전문),
강원특별자치도,춘천시,교원예움 강원장례식장,강원도 춘천시 동내면 순환대로 877 (거두리),033-261-4441,8,12,350,식당·매점·주차장·유족대기실·장애인편의시설,사설(전문),
경상남도,사천시,사천시농협장례식장,경상남도 사천시 사천읍 구암두문로 146-12 (구암리),055-852-0004,4,6,200,식당·매점·주차장·유족대기실·장애인편의시설,사설(전문),
경상남도,창원시,경상남도 마산의료원 장례식장,경상남도 창원시 마산합포구 3.15대로 231 (마산의료원 장례식장),055-249-1700,7,14,170,식당·매점·주차장·유족대기실·장애인편의시설,공설(병원),
경기도,의정부시,의정부시중앙병원장례식장,경기도 의정부시 평화로 609 (의정부동),031-847-4444,3,6,200,식당·매점·주차장·유족대기실,사설(병원),
전라남도,장흥군,관산장례식장,전라남도 장흥군 관산읍 죽교상하발로 13 (죽교리),061-867-8444,2,4,60,식당·주차장·유족대기실,사설(전문),
충청북도,영동군,영동병원장례식장,"충청북도 영동군 영동읍 대학로 106 (설계리, 영동병원)",043-743-4499,5,6,0,식당·주차장·유족대기실·장애인편의시설,사설(병원),
전북특별자치도,장수군,장수군보건의료원장례식장,"전라북도 장수군 장수읍 장천로 247 (장수리, 장수보건의료원)",063-351-8050,3,6,0,식당·주차장·유족대기실·장애인편의시설,공설(전문),
충청남도,아산시,아산시제일장례식장,"충청남도 아산시 시민로 40 (신인동, 장례문화원)",041-545-4444,5,6,200,식당·매점·주차장·유족대기실·장애인편의시설,사설(전문),
대구광역시,달서구,성서요양병원장례식장,대구광역시 달서구 문화회관1안길 29 (장기동),053-582-0444,2,4,70,식당·매점·주차장·유족대기실·장애인편의시설,사설(병원),
경상남도,밀양시,밀양시민장례식장,"경상남도 밀양시 중앙로 114 (가곡동, 세종요양병원)",055-354-0444,3,6,200,식당·매점·주차장·유족대기실,사설(병원),
인천광역시,강화군,강화군참사랑장례식장,"인천광역시 강화군 선원면 중앙로 271 (창리, 참사랑장례식장)",032-932-4200,3,4,168,식당·매점·주차장·유족대기실·장애인편의시설,사설(전문),
경상북도,예천군,예천권병원장례식장,"경상북도 예천군 예천읍 시장로 136 (동본리, 예천권병원)",054-655-0456,3,4,0,식당·매점·주차장·유족대기실·장애인편의시설,사설(병원),
충청남도,금산군,금산동백장례식장,충청남도 금산군 군북면 은골길 20 (호티리),041-751-4444,4,4,100,식당·매점·주차장·유족대기실·장애인편의시설,사설(전문),
전라남도,나주시,나주중앙요양병원장례식장,전라남도 나주시 영산로 5406 (성북동),061-333-0444,2,4,300,식당·주차장·유족대기실,사설(병원),
경기도,고양시 덕양구,헤븐앤어스장례식장,"경기도 고양시 덕양구 화수로14번길 55,명지병원B1층 (화정동)",031-810-5444,8,18,180,식당·매점·주차장·유족대기실,사설(병원),
경상북도,문경시,문경제일병원장례식장,경상북도 문경시 당교3길 25 (모전동),054-550-7948,5,8,100,식당·매점·주차장·유족대기실·장애인편의시설,사설(병원),
충청북도,진천군,농협장례문화원장례식장,충청북도 진천군 이월면 진광로 302-1 (중산리),043-533-8004,4,8,157,식당·매점·주차장·유족대기실·장애인편의시설,사설(전문),
경기도,광명시,광명성애병원장례식장,경기도 광명시 디지털로 36 (철산동),02-2684-4444,7,12,100,매점·주차장·유족대기실·장애인편의시설,사설(병원),
전라남도,순천시,메디팜병원장례식장,전라남도 순천시 양율길 306 (인월동),061-741-4411,2,6,30,식당·매점·주차장·유족대기실,사설(병원),
대구광역시,동구,효경G병원장례식장,대구광역시 동구 화랑로 157 (효목동),053-746-9310,3,7,60,식당·매점·주차장·유족대기실·장애인편의시설,사설(병원),
경기도,화성시,봉담장례문화원장례식장,경기도 화성시 봉담읍 서봉산길 40 (유리),031-278-0404,6,10,200,매점·주차장·유족대기실,사설(전문),
전라남도,영암군,제일장례문화원장례식장,전라남도 영암군 영암읍 예향로 1688 (망호리),061-472-0777,3,4,200,식당·주차장·유족대기실·장애인편의시설,사설(전문),
전북특별자치도,정읍시,정읍장례문화원장례식장,전라북도 정읍시 벚꽃로 131 (연지동),063-535-7777,7,8,100,매점·주차장·유족대기실·장애인편의시설,사설(전문),
서울특별시,영등포구,복지장례문화원장례식장,서울특별시 영등포구 도림로 142 (대림동),02-846-4444,9,22,40,식당·매점·주차장·유족대기실·장애인편의시설,사설(전문),
부산광역시,동래구,장례식장아시아드,부산광역시 동래구 여고로 42 (사직동),051-503-0770,7,10,50,식당·매점·주차장·유족대기실·장애인편의시설,사설(전문),
경상남도,거제시,대우병원장례식장,"경상남도 거제시 두모길 16 (두모동, 대우병원)",055-680-8444,4,8,50,식당·매점·주차장·유족대기실·장애인편의시설,사설(병원),
충청북도,충주시,건국대학교충주병원장례식장,충청북도 충주시 국원대로 82 (교현동),043-840-8444,4,8,250,식당·매점·주차장·유족대기실,사설(병원),
경상남도,남해군,남해추모누리장례식장,경상남도 남해군 서면 연죽로 46-77 (연죽리),055-862-0442,3,6,0,식당·매점·주차장·유족대기실,공설(전문),
경기도,용인시,연세대학교 용인장례식장,경기도 용인시 기흥구 동백죽전대로 363 (중동),031-678-7600,9,18,36,식당·매점·주차장·유족대기실·장애인편의시설,사설(병원),
경상북도,포항시 남구,포항세명기독병원장례식장,경상북도 포항시 남구 상공로 120 (대도동),054-289-1919,5,6,500,식당·주차장·유족대기실,사설(병원),
충청남도,청양군,청양훈병원장례식장,충청남도 청양군 청양읍 칠갑산로 157 (송방리),041-943-8441,4,6,150,식당·매점·주차장·유족대기실·장애인편의시설,사설(병원),
경상북도,경산시,하양전문장례식장,경상북도 경산시 하양읍 금송로 113 (동서리),053-857-0004,5,6,200,식당·매점·주차장·유족대기실,사설(전문),
대구광역시,북구,대구병원장례식장,대구광역시 북구 칠곡중앙대로 194 (태전동),053-311-4488,3,6,70,식당·주차장·유족대기실,사설(병원),
경상남도,하동군,하동우리들병원장례식장,"경상남도 하동군 금남면 섬진강대로 957 (계천리, 하동우리들병원)",055-884-1024,2,4,70,식당·매점·주차장·유족대기실·장애인편의시설,사설(병원),
대구광역시,북구,강북장례식장,대구광역시 북구 칠곡중앙대로 504-6 (읍내동),053-313-1024,2,4,200,식당·매점·주차장·유족대기실,사설(병원),
서울특별시,성북구,성북구뉴타운장례식장,서울특별시 성북구 종암로 199 (하월곡동),02-909-4444,10,20,0,주차장,사설(전문),
전라남도,완도군,완도군삼성장례식장,전라남도 완도군 완도읍 농공단지1길 24 (가용리),061-555-4455,3,4,200,식당·주차장,사설(전문),
충청남도,보령시,대천역전장례식장,충청남도 보령시 해안로 45 (내항동),02-932-1414,4,8,130,매점·주차장·유족대기실·장애인편의시설,사설(전문),
경상북도,칠곡군,칠곡군농협연합장례식장,경상북도 칠곡군 약목면 관호10길 248-56 (관호리),054-976-9988,5,12,200,매점·주차장·유족대기실·장애인편의시설,사설(전문),
경기도,의왕시,의왕시시티병원장례식장,경기도 의왕시 오전천로 29 (오전동),031-459-7575,3,6,50,식당·매점·주차장,사설(병원),
경기도,파주시,경기도의료원 파주병원장례식장,경기도 파주시 중앙로 207 (금촌동),031-940-9370,5,10,300,식당·매점·주차장·유족대기실,공설(병원),
경상남도,김해시,진영병원 장례식장,"경상남도 김해시 진영읍 김해대로334번길 9,지하1층 (진영리, 진영삼성병원)",055-345-1444,2,6,0,주차장,사설(병원),
강원특별자치도,원주시,원주의료원장례식장,"강원특별자치도 원주시 서원대로 387 (개운동, 강원도원주의료원)",033-760-4644,10,16,150,매점·주차장·유족대기실·장애인편의시설,공설(병원),
전라남도,나주시,나주예림장례식장,전라남도 나주시 예향로 3795 (이창동),061-335-4406,3,6,300,식당·매점·주차장·유족대기실·장애인편의시설,사설(전문),
대구광역시,달서구,성서병원장례식장,"대구광역시 달서구 달구벌대로 1152, B2층 (신당동, 성서병원)",053-581-4444,3,6,0,식당·매점·주차장·유족대기실,사설(병원),
경상남도,진주시,경상국립대학교병원장례식장,"경상남도 진주시 강남로 79 (칠암동, 경상대학교병원)",055-750-8448,8,12,0,식당·주차장·유족대기실,사설(병원),
전북특별자치도,정읍시,정다운장례문화원장례식장,"전라북도 정읍시 관통로 27 (시기동, 정다운병원)",063-530-1044,4,8,100,식당·주차장·유족대기실·장애인편의시설,사설(병원),
전라남도,곡성군,곡성옥과장례식장,전라남도 곡성군 겸면 곡순로 2088 (가정리),061-362-4448,2,2,200,식당·주차장·유족대기실·장애인편의시설,사설(전문),
세종특별자치시,세종특별자치시,세종특별자치시중앙장례식장,"세종특별자치시   조치원읍 섭골길 37 (서창리, 중앙요양병원)",044-865-4441,4,8,200,식당·매점·주차장·유족대기실,사설(병원),
울산광역시,북구,울산시티병원장례식장,"울산광역시 북구 산업로 1001, B1층 (연암동)",052-280-8400,6,8,500,식당·매점·주차장·유족대기실·장애인편의시설,사설(병원),
충청남도,서천군,서천장례식장,충청남도 서천군 종천면 충서로 179 (화산리),041-952-4402,4,6,200,식당·매점·주차장·유족대기실·장애인편의시설,사설(전문),
충청남도,공주시,이인농협장례식장,충청남도 공주시 이인면 검바위로 9 (달산리),041-853-4400,3,4,0,식당·매점·주차장,사설(전문),
인천광역시,미추홀구,성인천장례식장,"인천광역시 미추홀구 석정로 6 (숭의동, 인천한방병원)",032-891-4444,9,14,100,식당·매점·주차장·유족대기실,사설(전문),
경기도,안양시,안양메트로병원장례식장,"경기도 안양시 만안구 명학로33번길 8 (안양동, 메트로병원)",031-449-9000,7,12,0,식당·매점·주차장·유족대기실,사설(병원),
충청북도,보은군,보은성모병원장례식장,충청북도 보은군 보은읍 뱃들로 53 (이평리),043-544-7444,3,4,100,식당·주차장·유족대기실,사설(병원),
경기도,평택시,서정리장례식장,경기도 평택시 정암로 78-14 (이충동),031-646-2000,5,8,150,식당·매점·주차장·유족대기실·장애인편의시설,사설(병원),
충청남도,아산시,배방장례식장,충청남도 아산시 배방읍 갈산교로 38 (구령리),041-544-1500,4,8,300,식당·매점·주차장·유족대기실·장애인편의시설,사설(전문),
경기도,평택시,평택시금성장례식장,경기도 평택시 진위면 남부대로 655 (동천리),031-664-4444,5,10,150,식당·주차장·유족대기실·장애인편의시설,사설(전문),
부산광역시,부산진구,부산백병원 장례식장,"부산광역시 부산진구 복지로 75 (개금동, 부산백병원)",051-896-4444,7,14,0,식당·주차장·유족대기실·장애인편의시설,사설(병원),
충청북도,청주시 서원구,청주의료원장례식장,충청북도 청주시 서원구 흥덕로 48 (사직동),043-279-0144,9,24,600,식당·매점·주차장·유족대기실,공설(병원),
전북특별자치도,전주시,효천장례원장례식장,전북특별자치도 전주시 완산구 삼천동3가 943-5,063-226-4444,7,10,0,식당·매점·주차장·유족대기실·장애인편의시설,사설,
전라남도,나주시,영산포한우리장례식장,전라남도 나주시 왕곡면 영산포로 30-11 (장산리),061-335-4949,4,4,0,,사설(전문),
경상북도,영덕군,영덕효요양병원장례식장,경상북도 영덕군 영덕읍 영덕로 72-12 (남산리),054-732-4444,3,4,50,식당·주차장·유족대기실,사설(병원),
전북특별자치도,익산시,우석개발장례식장,전라북도 익산시 목천로 118 (목천동),063-837-4444,5,10,80,식당·매점·주차장·유족대기실·장애인편의시설,사설(전문),
전라남도,광양시,옥곡장례식장,전라남도 광양시 옥곡면 강변로 448 (신금리),061-793-4444,4,6,200,식당·주차장·유족대기실·장애인편의시설,사설(전문),
경상남도,거제시,21C한일병원장례식장,경상남도 거제시 사등면 지석로 70 (지석리),055-634-1014,3,6,70,식당·매점·주차장·유족대기실,사설(병원),
부산광역시,해운대구,해운대백병원장례식장,"부산광역시 해운대구 해운대로 875 (좌동, 인제대학교해운대백병원)",051-893-4444,8,14,1086,식당·매점·주차장,사설(병원),
경상남도,하동군,하동장례식장,경상남도 하동군 적량면 공설운동장로 95-7 (동산리),055-883-4484,3,4,100,식당·매점·주차장·유족대기실,사설(전문),
경상북도,포항시 북구,흥해경희요양병원장례식장,"경상북도 포항시 북구 흥해읍 동해대로 1515, B1층 (옥성리)",054-262-4411,4,6,200,식당·매점·주차장,사설(병원),
부산광역시,북구,한중프라임장례식장,부산광역시 북구 낙동대로 1596 (구포동),051-305-4000,7,8,0,식당·주차장·유족대기실·장애인편의시설,사설(전문),
강원특별자치도,홍천군,홍천아산병원장례식장,강원도 홍천군 홍천읍 산림공원1길 17 (갈마곡리),033-430-5420,4,6,0,주차장,사설(병원),
전라남도,화순군,고려장례식장,전라남도 화순군 화순읍 충의로 109 (광덕리),061-375-4500,4,6,80,식당·주차장·유족대기실,사설(전문),
경기도,파주시,한사랑요양병원장례식장,경기도 파주시 파주읍 통일로 1568 (봉서리),031-953-7900,3,10,300,식당·매점·주차장·유족대기실·장애인편의시설,사설(병원),
경상북도,의성군,공생병원장례식장,경상북도 의성군 의성읍 후죽2길 6 (후죽리),054-834-9906,4,6,50,식당·매점·주차장·유족대기실·장애인편의시설,사설(병원),
경상북도,안동시,용상안동병원장례식장,경상북도 안동시 전거리길 57 (용상동),054-840-0040,4,8,0,식당·매점·주차장·유족대기실,사설(병원),
충청남도,천안시 동남구,단국대학교병원 천안장례식장,충청남도 천안시 동남구 망향로 201 (안서동),041-550-7474,7,10,0,식당·매점·주차장·유족대기실,사설(병원),
인천광역시,미추홀구,송도하나장례문화원장례식장,인천광역시 미추홀구 아암대로253번길 36 (학익동 587-78) 송도하나요양병원 - 송도하나장례문화원,032-832-4443,4,8,100,식당·매점·주차장·유족대기실·장애인편의시설,사설(병원),
서울특별시,종로구,서울적십자병원장례식장,"서울특별시 종로구 새문안로 9 (평동, 적십자병원)",02-2002-8444,6,12,100,식당·매점·주차장,사설(병원),
경기도,양주시,양주한국병원장례문화원장례식장,"경기도 양주시 화합로 1489, B2층 (고암동)",031-928-7444,6,14,300,주차장·유족대기실·장애인편의시설,사설(병원),
인천광역시,서구,국제성모장례식장,"인천광역시 서구 심곡로100번길 25 (심곡동, 인천국제성모병원)",032-290-3501,15,24,1000,식당·매점·주차장·유족대기실·장애인편의시설,사설(병원),
서울특별시,송파구,서울아산병원 장례식장,"서울특별시 송파구 올림픽로43길 88 (풍납동, 서울아산병원)",02-3010-2000,20,38,3182,식당·매점·주차장·유족대기실·장애인편의시설,사설(병원),
경기도,평택시,송탄중앙병원장례식장,"경기도 평택시 오좌동길 17-16 (독곡동, 송탄중앙병원)",031-611-7600,4,8,250,식당·매점·주차장·유족대기실·장애인편의시설,사설(병원),
전라남도,고흥군,거금장례식장,전라남도 고흥군 금산면 거금일주로 2901 (석정리),061-844-4444,2,2,100,식당·매점·주차장·유족대기실,사설(전문),
전라남도,여수시,여수강남요양병원장례식장,전라남도 여수시 진남로 15 (충무동),061-641-4444,3,6,25,식당·매점·주차장·유족대기실·장애인편의시설,사설(병원),
경상북도,문경시,문경장례식장,경상북도 문경시 산양면 서당마길 7-5 (반곡리),054-555-7000,5,8,150,식당·주차장·유족대기실·장애인편의시설,사설(전문),
전라남도,영암군,영암효병원장례식장,"전라남도 영암군 덕진면 예향로 1764 (덕진리, 효병원)",061-471-4441,2,4,70,식당·매점·주차장·유족대기실,사설(병원),
경상북도,상주시,상주시민장례식장,경상북도 상주시 경상대로 2693 (가장동),054-536-8800,4,6,88,식당·매점·주차장·유족대기실·장애인편의시설,사설(전문),
전북특별자치도,남원시,엠지 새마을금고 장례식장,"전라북도 남원시 요천로 1237 (조산동, 장례식장)",063-636-4141,5,8,130,주차장·유족대기실·장애인편의시설,사설(전문),
부산광역시,금정구,세웅병원장례식장,부산광역시 금정구 서동로 162 (서동),051-527-7711,3,4,0,식당·매점·주차장·유족대기실·장애인편의시설,사설(병원),
울산광역시,남구,남구제일병원장례식장,"울산광역시 남구 남산로354번길 26 (신정동, 제일병원)",052-265-1005,2,4,20,식당·매점·주차장·유족대기실·장애인편의시설,사설(병원),
경상남도,김해시,김해한솔병원장례식장,"경상남도 김해시 김해대로 2379 (부원동, 김해한솔재활요양병원)",055-312-1014,5,6,100,주차장·유족대기실,사설(병원),
광주광역시,북구,광주병원장례식장,"광주광역시 북구 면앙로139번길 51, 지하2층 (두암동)",062-260-7850,3,6,0,식당·매점·주차장·유족대기실,사설(병원),
강원특별자치도,인제군,하늘내린 도리안장례식장,강원특별자치도 인제군 남면 자작나무숲길 444-62 (남전리),033-461-0404,3,8,126,식당·매점·주차장·장애인편의시설,공설(전문),
인천광역시,중구,인하대병원장례식장,"인천광역시 중구 인항로 27 (신흥동3가, 인하대학병원)",032-890-3180,8,17,0,식당·매점·주차장·유족대기실,사설(병원),
강원특별자치도,태백시,태백문화장례식장,강원도 태백시 고원로 249 (황지동),033-552-4444,3,4,0,,사설(전문),
인천광역시,강화군,서해장례문화원장례식장,인천광역시 강화군 강화읍 중앙로74번길 10 (남산리),032-933-4463,4,10,300,식당·매점·주차장·유족대기실·장애인편의시설,사설(전문),
경상남도,통영시,통영서울병원장례식장,경상남도 통영시 광도면 남해안대로 857 (죽림리),055-644-9959,5,8,0,식당·주차장·유족대기실,사설(병원),
전라남도,보성군,벌교중앙장례식장,전라남도 보성군 벌교읍 원동길 89 (척령리),061-857-3000,3,4,100,식당·주차장·유족대기실,사설(전문),
강원특별자치도,동해시,동해전문장례식장,강원도 동해시 중앙로 199 (천곡동),033-531-4740,6,6,100,식당·주차장·유족대기실·장애인편의시설,사설(전문),
전라남도,목포시,목포성심장례문화원장례식장,전라남도 목포시 산계길 4-9 (대양동),061-261-4444,4,4,100,식당·매점·주차장·유족대기실·장애인편의시설,사설(병원),
서울특별시,은평구,은평요양병원장례식장,"서울특별시 은평구 통일로 935,은평요양병원장례식장 (갈현동)",02-351-4444,6,12,80,식당·매점·주차장·유족대기실·장애인편의시설,사설(병원),
대구광역시,달서구,대구보훈병원장례식장,대구광역시 달서구 월곡로 60 (도원동 748번지),053-625-4466,6,12,524,식당·매점·주차장·유족대기실·장애인편의시설,사설(병원),
강원특별자치도,철원군,김화장례문화원장례식장,강원특별자치도 철원군 서면 와수로 13 (와수리),033-458-0010,3,4,87,식당·주차장·유족대기실·장애인편의시설,사설(전문),
전북특별자치도,전주시 덕진구,전주고려병원장례식장,전라북도 전주시 덕진구 안덕원로 367 (산정동),063-242-9944,4,6,0,,사설(병원),
전북특별자치도,정읍시,정읍사랑병원장례식장,전라북도 정읍시 상동중앙로 94 (상동),063-538-4444,3,4,300,,사설(병원),
전라남도,장흥군,장흥병원장례식장,전라남도 장흥군 장흥읍 흥성로 74 (건산리),061-864-4444,3,4,100,식당·주차장·유족대기실,사설(병원),
경상북도,안동시,서안동농협장례식장,경상북도 안동시 풍산읍 본마을길 36-22 (노리),054-854-9980,5,8,100,식당·매점·주차장·유족대기실·장애인편의시설,사설(전문),
인천광역시,계양구,계양구세종병원장례식장,"인천광역시 계양구 계양문화로 20 (작전동, 인천세종병원)",032-240-8444,7,18,440,식당·매점·주차장·유족대기실·장애인편의시설,사설(병원),
부산광역시,사상구,부산전문장례식장,"부산광역시 사상구 낙동대로 1056 (감전동, 부산전문장례예식장)",051-312-4444,12,16,250,식당·매점·주차장·유족대기실·장애인편의시설,사설(전문),
전북특별자치도,전주시 완산구,대한장례식장,전라북도 전주시 완산구 구이로 2050. 대한장례식장 (평화동3가),063-227-4444,5,8,110,식당·주차장·유족대기실·장애인편의시설,사설(전문),
대구광역시,수성구,수성요양병원장례식장,"대구광역시 수성구 동대구로 148 (황금동, 수성요양병원)",053-766-4444,4,6,200,식당·매점·주차장·유족대기실·장애인편의시설,사설(병원),
부산광역시,동구,좌천봉생병원장례식장,부산광역시 동구 중앙대로 401 (좌천동),051-638-4411,3,6,200,식당·매점·주차장·유족대기실·장애인편의시설,사설(병원),
충청북도,음성군,음성농협장례식장,충청북도 음성군 원남면 반기문로 3-26 (하노리),043-872-4119,4,6,85,식당·주차장,사설(전문),
전라남도,여수시,경산장례식장,전라남도 여수시 시청로 145 (선원동),061-681-4444,5,8,150,식당·매점·주차장·유족대기실·장애인편의시설,사설(전문),
전라남도,보성군,보성아산병원장례식장,전라남도 보성군 미력면 가평길 36-17 (초당리),061-853-4004,2,4,100,식당·매점·주차장·유족대기실,사설(병원),
충청북도,제천시,제천서울병원장례식장,"충청북도 제천시 숭문로 57 (서부동, 서울병원)",043-644-4422,8,15,130,주차장·유족대기실,사설(병원),
전라남도,목포시,목포효성요양병원장례식장,"전라남도 목포시 양을로 456 (상동, 효성요양병원)",061-273-4422,3,4,100,식당·주차장·유족대기실·장애인편의시설,사설(병원),
충청남도,천안시 서북구,성월장례문화원장례식장,충청남도 천안시 서북구 성환읍 천안대로 2096 (성월리),041-588-4444,5,8,0,식당·매점·주차장·유족대기실,사설(전문),
서울특별시,강남구,연세대학교 강남장례식장,"서울특별시 강남구 언주로 211 (도곡동, 강남세브란스병원)",02-2019-4000,4,10,0,식당·매점·주차장,사설(병원),
충청남도,예산군,고덕장례문화원장례식장,충청남도 예산군 고덕면 예덕로 592 (대천리),041-337-4440,2,6,55,주차장·유족대기실·장애인편의시설,사설(전문),
경기도,용인시,쉴낙원 경기장례식장,"경기도 용인시 수지구 포은대로 836 (죽전동, 용인쉴낙원)",031-672-1009,9,10,139,식당·주차장·유족대기실·장애인편의시설,사설(전문),
경기도,용인시,보정장례식장,"경기도 용인시 기흥구 용구대로2469번길 136 (보정동, 보정장례문화센타)",031-276-4001,6,12,150,주차장,사설(전문),
강원특별자치도,동해시,금강병원장례식장,강원도 동해시 동해대로 5143 (효가동),033-521-4443,2,6,30,식당·매점·주차장·유족대기실,사설(병원),
전라남도,보성군,춘추장례식장,전라남도 보성군 벌교읍 원동길 81 (척령리),061-858-4441,3,3,130,식당·주차장·유족대기실·장애인편의시설,사설(전문),
전북특별자치도,전주시 완산구,효자장례타운장례식장,전라북도 전주시 완산구 콩쥐팥쥐로 1705-36 (효자동3가),063-228-4441,5,8,400,식당·매점·주차장·유족대기실·장애인편의시설,사설(전문),
강원특별자치도,정선군,정선장례식장,"강원특별자치도 정선군 정선읍 서동로 1277 (덕송리, 정선장례식장)",033-562-4444,5,8,100,식당·매점·주차장·유족대기실·장애인편의시설,사설(전문),
충청북도,청주시 청원구,효성병원 장례식장,충청북도 청주시 청원구 2순환로94번길 21 (율량동),043-221-4004,5,8,0,,사설(전문),
전라남도,강진군,강진의료원장례식장,"전라남도 강진군 강진읍 탐진로 5 (서성리, 강진의료원)",061-430-1004,3,6,200,식당·매점·주차장·유족대기실,공설(병원),
경상북도,구미시,아성병원장례식장,경상북도 구미시 선기로 155-23 (선기동),054-442-5555,3,3,200,식당·주차장·유족대기실·장애인편의시설,사설(병원),
전라남도,목포시,목포시참사랑장례식장,전라남도 목포시 차범석길35번길 9 (북교동),061-244-4400,3,6,50,식당·매점·주차장·유족대기실·장애인편의시설,사설(병원),
부산광역시,영도구,해동병원장례식장,부산광역시 영도구 태종로 133 (봉래동3가),051-410-6891,3,6,0,식당·매점·주차장·유족대기실·장애인편의시설,사설(병원),
강원특별자치도,춘천시,강원대학교병원장례식장,강원도 춘천시 백령로 156 (효자동),033-254-5611,6,12,0,식당·매점·주차장·유족대기실·장애인편의시설,사설(병원),
전라남도,목포시,목포봉황장례문화원장례식장,전라남도 목포시 삼학로 154 (산정동),061-242-2222,6,6,200,식당·주차장·유족대기실·장애인편의시설,사설(전문),
경상남도,김해시,성모병원장례식장,경상남도 김해시 김해대로 2479-1 (삼정동),055-336-4475,1,4,80,식당·매점·주차장·유족대기실·장애인편의시설,사설(병원),
충청남도,서천군,동서천 장례식장,충청남도 서천군 기산면 충절로 1035-4 (광암리),041-951-8003,2,4,0,,사설(전문),
경상북도,영덕군,영덕아산병원 장례식장,경상북도 영덕군 영해면 영덕로 1621 (성내리),054-730-0168,3,6,100,식당·매점·주차장·유족대기실·장애인편의시설,사설(병원),
서울특별시,금천구,쉴낙원 서울장례식장,"서울특별시 금천구 서부샛길 732 (가산동, 서울장례식장)",02-2683-4444,4,8,60,식당·매점·주차장·유족대기실·장애인편의시설,사설(전문),
전라남도,나주시,나주종합병원장례식장,전라남도 나주시 영산로 5419 (성북동),061-332-4461,3,4,0,매점·주차장,사설(병원),
광주광역시,동구,동구금호장례식장,광주광역시 동구 남문로 697 (학동),062-227-4000,6,6,0,,사설(전문),
부산광역시,금정구,금사장례식장,부산광역시 금정구 반송로 470 (금사동),051-977-4445,3,6,50,식당·매점·주차장·유족대기실,사설(병원),
전북특별자치도,고창군,흥덕장례식장,전라북도 고창군 흥덕면 고인돌대로 2582-7 (흥덕리),063-564-4440,2,4,150,식당·주차장·유족대기실,사설(전문),
전북특별자치도,완주군,한길장례식장,전라북도 완주군 봉동읍 낙평남북로 104-17 (낙평리),063-261-4441,3,4,500,식당·매점·주차장·유족대기실·장애인편의시설,사설(병원),
서울특별시,관악구,정겨운장례식장,"서울특별시 관악구 시흥대로 572 지하층 우신장례식장 (신림동, 한성빌딩)",02-838-4444,2,6,30,식당·매점·주차장·유족대기실,사설(전문),
전라남도,무안군,남악장례식장,전라남도 무안군 삼향읍 남악로250번길 59-30 (남악리),061-285-0444,2,4,100,식당·매점·주차장·유족대기실·장애인편의시설,사설(병원),
강원특별자치도,고성군,고성장례식장,"강원특별자치도 고성군 죽왕면 향목서길 9 (향목리, 고성장례식장)",033-682-5000,3,4,120,식당·매점·주차장·유족대기실·장애인편의시설,사설(전문),
전라남도,나주시,나주장례식장,전라남도 나주시 건재로 85 (대호동),061-332-8114,3,4,100,매점·주차장·유족대기실,사설(전문),
경상북도,영주시,영주적십자병원장례식장,"경상북도 영주시 대학로 327 (가흥동, 영주적십자병원)",054-630-0128,4,8,200,식당·매점·주차장·유족대기실·장애인편의시설,사설(병원),
서울특별시,구로구,구로성심병원장례식장,서울특별시 구로구 경인로 427 (고척동),02-2067-1544,3,10,120,식당·매점·주차장·유족대기실,사설(병원),
경기도,수원시 권선구,수원덕산병원장례식장,경기도 수원시 권선구 서부로 1670번길 9 B2층 장례식장 (고색동),031-686-2900,8,16,800,식당·매점·주차장,사설(병원),
경상남도,김해시,하늘재전문장례식장,경상남도 김해시 진영읍 진산대로 92 (진영리),055-343-8400,3,6,50,,사설(전문),
경상북도,칠곡군,혜원성모병원장례식장,경상북도 칠곡군 약목면 관호7길 41 (관호리),054-975-4044,3,6,150,주차장·유족대기실,사설(병원),
경기도,오산시,쉴낙원 오산동탄장례식장,"경기도 오산시 경기대로658번길 30 (내삼미동, 오산동탄쉴낙원)",031-966-1009,8,10,127,식당·매점·주차장·유족대기실·장애인편의시설,사설(전문),
충청북도,단양군,단양장례식장,"충청북도 단양군 단양읍 수양개유적로 6 (상진리, 단양장례식장)",043-421-4444,3,6,200,식당·주차장·유족대기실·장애인편의시설,사설(전문),
경상남도,창원시 마산회원구,신세계장례식장,"경상남도 창원시 마산회원구 내서읍 죽암로 89 (호계리, 신세계요양병원)",055-715-5444,3,6,50,식당·매점·주차장·유족대기실·장애인편의시설,사설(병원),
충청북도,보은군,보은요양병원장례식장,충청북도 보은군 수한면 후평바리미길 31 (후평리),043-542-4440,3,6,150,식당·매점·주차장·유족대기실,사설(전문),
경상남도,양산시,보람상조개발 양산부산대병원장례식장,경상남도 양산시 물금읍 금오로 20 (양산부산대학교병원 장례식장),055-372-4447,8,12,200,식당·주차장·유족대기실·장애인편의시설,사설(병원),
경상북도,경주시,위더스요양병원장례식장,"경상북도 경주시 승삼북길 31 (용강동, 위더스요양병원)",054-744-4044,4,6,80,식당·주차장·유족대기실·장애인편의시설,사설(병원),
충청남도,아산시,아산유리요양병원 장례식장,"충청남도 아산시 도고면 도고면로 179,아산유리요양병원 (기곡리)",041-549-1044,4,6,150,식당·매점·주차장·유족대기실,사설(병원),
경상북도,경산시,경산중앙병원장례식장,경상북도 경산시 경안로 11 (백천동),053-814-0044,6,10,250,식당·매점·주차장·유족대기실,사설(병원),
서울특별시,노원구,더조은장례식장,"서울특별시 노원구 화랑로 323 지하1층, 지하3층 (월계동)",02-941-4444,4,27,16,식당·매점·주차장·유족대기실,사설(병원),
전북특별자치도,전주시 덕진구,동전주 장례문화원장례식장,전북특별자치도 전주시 덕진구 금상길 69 (금상동),063-243-4444,7,10,200,식당·매점·주차장·유족대기실·장애인편의시설,사설(전문),
전라남도,장흥군,장흥우리병원중앙장례식장,전라남도 장흥군 장흥읍 남부관광로 6 (건산리),061-863-4444,3,4,90,식당·매점·주차장·유족대기실·장애인편의시설,사설(전문),
경상북도,울진군,동재의료재단오차드장례식장,"경상북도 울진군 후포면 동해대로 441 (삼율리, 오차드요양병원)",054-787-1206,3,6,30,식당·매점·주차장·유족대기실·장애인편의시설,사설(병원),
전라남도,순천시,정원장례식장,전라남도 순천시 서면 삼산로 290 (선평리),061-754-4444,6,6,200,식당·주차장·유족대기실·장애인편의시설,사설(전문),
경상남도,통영시,숭례관장례식장,경상남도 통영시 충렬로 8-5 (서호동),055-643-1024,4,6,0,식당·매점,사설(전문),
경기도,부천시,부천성모병원장례식장,"경기도 부천시 원미구 소사로 327 (소사동, 가톨릭대부천성모병원)",032-340-7300,9,20,0,식당·매점·주차장,사설(병원),
경상남도,사천시,사천공설장례식장,"경상남도 사천시 해안관광로 208-66 (송포동, 사천시누리원화장장)",055-831-4594,4,6,0,주차장·유족대기실,공설(전문),
강원특별자치도,홍천군,서석장례식장,강원도 홍천군 서석면 풍암길2길 30 (풍암리),033-430-4558,2,3,100,식당·주차장·유족대기실·장애인편의시설,공설(전문),
광주광역시,남구,광주기독병원장례식장,"광주광역시 남구 양림로 37 (양림동, 광주기독병원)",062-653-4400,4,6,0,식당·매점·주차장·유족대기실·장애인편의시설,사설(병원),
경기도,고양시 일산동구,일산복음병원장례식장,"경기도 고양시 일산동구 고양대로 760, 나동 B1층 (중산동, 일산복음병원)",031-977-6000,5,10,400,식당·매점·주차장·유족대기실,사설(병원),
경기도,용인시,용인제일메디장례식장,"경기도 용인시 처인구 포곡읍 포곡로210번길 21-11, B1층 (둔전리)",031-332-4444,6,10,200,식당·매점·주차장·유족대기실·장애인편의시설,사설(병원),
경기도,화성시,효원장례문화센타장례식장,경기도 화성시 정조로 107 (반정동),031-222-0999,6,10,90,주차장·유족대기실·장애인편의시설,사설(전문),
전북특별자치도,부안군,혜성병원장례식장,"전라북도 부안군 부안읍 부령로 34 (선은리, 혜성병원)",063-584-4300,6,10,300,주차장·유족대기실·장애인편의시설,사설(전문),
경상북도,상주시,상주시중앙장례식장,경상북도 상주시 함창읍 함창로 586 (윤직리),054-541-4477,5,6,0,주차장·유족대기실·장애인편의시설,사설(전문),
경상남도,창원시 성산구,창원경상대학교병원장례식장,경상남도 창원시 성산구 삼정자로 9 (성주동),055-214-1900,8,14,600,식당·매점·주차장·유족대기실·장애인편의시설,사설(병원),
부산광역시,동래구,프라임장례원장례식장,"부산광역시 동래구 미남로146번길 11 (온천동, 광혜병원장례식장)",051-506-1022,5,6,8,식당·매점·주차장·유족대기실·장애인편의시설,사설(병원),
제주특별자치도,제주시,김녕농협 장례문화센터장례식장,제주특별자치도 제주시 구좌읍 김송로 102 (김녕리),064-783-6511,2,4,150,식당·주차장·유족대기실·장애인편의시설,사설(전문),
전라남도,나주시,영산포농협장례식장,전라남도 나주시 영산포로 30-50 (이창동),061-334-4440,5,6,100,식당·매점·주차장·유족대기실·장애인편의시설,사설(전문),
전라남도,해남군,해남현대장례식장,전라남도 해남군 해남읍 남부순환로 345 (용정리),061-537-2222,3,4,120,식당·매점·주차장·유족대기실,사설(전문),
충청남도,천안시 동남구,보람상조리더스 천안국빈장례식장,"충청남도 천안시 동남구 풍세로 835, 천안국빈장례식장 (용곡동, 청담웨딩홀)",041-578-0082,6,8,300,식당·매점·주차장·유족대기실·장애인편의시설,사설(전문),
전라남도,고흥군,녹동현대병원장례식장,"전라남도 고흥군 도양읍 차경구렁목길 209 (용정리, 녹동현대병원장례식장)",061-843-4444,3,4,0,식당·매점·주차장·유족대기실,사설(병원),
인천광역시,미추홀구,학교법인영산학원시민장례식장,"인천광역시 미추홀구 석정로64번길 22 (숭의동, 시민장례식장)",032-889-4644,4,8,88,식당·매점·주차장·유족대기실·장애인편의시설,사설(전문),
경기도,화성시,화성현대장례문화원장례식장,"경기도 화성시 우정읍 남양만로 662,지하1층 (이화리, 이화병원)",031-351-6011,5,8,100,식당·매점·주차장·유족대기실·장애인편의시설,사설(병원),
경기도,연천군,연천군보건의료원 장례식장,"경기도 연천군 전곡읍 은대성로 95 (은대리, 연천군보건의료원)",031-832-4474,5,8,150,식당·매점·주차장·유족대기실·장애인편의시설,공설(전문),
전라남도,해남군,해남우리병원장례식장,전라남도 해남군 옥천면 해남로 597 (영신리),061-532-4446,3,6,100,주차장·유족대기실,사설(병원),
전북특별자치도,익산시,원광대학교병원장례문화원장례식장,전라북도 익산시 무왕로 895 (신동) 원광대학교병원 장례식장,063-855-1734,7,12,0,식당·매점·주차장·유족대기실·장애인편의시설,사설(전문),
경상북도,안동시,도립노인병원장례식장,경상북도 안동시 남후면 남일로 1463 (무릉리),054-852-4441,4,4,100,식당·매점·주차장·유족대기실·장애인편의시설,공설(병원),
경상남도,통영시,고려병원장례식장,"경상남도 통영시 중앙로 310 (무전동, 통영고려병원)",055-643-4444,4,6,60,식당·주차장·유족대기실·장애인편의시설,사설(병원),
광주광역시,서구,광주국빈장례문화원장례식장,광주광역시 서구 회재로 825 (매월동),062-606-4000,11,14,1200,식당·매점·주차장·유족대기실·장애인편의시설,사설(전문),
강원특별자치도,태백시,근로복지공단 태백병원장례식장,"강원도 태백시 보드미길 8 (장성동, 근로복지공단태백병원)",033-581-4444,4,8,120,식당·매점·주차장·유족대기실·장애인편의시설,사설(병원),
전북특별자치도,군산시,은파장례문화원장례식장,전라북도 군산시 미성로 512 (미룡동),063-445-4444,6,16,150,식당·매점·주차장·유족대기실,사설(전문),
경상남도,고성군,고성성심병원장례식장,경상남도 고성군 회화면 남해안대로 3963-21 (삼덕리),055-673-8780,4,4,50,식당·매점·주차장·유족대기실,사설(병원),
충청북도,충주시,충주의료원장례식장,충청북도 충주시 안림로 239-50 (안림동),043-871-0444,6,10,500,식당·매점·주차장·유족대기실·장애인편의시설,공설(병원),
서울특별시,양천구,양천효병원장례식장,서울특별시 양천구 오목로 121 (신정동),02-2692-4443,3,6,13,식당·매점,사설(병원),
울산광역시,남구,울산병원장례식장,울산광역시 남구 월평로171번길 19 (신정동),052-227-1024,5,12,300,식당·매점·주차장·유족대기실·장애인편의시설,사설(병원),
충청남도,홍성군,홍성의료원장례식장,충청남도 홍성군 홍성읍 조양로 224 (고암리),041-630-6244,5,10,200,식당·매점·주차장·유족대기실·장애인편의시설,공설(병원),
경상남도,김해시,김해시민장례식장,경상남도 김해시 금관대로910번길 4 (풍유동),055-900-4000,7,10,300,식당·매점·주차장·유족대기실·장애인편의시설,사설(전문),
경기도,안성시,동인병원장례식장,경기도 안성시 인지1길 15 (인지동),031-671-4494,3,6,180,식당·매점·주차장·유족대기실·장애인편의시설,사설(병원),
경기도,시흥시,시흥우리장례식장,경기도 시흥시 평안상가5길 19 (정왕동),031-433-5444,4,8,50,식당·매점·주차장·유족대기실,사설(병원),
충청북도,청주시 청원구,초정유진장례식장,충청북도 청주시 청원구 내수읍 우산길 91 (우산리),043-213-0030,3,4,100,식당·매점·주차장·유족대기실·장애인편의시설,사설(병원),
경상북도,구미시,구미제일요양병원장례식장,"경상북도 구미시 고아읍 선산대로 1116 (오로리, 제일병원)",054-481-1900,4,6,300,식당·매점·주차장·유족대기실·장애인편의시설,사설(병원),
충청남도,공주시,공주장례식장,충청남도 공주시 치미마을길 4 (신관동),041-854-1122,6,8,0,식당·매점·주차장·유족대기실,사설(전문),
경상북도,김천시,김천의료원장례식장,경상북도 김천시 모암길 24 (모암동),054-429-8280,5,10,130,식당·주차장·유족대기실,공설(병원),
강원특별자치도,철원군,철원병원장례식장,강원도 철원군 갈말읍 명성로 208 (군탄리),033-452-0044,5,6,80,매점·주차장·유족대기실,사설(병원),
경기도,안산시,동안산병원장례식장,경기도 안산시 상록구 월피로 88 (월피동),031-8042-4440,2,4,20,식당·매점·주차장·유족대기실·장애인편의시설,사설(병원),
경상북도,의성군,안계농협장례식장,경상북도 의성군 안계면 서부로 1776-62 (용기리),054-862-1910,2,4,0,식당·매점·주차장,사설(전문),
경상남도,통영시,통영전문장례식장,경상남도 통영시 장대길 142 (정량동),055-645-1233,6,8,100,식당·주차장·유족대기실·장애인편의시설,사설(전문),
충청남도,서천군,장례식장상예원,충청남도 서천군 장항읍 장항산단로 344 (옥산리),041-957-0004,3,6,80,식당·매점·주차장·유족대기실·장애인편의시설,사설(전문),
경상북도,구미시,구미천사요양병원장례식장,경상북도 구미시 고아읍 이례로 46 (이례리),054-481-4441,3,4,150,식당·매점·주차장·유족대기실·장애인편의시설,사설(병원),
경상남도,의령군,부성장례식장,경상남도 의령군 유곡면 의합대로 1648 (세간리),055-573-4500,3,4,0,주차장,사설(전문),
경기도,여주시,여주시민장례문화원장례식장,경기도 여주시 칠산길 28-8 (상동),031-882-1000,4,6,180,식당·매점·주차장·유족대기실·장애인편의시설,사설(전문),
대구광역시,동구,강남병원장례식장,대구광역시 동구 동촌로 207 (방촌동),053-986-0044,3,4,0,식당·매점·주차장,사설(병원),
전라남도,구례군,구례장례식장,전라남도 구례군 구례읍 용방로 15 (백련리),061-782-0444,4,6,0,주차장,사설(전문),
전북특별자치도,김제시,새만금장례식장,전라북도 김제시 하동1길 33 (하동),063-545-0033,6,6,0,식당·주차장·유족대기실,사설(전문),
강원특별자치도,삼척시,하늘정원장례식장,"강원도 삼척시 강원남부로 4539 (등봉동, 하늘정원장례식장)",033-575-4441,4,10,300,식당·매점·주차장·유족대기실·장애인편의시설,사설(전문),
강원특별자치도,춘천시,춘천장례식장,강원특별자치도 춘천시 동면 소양강로 409 (장학리),033-256-4444,6,8,50,식당·주차장·유족대기실·장애인편의시설,사설(전문),
경상북도,경산시,옥산전문장례식장,경상북도 경산시 서상길 84 (서상동),053-801-4444,6,8,200,식당·주차장·유족대기실,사설(전문),
전라남도,신안군,북신안농협장례식장,전라남도 신안군 지도읍 해제지도로 979-47 (광정리),061-275-4440,2,4,50,주차장·유족대기실,사설(전문),
경상남도,사천시,사천시시민장례식장,경상남도 사천시 송포공단길 31시민장례식장 (송포동),055-834-1051,4,6,150,식당·매점·주차장·유족대기실·장애인편의시설,사설(전문),
경기도,동두천시,예드림장례식장,경기도 동두천시 강변로 422 (생연동),031-868-4440,4,8,50,식당·매점·주차장·유족대기실·장애인편의시설,사설(병원),
경기도,시흥시,센트럴병원장례식장,"경기도 시흥시 공단1대로 237 (정왕동, 센트럴병원)",031-434-4466,5,8,300,식당·매점·주차장·유족대기실,사설(병원),
경기도,양주시,양주예쓰병원 장례식장,경기도 양주시 회정로109번길 7-20 (덕정동),031-859-0444,0,4,100,식당·주차장·유족대기실·장애인편의시설,사설(병원),
경상북도,안동시,안동전문장례식장,경상북도 안동시 강남로 5 안동전문장례식장 (수상동),054-821-0101,5,6,95,식당·주차장·유족대기실,사설(전문),
경기도,시흥시,시흥장례원장례식장,경기도 시흥시 서해안로 586 (정왕동),031-434-4114,6,9,120,식당·매점·주차장·유족대기실·장애인편의시설,사설(전문),
경상북도,상주시,대한적십자사상주병원장례식장,"경상북도 상주시 상서문로 53 (남성동, 적십자병원)",054-530-3017,3,6,100,식당·매점·주차장·유족대기실,사설(병원),
충청남도,부여군,규암농협장례식장,"충청남도 부여군 규암면 반산로 30 (반산리, 부여장례식장)",041-837-0180,4,6,0,식당·주차장·유족대기실,사설(전문),
전라남도,순천시,순천의료원장례식장,"전라남도 순천시 서문성터길 2 (매곡동, 순천의료원)",061-759-9090,8,12,275,식당·매점·주차장·유족대기실·장애인편의시설,공설(병원),
전북특별자치도,전주시 완산구,전주시 완산구뉴타운장례식장,전라북도 전주시 완산구 노송광장로 60 (서노송동),063-284-4444,8,14,0,주차장,사설(전문),
서울특별시,영등포구,영등포장례식장,"서울특별시 영등포구 당산로31길 6 (당산동3가, 영등포병원)",02-2679-4444,6,17,300,식당·매점·주차장·유족대기실,사설(병원),
전라남도,강진군,강진장례식장,전라남도 강진군 강진읍 청자로 75-9 (목리),061-432-4004,3,4,200,식당·주차장·유족대기실,사설(전문),
전북특별자치도,임실군,임실 중앙장례식장,전라북도 임실군 임실읍 호국로 1767 (이도리),063-644-6666,3,6,100,식당·매점·주차장·유족대기실·장애인편의시설,사설(전문),
충청남도,부여군,사비장례문화원장례식장,충청남도 부여군 규암면 충절로 2163 (외리),041-835-4100,4,6,250,식당·매점·주차장·유족대기실·장애인편의시설,사설(전문),
경상남도,합천군,합천장례식장,경상남도 합천군 대양면 동부로 64-2 (정양리),055-932-7000,3,8,110,주차장·유족대기실·장애인편의시설,사설(전문),
전북특별자치도,전주시 덕진구,전북대학교병원장례식장,"전라북도 전주시 덕진구 건지로 20 (금암동, 전북대학병원)",063-250-1439,6,16,85,식당·매점·주차장·유족대기실·장애인편의시설,사설(병원),
전라남도,여수시,여천전남병원장례식장,전라남도 여수시 무선로 95 (선원동),061-691-4444,3,10,50,식당·매점·주차장·유족대기실·장애인편의시설,사설(병원),
경기도,양주시,양주장례문화원장례식장,경기도 양주시 평화로1357번길 8 (덕계동),031-863-4444,5,14,100,식당·매점·주차장·유족대기실·장애인편의시설,사설(전문),
울산광역시,남구,굿모닝병원장례식장,울산광역시 남구 삼산로 110 (달동),052-256-7444,5,8,300,식당·매점·주차장·유족대기실,사설(병원),
부산광역시,부산진구,온종합병원 장례식장,부산광역시 부산진구 가야대로 721 (당감동),051-607-0111,8,10,0,식당·매점·주차장·유족대기실·장애인편의시설,사설(병원),
전라남도,광양시,광양장례식장,전라남도 광양시 광양읍 해광로 897 (덕례리),061-761-5500,4,6,300,주차장·유족대기실,사설(전문),
경상남도,김해시,조은금강병원장례식장,경상남도 김해시 김해대로 1814-37 (삼계동),055-330-0400,6,10,800,식당·매점·주차장·유족대기실·장애인편의시설,사설(병원),
경상남도,함안군,시영의료재단 영동병원장례식장,"경상남도 함안군 칠원읍 용산2길 45-13 (용산리, 병원)",055-587-4447,2,6,100,식당·매점·주차장·유족대기실·장애인편의시설,사설(병원),
충청남도,서천군,서천한국장례식장,충청남도 서천군 마서면 어리길 205-7 (어리),041-952-0004,3,4,0,,사설(병원),
강원특별자치도,영월군,영월장례식장,강원도 영월군 영월읍 영월로 2360-6 (연하리),033-374-5354,3,4,0,주차장,사설(전문),
경기도,안산시,세화병원장례식장,경기도 안산시 상록구 용신로 355 (본오동),031-501-4444,3,4,100,식당·매점·주차장·유족대기실,사설(병원),
전북특별자치도,전주시 덕진구,시티장례문화원장례식장,전라북도 전주시 완산구 콩쥐팥쥐로 1614 (상림동),063-274-4444,6,10,250,매점·주차장·유족대기실·장애인편의시설,사설(전문),
충청남도,논산시,놀뫼시민장례원장례식장,충청남도 논산시 원댕이길 12 (내동),041-733-0404,5,8,500,주차장·유족대기실,사설(전문),
부산광역시,부산진구,부산진구시민장례식장,부산광역시 부산진구 자유평화로 31 (범천동),051-636-4444,18,34,300,식당·매점·주차장·유족대기실·장애인편의시설,사설(전문),
경기도,의정부시,추병원장례식장,경기도 의정부시 평화로 650 (의정부동),031-844-4442,5,6,0,매점·주차장,사설(병원),
경상북도,청송군,안덕장례식장,경상북도 청송군 안덕면 청송로 1914 (복리),054-872-0850,2,4,50,주차장·장애인편의시설,사설(전문),
경상북도,영양군,영양병원장례식장,"경상북도 영양군 영양읍 동서대로 75 (서부리, 영양병원)",054-682-0727,2,4,0,주차장,사설(병원),
경상북도,경주시,경주하늘마루장례식장,경상북도 경주시 서면 하늘마루길 330 (도리),054-751-9444,5,10,281,식당·매점·주차장·유족대기실·장애인편의시설,공설(전문),
부산광역시,동래구,성산현대요양병원장례식장,"부산광역시 동래구 시실로 12,B1층 (명륜동, 현대병원)",051-552-1024,2,4,10,주차장·유족대기실,사설(병원),
경상남도,창원시 진해구,창원시 진해구늘푸른장례식장,경상남도 창원시 진해구 충장로 181 (여좌동),055-551-8000,3,6,45,식당·매점·주차장·유족대기실·장애인편의시설,사설(병원),
경상북도,포항시 북구,포항e병원장례식장,경상북도 포항시 북구 중흥로 227 (죽도동),054-272-4414,3,6,0,식당·주차장·유족대기실·장애인편의시설,사설(병원),
강원특별자치도,횡성군,횡성삼성병원장례식장,"강원특별자치도 횡성군 횡성읍 삼일로81번길 40 (읍하리, 횡성삼성병원)",033-342-4444,2,6,0,식당·매점·주차장·유족대기실·장애인편의시설,사설(병원),
경상북도,문경시,문경국화원장례식장,경상북도 문경시 공평로 134 (공평동),054-555-6444,4,8,150,식당·주차장,사설(전문),
서울특별시,성북구,고려대학교안암병원장례식장,서울특별시 성북구 안암동5가  126-1 고대안암병원장례식장,02-923-4442,11,22,300,식당·매점·주차장·유족대기실·장애인편의시설,사설(병원),
서울특별시,노원구,원자력병원장례식장,"서울특별시 노원구 노원로 75 (공릉동, 한국원자력의학원)",02-970-1288,8,14,815,식당·매점·주차장·유족대기실·장애인편의시설,공설(병원),
대전광역시,중구,대전성모병원장례식장,"대전광역시 중구 대흥로 64 (대흥동, 가톨릭대학교대전성모병원)",042-220-9870,8,16,614,식당·매점·주차장·유족대기실,사설(병원),
경상남도,의령군,의령사랑병원장례식장,경상남도 의령군 의령읍 의합대로 105-8 (무전리),055-572-3900,2,4,30,식당·매점·주차장·유족대기실·장애인편의시설,사설(병원),
전북특별자치도,익산시,동이리장례식장,전라북도 익산시 서동로 5 (인화동2가),063-843-4444,4,8,0,주차장·유족대기실·장애인편의시설,사설(전문),
경기도,파주시,예담장례식장,경기도 파주시 문산읍 화석정로 31 (선유리),031-959-4444,3,6,200,식당·매점·주차장·유족대기실·장애인편의시설,사설(병원),
경상북도,포항시 남구,쉴낙원 포항제일장례식장,"경상북도 포항시 남구 해병로 63 (청림동, 포항제일장례식장)",054-293-4004,5,8,90,식당·매점·주차장·유족대기실·장애인편의시설,사설(전문),
경상남도,고성군,고성장례식장화라,경상남도 고성군 고성읍 상정대로 390 (교사리),055-672-5000,6,8,150,식당·주차장·장애인편의시설,사설(전문),
부산광역시,동래구,대동병원장례식장,"부산광역시 동래구 충렬대로181번길 22 (지하1층, 2층)",051-550-9991,7,10,0,식당·매점·주차장·유족대기실,사설(병원),
경상북도,구미시,구미가톨릭요양병원장례식장,경상북도 구미시 야은로 483 (도량동),054-442-2323,4,6,100,식당·주차장·유족대기실·장애인편의시설,사설(병원),
인천광역시,중구,인천삼성장례문화원장례식장,인천광역시 중구 우현로62번길 34-1 (경동),032-777-4445,3,6,80,식당·매점·주차장·유족대기실·장애인편의시설,사설(전문),
서울특별시,양천구,이대목동병원장례식장,"서울특별시 양천구 안양천로 1071 (목동, 이화여대목동병원)",02-2650-5121,10,28,725,식당·매점·주차장·유족대기실·장애인편의시설,사설(병원),
경상북도,안동시,안동의료원 장례식장 국화원,"경상북도 안동시 태사2길 55,안동의료원 (북문동)",054-850-6440,5,8,184,식당·매점·주차장·유족대기실·장애인편의시설,공설(병원),
대구광역시,달성군,대구가톨릭사회복지회논공 장례식장,"대구광역시 달성군 논공읍 논공로 210, 성요셉요양병원장례식장 (남리)",053-617-3644,5,8,200,식당·주차장·유족대기실·장애인편의시설,사설(병원),
경기도,구리시,원진녹색병원장례식장,경기도 구리시 동구릉로 65 (인창동),031-552-5119,5,8,250,식당·매점·주차장·유족대기실·장애인편의시설,사설(병원),
대구광역시,서구,새동산병원 장례식장,대구광역시 서구 국채보상로 379 (비산동),053-527-4447,2,4,80,주차장,사설(병원),
제주특별자치도,제주시,우선종합 장례식장,제주특별자치도 제주시 조천읍 함덕남2길 14 (함덕리),064-727-4444,5,10,100,식당·주차장·유족대기실·장애인편의시설,사설(전문),
경상북도,성주군,성주효병원장례식장,경상북도 성주군 성주읍 성주순환로 239 (예산리),054-933-1282,4,6,50,식당·매점·주차장·유족대기실,사설(병원),
서울특별시,영등포구,교원예움 서서울장례식장,"서울특별시 영등포구 선유로 101,교원예움서서울장례식장 (양평동1가)",02-2676-4444,6,11,50,식당·매점·주차장·유족대기실·장애인편의시설,사설(전문),
경기도,부천시,휴앤유병원장례식장,경기도 부천시 소사구 심곡로10번길 63 (송내동),032-662-1024,5,6,100,매점·주차장·유족대기실,사설(병원),
경기도,고양시 일산서구,일산백장례서비스장례식장,"경기도 고양시 일산서구 주화로 170,일산백병원B2층 (대화동)",031-910-7444,6,14,1000,식당·매점·주차장·유족대기실·장애인편의시설,사설(병원),
경상북도,경산시,부림요양병원장례식장,경상북도 경산시 와촌면 하양로 359 (용천리),053-853-1888,3,4,100,식당·주차장·유족대기실,사설(병원),
충청남도,홍성군,신광천장례식장,충청남도 홍성군 은하면 충서로 93 (장척리),041-641-4466,6,8,200,주차장·유족대기실·장애인편의시설,사설(전문),
경상남도,하동군,하동병원장례식장,경상남도 하동군 하동읍 화심길 51-7 (두곡리),055-884-7044,5,6,100,식당·매점·주차장·유족대기실·장애인편의시설,사설(병원),
전라남도,나주시,영산포제일병원장례식장,전라남도 나주시 대기2길 12 (이창동),061-334-1444,2,4,50,식당·주차장·유족대기실·장애인편의시설,사설(병원),
경상남도,의령군,자굴산장례식장,경상남도 의령군 가례면 홍의로 312 (가례리),055-573-2233,3,4,150,식당·주차장,사설(전문),
경상북도,김천시,김천시민장례식장,경상북도 김천시 남면 초곡길 167 (초곡리),054-435-4321,3,6,150,식당·매점·주차장·유족대기실·장애인편의시설,사설(전문),
전라남도,여수시,호남장례식장,전라남도 여수시 신월로 438 (신월동),061-641-0404,4,6,100,식당·매점·주차장·유족대기실,사설(전문),
충청북도,음성군,제일조은병원장례식장,충청북도 음성군 금왕읍 음성로1230번길 12 (금석리),043-877-4444,3,6,300,식당·매점·주차장·유족대기실·장애인편의시설,사설(병원),
대구광역시,북구,배성병원장례식장,대구광역시 북구 검단로 140 (검단동),053-382-1600,4,8,100,식당·주차장,사설(전문),
부산광역시,영도구,정요양병원장례식장,"부산광역시 영도구 절영로 32 (대교동1가, 정요양병원)",051-410-1777,4,6,60,식당·매점·주차장·유족대기실·장애인편의시설,사설(병원),
전북특별자치도,순창군,순창현대장례식장,전라북도 순창군 순창읍 교성로 141-21 (가남리),063-653-4444,3,4,100,식당·주차장,사설(전문),
전라남도,영암군,낙원장례식장,전라남도 영암군 미암면 잿등로 276 (채지리),061-472-4444,2,4,100,주차장,사설(전문),
경상남도,창원시,창원시립상복공원장례식장,경상남도 창원시 성산구 공단로474번길 160 (상복동),055-712-0930,10,16,450,식당·매점·주차장·유족대기실·장애인편의시설,공설(전문),
충청북도,보은군,보은장례식장,충청북도 보은군 보은읍 보청대로 1469-36 (길상리),043-544-0028,3,4,200,식당·매점·주차장·유족대기실·장애인편의시설,사설(전문),
대구광역시,달성군,대구이로운전문장례식장,대구광역시 달성군 다사읍 달구벌대로 893 (매곡리),053-584-0044,3,4,81,식당·매점·주차장·유족대기실·장애인편의시설,사설(전문),
강원특별자치도,동해시,동해병원장례식장,"강원도 동해시 하평로 11 (평릉동, 산재의료관리원동해병원)",033-535-3001,6,6,50,식당·매점·주차장·유족대기실·장애인편의시설,사설(병원),
강원특별자치도,평창군,평창장례식장,"강원도 평창군 평창읍 종부로 61 (종부리, 평창군보건의료원)",033-339-9033,4,6,0,식당·주차장·유족대기실,공설(전문),
충청남도,서산시,서산시민장례식장,충청남도 서산시 잠홍2길 21 (잠홍동),041-664-4500,4,8,100,식당·매점·주차장·유족대기실·장애인편의시설,사설(전문),
충청북도,충주시,충주기독장례식장,충청북도 충주시 성남2길 7 (성남동),043-844-4460,5,8,60,식당·매점·주차장·유족대기실·장애인편의시설,사설(전문),
경상남도,창원시 의창구,창원파티마병원장례식장,경상남도 창원시 의창구 창이대로 45 (명서동),055-270-1900,4,8,0,식당·매점·주차장·유족대기실·장애인편의시설,사설(병원),
광주광역시,서구,선한병원장례식장,"광주광역시 서구 무진대로 975,지하1층 (광천동)",062-365-4004,3,6,400,식당·매점·주차장·유족대기실·장애인편의시설,사설(병원),
충청남도,부여군,부여군금강장례식장,충청남도 부여군 부여읍 백제문화로429번길 9 (자왕리),041-834-0100,3,4,0,식당·주차장·유족대기실,사설(전문),
대전광역시,서구,쉴낙원 갈마성심장례식장,"대전광역시 서구 갈마로 45,지하1층 (갈마동)",042-533-4400,6,10,200,주차장·유족대기실,사설(전문),
충청남도,공주시,계룡장례식장,충청남도 공주시 창벽로 182 (소학동),041-853-4444,3,10,200,주차장·유족대기실,사설(전문),
대구광역시,동구,안심병원장례식장,대구광역시 동구 안심로41길 50 (서호동),053-962-1024,3,4,0,,사설(병원),
전라남도,함평군,함평장례식장,전라남도 함평군 함평읍 중앙길 124 (기각리),061-324-4440,3,6,0,식당·매점·주차장·유족대기실,사설(전문),
경상북도,청송군,청송군보건의료원장례식장,"경상북도 청송군 청송읍 의료원길 19 (금곡리, 청송보건의료원)",054-873-7801,3,4,0,식당·매점·주차장·유족대기실·장애인편의시설,사설(병원),
충청북도,청주시 서원구,청주탑요양병원장례식장,충청북도 청주시 서원구 궁뜰로 16(미평동),043-296-9696,4,8,0,매점·주차장·유족대기실,사설(병원),
경기도,안산시,안산장례식장,경기도 안산시 상록구 선진안길 33 (사동),031-419-4400,5,10,11,주차장·유족대기실,사설(전문),
인천광역시,미추홀구,인천사랑병원장례식장,"인천광역시 미추홀구 미추홀대로 726 (주안동, 인천사랑병원)",032-441-0404,4,10,0,식당·매점·주차장·유족대기실,사설(병원),
강원특별자치도,철원군,철원장례문화원장례식장,강원도 철원군 동송읍 금학로157번길 23-17 (이평리),033-456-4444,3,8,100,식당·주차장·유족대기실,사설(병원),
경상남도,합천군,합천고려병원 장례식장,경상남도 합천군 대양면 대야로 737-20 (정양리),055-931-4464,3,4,60,주차장·유족대기실,사설(전문),
충청남도,당진시,당진중앙장례식장,충청남도 당진시 송악읍 조비실길 47 (광명리),041-358-3000,4,10,100,식당·매점·주차장·유족대기실·장애인편의시설,사설(전문),
충청남도,태안군,태안군보건의료원 상례원장례식장,"충청남도 태안군 태안읍 서해로 1952-16 (평천리, 태안군보건의료원)",041-671-5303,6,10,100,식당·매점·주차장·유족대기실,공설(병원),
경기도,의정부시,의정부장례식장,경기도 의정부시 체육로 113-18 (녹양동),031-871-4444,5,8,250,식당·매점·주차장·유족대기실·장애인편의시설,사설(전문),
경기도,평택시,안중장례문화센타장례식장,"경기도 평택시 안중읍 서동대로 1931-11 (금곡리, 안중백병원)",031-683-4440,6,10,150,식당·매점·주차장·유족대기실·장애인편의시설,사설(전문),
전북특별자치도,익산시,모현장례문화원장례식장,전라북도 익산시 오산면 무왕로2길 321-20 (장신리),063-853-9889,6,6,136,식당·매점·주차장·유족대기실·장애인편의시설,사설(전문),
대구광역시,서구,제일효병원장례식장,대구광역시 서구 북비산로 250 (평리동),053-525-1024,4,5,100,주차장·유족대기실·장애인편의시설,사설(병원),
경상남도,함안군,새롬병원장례식장,경상남도 함안군 칠원읍 예곡1길 13 (예곡리),055-586-6006,3,6,100,식당·매점·주차장·유족대기실,사설(병원),
전라남도,순천시,순천중앙병원장례식장,"전라남도 순천시 장명로 5 (장천동, 중앙병원)",061-744-0444,2,6,50,식당·매점·주차장·유족대기실·장애인편의시설,사설(병원),
경상북도,영천시,영천장례식장,경상북도 영천시 한방로 35 (도동),054-332-4000,5,8,0,식당·주차장·유족대기실,사설(전문),
전북특별자치도,익산시,익산팔봉장례식장,"전라북도 익산시 무왕로 1671 (덕기동, 익산팔봉장례식장)",063-833-8080,6,10,200,식당·매점·주차장·유족대기실·장애인편의시설,사설(전문),
경기도,부천시,순천향부천장례식장,"경기도 부천시 원미구 조마루로 170 (중동, 순천향대학교부천병원)",032-327-3060,5,14,742,식당·매점·주차장·유족대기실,사설(병원),
대구광역시,수성구,수성연도실장례식장,"대구광역시 수성구 수성로 347 (수성동1가, 수성성당)",053-751-5961,1,3,20,주차장·유족대기실,사설(전문),
서울특별시,강동구,강동경희대학교병원장례식장,"서울특별시 강동구 동남로 892 (상일동, 강동경희대학교병원)",02-440-8800,8,14,0,식당·매점·주차장·유족대기실·장애인편의시설,사설(병원),
경상남도,양산시,혜인요양병원장례식장,"경상남도 양산시 웅상대로 955지하1층장례식장 (평산동, 토해인병원)",055-912-4449,2,2,50,식당·매점·주차장,사설(병원),
전라남도,화순군,화순장례식장,전라남도 화순군 화순읍 충의로 167 (일심리),061-373-4444,4,6,300,식당·주차장·유족대기실·장애인편의시설,사설(전문),
전라남도,목포시,서해안장례식장,전라남도 목포시 고하대로 797 (연산동),061-246-4444,5,6,100,식당·매점·주차장·유족대기실·장애인편의시설,사설(전문),
경상남도,사천시,삼천포장례식장,경상남도 사천시 진삼로 217-13 (송포동),055-835-2244,4,6,100,매점·주차장·유족대기실·장애인편의시설,사설(전문),
충청남도,청양군,청양농협 장례식장,"충청남도 청양군 청양읍 충절로 1379 (학당리, 청양장례식장)",041-942-4600,4,8,100,식당·매점·주차장·유족대기실·장애인편의시설,사설(전문),
대구광역시,남구,대명휴장례식장,대구광역시 남구 대명로 86 지하1층 대명휴장례식장(대명동),053-472-0001,4,6,100,식당·매점·주차장·유족대기실·장애인편의시설,사설(병원),
충청남도,천안시 동남구,순천향천안장례식장,"충청남도 천안시 동남구 순천향6길 30 (봉명동, 순천향대학교천안병원)",041-570-2444,4,10,300,식당·매점·주차장·유족대기실,사설(병원),
강원특별자치도,원주시,연세대학교 원주장례식장,"강원도 원주시 일산로 20,내 (일산동, 연세대학교원주세브란스기독병원)",033-744-3969,6,18,0,식당·매점·주차장·유족대기실·장애인편의시설,사설(병원),
전라남도,해남군,해남국제장례식장,전라남도 해남군 해남읍 남부순환로 321-37 (용정리),061-536-4494,2,6,0,주차장,사설(전문),
광주광역시,동구,남도장례식장,광주광역시 동구 중앙로 283-1 (계림동),062-223-7715,3,6,70,식당·주차장·유족대기실,사설(전문),
광주광역시,북구,구호전장례식장,광주광역시 북구 독립로 409 (우산동),062-960-4444,7,8,170,식당·매점·주차장·유족대기실·장애인편의시설,사설(전문),
대전광역시,중구,중구시민장례식장,"대전광역시 중구 보문산로 359, 별관 (문화동)",042-253-4801,4,10,100,식당·주차장·유족대기실·장애인편의시설,사설(병원),
대구광역시,중구,계산성당 연도실장례식장,"대구광역시 중구 서성로 10 (계산동2가, 천주교계산천주교회)",053-256-2046,1,4,200,주차장·유족대기실,사설(전문),
충청북도,옥천군,옥천농협장례식장,충청북도 옥천군 옥천읍 옥천로 1720 (대천리),043-731-4443,4,6,80,주차장·유족대기실·장애인편의시설,사설(전문),
대구광역시,수성구,모레아장례식장,대구광역시 수성구 유니버시아드로 365 (욱수동),053-801-9999,6,10,0,식당·매점·주차장·유족대기실,사설(전문),
경기도,구리시,한양대학교구리병원장례식장,"경기도 구리시 경춘로 153 (교문동, 한양대학교구리병원)",031-566-2040,4,8,0,식당·매점·주차장·유족대기실·장애인편의시설,사설(병원),
전북특별자치도,순창군,순창장례식장,전라북도 순창군 순창읍 순창로 89 (가남리),063-653-6644,3,4,70,식당·주차장·유족대기실,사설(전문),
제주특별자치도,서귀포시,서귀포의료원장례식장,제주특별자치도 서귀포시 장수로 47 (동홍동),064-730-3710,4,14,0,식당·매점·주차장·유족대기실,공설(병원),
전라남도,곡성군,석곡농협장례식장,전라남도 곡성군 석곡면 주석로 657-5 (석곡리),061-362-0088,3,4,0,주차장,사설(전문),
경상남도,창원시 마산회원구,삼성창원병원장례식장,"경상남도 창원시 마산회원구 팔용로 158 (합성동, 삼성창원병원)",055-233-5131,6,20,0,식당·매점·주차장·유족대기실·장애인편의시설,사설(병원),
전북특별자치도,전주시 덕진구,대송장례식장,전라북도 전주시 덕진구 동부대로 1015 (송천동2가),063-274-4300,6,8,300,식당·매점·주차장·유족대기실·장애인편의시설,사설(전문),
서울특별시,영등포구,한림대 강남성심병원장례식장,"서울특별시 영등포구 신길로 1 (대림동, 강남성심병원)",02-833-3794,2,8,0,식당·매점·주차장·유족대기실·장애인편의시설,사설(병원),
경상북도,김천시,태찬장례식장,경상북도 김천시 농공단지길 20-22 (신음동),054-435-6119,5,6,200,식당·매점·주차장·유족대기실·장애인편의시설,사설(전문),
충청남도,홍성군,홍성장례식장,충청남도 홍성군 금마면 금마로 254 (덕정리),041-631-4414,5,8,400,식당·매점·주차장·유족대기실·장애인편의시설,사설(전문),
대구광역시,북구,강북전문장례식장,대구광역시 북구 칠곡중앙대로 504-12 (읍내동),053-313-1024,4,8,200,식당·매점·주차장·유족대기실,사설(전문),
전라남도,진도군,진도전남병원장례식장,"전라남도 진도군 진도읍 남문길 12-11 (남동리, 진도전남병원)",061-544-4441,2,4,40,식당·매점·주차장·유족대기실,사설(병원),
전라남도,광양시,광양서울병원장례식장,"전라남도 광양시 진등길 93 (마동, 광양서울병원)",02-794-4440,4,6,220,식당·주차장·유족대기실·장애인편의시설,사설(병원),
전북특별자치도,김제시,김제 중앙병원 장례식장,전라북도 김제시 동서로 77(교동),063-548-8844,5,8,0,매점·주차장·유족대기실·장애인편의시설,사설(병원),
경기도,시흥시,시흥누리병원장례식장,경기도 시흥시 수인로3325번길 5 (신천동),031-404-4444,4,8,100,식당·매점·주차장·유족대기실·장애인편의시설,사설(전문),
경기도,이천시,송산장례식장,경기도 이천시 장호원읍 서동대로 8579 (송산리),031-641-4440,4,8,200,식당·매점·주차장·유족대기실,사설(전문),
경상남도,산청군,원지산청장례식장,경상남도 산청군 신안면 지리산대로 3657 (하정리),055-974-1234,4,4,50,식당·주차장,사설(전문),
경상남도,거창군,덕유산자연사랑장례식장,경상남도 거창군 거창읍 거안로 1266-77 (송정리),055-808-7444,3,0,150,식당·주차장·유족대기실·장애인편의시설,사설(병원),
부산광역시,동구,인창병원장례식장,부산광역시 동구 중앙대로 281 (초량동),051-464-5858,9,12,0,식당·매점·주차장·유족대기실·장애인편의시설,사설(병원),
경상북도,안동시,안동농협장례식장,경상북도 안동시 서동문로 99 (금곡동),054-821-4404,3,10,0,식당·매점·주차장·유족대기실·장애인편의시설,사설(병원),
서울특별시,영등포구,한강성심병원장례식장,"서울특별시 영등포구 국회대로56길 18,한강성심병원5별관지하1층 (영등포동7가, 한강성심병원)",02-2633-4455,5,12,500,식당·매점·주차장·유족대기실·장애인편의시설,사설(병원),
서울특별시,성동구,한양대학병원장례식장,"서울특별시 성동구 왕십리로 222-1 (사근동, 한양대학부속병원)",02-2290-9442,9,20,300,식당·매점·주차장·유족대기실·장애인편의시설,사설(병원),
경기도,수원시 팔달구,성빈센트병원 장례식장,"경기도 수원시 팔달구 중부대로 93 (지동, 성빈센트병원)",031-249-8444,7,14,951,식당·주차장·장애인편의시설,사설(병원),
충청남도,예산군,예산중앙장례식장,충청남도 예산군 예산읍 마상길 11 (주교리),041-331-4448,4,6,250,식당·주차장·유족대기실·장애인편의시설,사설(전문),
충청남도,천안시 서북구,천안충무병원 국화원장례식장,충청남도 천안시 서북구 다가말3길 8 (쌍용동),041-360-1059,1,4,0,,사설(병원),
충청남도,논산시,서논산장례식장,충청남도 논산시 성동면 논산평야로 92 (원북리),041-733-4040,5,6,0,식당·매점·주차장·유족대기실·장애인편의시설,사설(전문),
경상남도,사천시,추모원장례식장,경상남도 사천시 서포면 서포로 786 (외구리),055-855-4433,3,4,60,식당·매점·주차장·유족대기실,사설(전문),
경상북도,울진군,울진군의료원장례식장,"경상북도 울진군 울진읍 현내항길 71 (연지리, 울진군의료원)",054-785-7800,5,10,150,식당·매점·주차장·유족대기실·장애인편의시설,공설(병원),
경상북도,예천군,예천농협장례식장,경상북도 예천군 예천읍 양궁로 154 (청복리),054-655-0990,4,6,70,식당·주차장·유족대기실·장애인편의시설,사설(전문),
경기도,포천시,경기도의료원 포천병원장례식장,경기도 포천시 포천로 1648 (신읍동),031-539-9446,5,10,0,식당·매점·주차장·유족대기실·장애인편의시설,공설(병원),
경상북도,영천시,영천영락원장례식장,경상북도 영천시 천문로 596-8 (오미동),054-336-4444,6,8,300,식당·매점·주차장·유족대기실·장애인편의시설,사설(전문),
경기도,남양주시,나눔병원장례식장,"경기도 남양주시 오남읍 진건오남로797번길 9 (양지리, 우리병원)",031-574-4442,3,8,200,식당·매점·주차장·유족대기실·장애인편의시설,사설(병원),
대전광역시,서구,서구성심장례식장,대전광역시 서구 갑천도시고속도로 1893 (월평동),042-522-4494,7,10,200,주차장·유족대기실,사설(전문),
강원특별자치도,삼척시,도계장례식장,"강원특별자치도 삼척시 도계읍 도계로3길 16-25 (전두리, 도계장례식장)",033-541-2404,2,5,30,식당·매점·주차장·유족대기실·장애인편의시설,공설(전문),
전북특별자치도,임실군,오수장례식장,전라북도 임실군 오수면 춘향로 1483 (금암리),063-644-0444,3,4,200,식당·매점·주차장·유족대기실·장애인편의시설,사설(전문),
인천광역시,동구,인천광역시의료원 장례식장,"인천광역시 동구 방축로 217 (송림동, 인천광역시의료원)",032-580-6662,8,16,434,매점·주차장·유족대기실·장애인편의시설,공설(병원),
경기도,남양주시,원병원장례식장,"경기도 남양주시 화도읍 경춘로 1943-16 (창현리, 원병원)",031-511-9944,5,12,0,식당·매점·주차장·유족대기실·장애인편의시설,사설(병원),
전북특별자치도,익산시,실로암사랑요양병원장례식장,전라북도 익산시 선화로 389 (영등동),063-858-4444,3,6,100,식당·매점·주차장·유족대기실·장애인편의시설,사설(병원),
경상북도,경산시,경산시세명병원장례식장,경상북도 경산시 경안로 208 (중방동),053-816-4444,4,8,120,식당·주차장·유족대기실,사설(병원),
부산광역시,남구,대연장례식장,부산광역시 남구 수영로 164 (대연동),051-711-4448,3,6,100,식당·매점·주차장·유족대기실·장애인편의시설,사설(병원),
충청남도,당진시,쉴낙원 당진장례식장,"충청남도 당진시 남부로 28 (채운동, 당진장례식장)",041-354-4444,8,16,200,식당·매점·주차장·유족대기실·장애인편의시설,사설(전문),
전북특별자치도,순창군,순창온누리장례식장,전라북도 순창군 순창읍 남계로 14 (교성리 659-24),063-653-4482,3,6,80,주차장·유족대기실·장애인편의시설,사설(전문),
서울특별시,동작구,중앙대학교병원장례식장,"서울특별시 동작구 흑석로 102 (흑석동, 중앙대학교병원)",02-860-3500,7,12,0,식당·매점·주차장·유족대기실·장애인편의시설,사설(병원),
경상남도,양산시,새웅상요양병원장례식장,경상남도 양산시 서창동1길 7 (삼호동),055-362-4444,3,4,30,식당·매점·주차장·유족대기실·장애인편의시설,사설(병원),
경상북도,영주시,하늘전문장례식장,경상북도 영주시 구성로 321-16 (영주동),054-633-4444,3,4,0,,사설(전문),
대구광역시,달서구,한결장례식장,"대구광역시 달서구 대명천로 15 (성당동, 한결요양병원)",053-655-4444,4,6,70,식당·매점·주차장·유족대기실·장애인편의시설,사설(병원),
경기도,용인시,용인시민장례문화원장례식장,"경기도 용인시 처인구 양지면 중부대로 1978-24 (남곡리, 용인시민장례문화원)",031-334-4444,7,8,100,식당·매점·주차장·유족대기실·장애인편의시설,사설(전문),
대구광역시,북구,대구상례원전문장례식장,대구광역시 북구 호국로 133 (서변동),053-952-4000,9,16,200,식당·매점·주차장·유족대기실·장애인편의시설,사설(전문),
부산광역시,영도구,구민장례식장,부산광역시 영도구 절영로 16 (대교동1가),051-416-0004,6,8,63,식당·매점·주차장·유족대기실·장애인편의시설,사설(전문),
전북특별자치도,남원시,인월장례식장,전라북도 남원시 인월면 황산로 1735 (서무리),063-632-9400,3,4,500,식당·매점·주차장·유족대기실·장애인편의시설,사설(전문),
경기도,의정부시,보람의정부장례식장,"경기도 의정부시 추동로 253, B1층 (신곡동)",031-851-4444,8,12,150,식당·매점·주차장·유족대기실·장애인편의시설,사설(전문),
경상북도,구미시,선산전문장례식장,경상북도 구미시 선산읍 선상동로 58 (생곡리),054-482-1414,3,4,0,식당·주차장·유족대기실·장애인편의시설,사설(전문),
서울특별시,중구,국립중앙의료원 장례식장,"서울특별시 중구 을지로 245 (을지로6가, 국립중앙의료원)",02-2262-4800,11,31,260,식당·매점·주차장·유족대기실·장애인편의시설,공설(병원),
충청남도,천안시 동남구,천안삼거리국화원장례식장,"충청남도 천안시 동남구 충절로 575 (삼룡동, 천안삼거리장례식장)",041-562-4444,5,16,100,식당·매점·주차장·유족대기실,사설(전문),
경상북도,영주시,풍기전문장례식장,경상북도 영주시 풍기읍 안풍로 231 (산법리),054-637-4442,2,2,0,,사설(전문),
전북특별자치도,남원시,남원의료원장례식장,전북특별자치도 남원시 충정로 365 (고죽동),063-620-1140,6,10,250,식당·매점·주차장·유족대기실·장애인편의시설,공설(병원),
충청남도,천안시 동남구,로고스요양병원 장례식장,충청남도 천안시 동남구 청수로 123-10 (구성동),041-414-4445,3,6,0,식당·매점·주차장·유족대기실,사설(병원),
경상남도,창녕군,창녕군한성병원장례식장,경상남도 창녕군 창녕읍 교리1길 2 (교리),055-532-1532,2,4,100,식당·매점·주차장·유족대기실·장애인편의시설,사설(병원),
경기도,양평군,양평병원장례식장,경기도 양평군 양평읍 중앙로 129 (공흥리),031-775-4444,4,6,200,식당·매점·주차장·유족대기실,사설(병원),
충청북도,충주시,새로운장례식장,"충청북도 충주시 중심3길 5 (문화동, 새로운병원장례식장)",043-853-9300,6,6,24,식당·매점·주차장·유족대기실,사설(전문),
대구광역시,달서구,구병원장례식장,대구광역시 달서구 감삼북길 141 (감삼동),053-524-4444,3,4,230,매점·주차장·유족대기실,사설(병원),
경상북도,영주시,영주장례식장,경상북도 영주시 신재로 153 (상줄동),054-638-1444,3,4,100,식당·매점·주차장·유족대기실·장애인편의시설,사설(전문),
서울특별시,동작구,서울특별시보라매병원장례식장,"서울특별시 동작구 보라매로5길 20 (신대방동, 서울특별시보라매병원)",02-836-6900,10,22,2,식당·매점·주차장,공설(병원),
전북특별자치도,군산시,동군산병원장례식장,전라북도 군산시 조촌로 155 (조촌동),063-441-4444,6,10,250,주차장,사설(전문),
대구광역시,남구,성심요양병원장례식장,대구광역시 남구 대명로 14 (대명동),053-651-1024,3,4,80,식당·매점·주차장·유족대기실·장애인편의시설,사설(병원),
강원특별자치도,강릉시,강원도강릉의료원장례식장,"강원도 강릉시 경강로 2007,강릉의료원 (남문동)",033-610-1444,6,10,0,식당·매점·주차장·장애인편의시설,공설(병원),
경상북도,봉화군,봉화군산림조합장례식장,"경상북도 봉화군 봉화읍 봉화로 850 (적덕리, 봉화군산림조합장례식장)",054-674-4119,3,6,100,식당·주차장·유족대기실·장애인편의시설,사설(전문),
충청남도,공주시,금강쉴낙원장례식장,충청남도 공주시 우성면 약천길 19 (도천리),041-853-4446,5,6,160,식당·주차장·유족대기실,사설(전문),
전북특별자치도,김제시,김제장례식장,전라북도 김제시 벽성로 614 (검산동),063-548-4700,4,8,127,주차장,사설(전문),
경기도,부천시,부천장례식장,경기도 부천시 원미구 원미로 213 (춘의동),032-651-0444,12,24,300,식당·매점·주차장·유족대기실·장애인편의시설,사설(전문),
전북특별자치도,정읍시,정읍호남장례식장,전라북도 정읍시 정읍남로 1252 (시기동),063-533-4500,4,6,300,식당·매점·주차장·유족대기실·장애인편의시설,사설(전문),
전라남도,나주시,나주효사랑요양병원장례식장,전라남도 나주시 금천면 영산로 5891-9 (촌곡리),061-332-4454,2,2,200,식당·매점·주차장·유족대기실·장애인편의시설,사설(병원),
강원특별자치도,동해시,동해시중앙장례식장,강원도 동해시 효자로 748 (송정동),033-521-3700,4,6,100,식당·매점·주차장·유족대기실·장애인편의시설,사설(전문),
경기도,화성시,조암장례식장,경기도 화성시 장안면 사랑길 111 (사랑리),02-358-4448,5,6,60,식당·매점·주차장·유족대기실·장애인편의시설,사설(전문),
충청북도,보은군,보은농협장례식장,충청북도 보은군 보은읍 남부로 4305 (금굴리),043-543-3360,3,8,150,식당·주차장·유족대기실,사설(전문),
경상남도,고성군,고성영락원장례식장,"경상남도 고성군 고성읍 남해안대로 2607-1 (동외리, 고성영락원장례식장)",055-672-4444,4,6,250,주차장,사설(전문),
제주특별자치도,제주시,그랜드중앙장례식장,제주특별자치도 제주시 월랑로 91 (이호이동),064-721-1000,6,12,300,식당·매점·주차장·유족대기실,사설(병원),
부산광역시,동래구,착한전문장례식장,"부산광역시 동래구 반송로 183 (낙민동, RP안락점)",051-987-1024,9,20,120,식당·매점·주차장·유족대기실·장애인편의시설,사설(전문),
대구광역시,동구,현대S리더스병원장례식장,대구광역시 동구 안심뉴타운2로 77 3층(율암동),053-716-4444,5,8,80,주차장·유족대기실·장애인편의시설,사설(병원),
전라남도,여수시,여천장례식장,전라남도 여수시 좌수영로 749 (봉계동),061-685-4444,4,6,500,식당·매점·주차장·유족대기실,사설(전문),
광주광역시,광산구,신가병원장례식장,광주광역시 광산구 목련로 316 (신가동),062-962-4444,3,6,300,식당·매점·주차장·유족대기실,사설(병원),
부산광역시,기장군,기장병원장례식장,"부산광역시 기장군 기장읍 대청로72번길 6 (청강리, 기장병원)",051-724-1024,5,6,0,식당·매점·주차장·유족대기실,사설(병원),
경기도,양주시,양주소망장례식장,경기도 양주시 평화로 1741 (회정동),031-866-4444,4,10,0,식당·주차장·유족대기실,사설(병원),
인천광역시,강화군,강화병원장례식장,"인천광역시 강화군 강화읍 강화대로312번길 11 (갑곳리, 강화병원)",032-933-0405,3,8,80,식당·주차장,사설(병원),
경상북도,상주시,상주장례식장,경상북도 상주시 영남제일로 1953 (낙양동),054-531-4444,4,12,350,식당·매점·주차장,사설(전문),
경기도,성남시,성남시의료원장례식장,"경기도 성남시 수정구 수정로171번길 10 (태평동, 성남시의료원)",031-738-7450,9,28,700,식당·매점·주차장·유족대기실·장애인편의시설,공설(병원),
경상북도,포항시 북구,포항시민전문장례식장,경상북도 포항시 북구 새천년대로 1191 (장성동),054-253-4444,7,10,250,식당·매점·주차장·유족대기실·장애인편의시설,사설(전문),
전북특별자치도,장수군,장계 공설장례식장,전라북도 장수군 장계면 진장로 1876 (무농리),063-351-4444,2,4,80,식당·주차장·유족대기실·장애인편의시설,공설(전문),
경기도,포천시,메디힐장례식장,경기도 포천시 신북면 청신로 2139 (기저리),031-534-4401,3,6,100,식당·매점·주차장·유족대기실,사설(병원),
대전광역시,서구,건양대학교병원장례식장,대전광역시 서구 관저동로 158 (관저동),042-600-6666,9,18,200,식당·매점·주차장·유족대기실·장애인편의시설,사설(병원),
경상남도,하동군,고전장례식장,"경상남도 하동군 고전면 하동읍성로 341 (범아리, 고전면복지회관)",055-8806-6197,1,2,20,주차장·유족대기실,공설(전문),
경상남도,김해시,장유누가병원 장례식장,"경상남도 김해시 대청로104번길 80-1 (대청동,누가병원)",055-332-4000,3,10,300,식당·매점·주차장·유족대기실·장애인편의시설,사설(병원),
전라남도,목포시,목포기독병원장례식장,전라남도 목포시 백년대로 303 (상동),061-283-4444,3,6,0,식당·매점·주차장,사설(병원),
경상남도,창녕군,창녕군공설장례식장,경상남도 창녕군 창녕읍 탐하로 201 (술정리),055-533-8510,4,10,0,식당·주차장,공설(전문),
인천광역시,남동구,인천가족공원장례식장,"인천광역시 남동구 만월북로 115 (간석동, 인천가족공원장례식장)",032-501-1925,3,6,9,식당·매점·주차장·유족대기실·장애인편의시설,사설(전문),
강원특별자치도,속초시,강원특별자치도 속초의료원 장례식장,"강원특별자치도 속초시 영랑호반길 3 (영랑동, 속초의료원)",033-630-6016,5,8,200,식당·주차장·유족대기실·장애인편의시설,공설(병원),
전라남도,보성군,벌교장례식장,전라남도 보성군 벌교읍 남하로 26 (장좌리),061-858-4000,2,2,0,식당·주차장,사설(전문),
경상북도,상주시,상주시제일장례식장,경상북도 상주시 영남제일로 1408-15 (복룡동),054-531-4411,5,10,350,식당·매점·주차장·유족대기실·장애인편의시설,사설(전문),
충청남도,천안시 동남구,천안하늘공원장례식장,충청남도 천안시 동남구 만남로 114 (신부동),041-553-8000,6,22,210,식당·주차장,사설(전문),
전라남도,영광군,법성장례식장,전라남도 영광군 법성면 연우로 72 (법성리),061-356-4444,3,4,0,주차장,사설(전문),
대구광역시,달성군,하나원전문장례식장,대구광역시 달성군 현풍면 논공로 96 (성하리),053-615-4000,4,6,500,식당·주차장·유족대기실·장애인편의시설,사설(전문),
전라남도,화순군,제이엔에이실업장례식장,전라남도 화순군 화순읍 중앙로 8 (교리),061-370-4444,2,3,0,식당·매점·주차장·유족대기실·장애인편의시설,사설(병원),
충청남도,서산시,우리요양병원 장례식장,충청남도 서산시 동헌로 15 (석남동),041-664-4449,3,8,100,식당·매점·주차장·유족대기실·장애인편의시설,사설(병원),
경상북도,영주시,풍기성심요양병원장례식장,경상북도 영주시 풍기읍 소백로1916번길 6 (동부리),054-630-2500,3,4,58,식당·매점·주차장·유족대기실·장애인편의시설,사설(병원),
경상북도,경주시,안강중앙병원장례식장,경상북도 경주시 안강읍 안강중앙로 150-3 (산대리),054-761-3014,2,4,50,식당·매점·주차장·유족대기실,사설(병원),
부산광역시,남구,부산성모병원장례식장,부산광역시 남구 용호로232번길 25-14 (용호동),051-933-7480,5,16,0,식당·매점·주차장·장애인편의시설,사설(병원),
충청남도,논산시,황산장례문화원장례식장,충청남도 논산시 계백로 1161 (덕지동),041-733-4447,5,10,0,,사설(전문),
경기도,안산시,사랑의병원장례식장,경기도 안산시 상록구 예술광장로 69 (성포동),031-437-4000,2,6,150,식당·매점·주차장·유족대기실·장애인편의시설,사설(병원),
부산광역시,해운대구,반송장례식장,부산광역시 해운대구 반송로 832 (반송동),051-525-1024,3,4,17,주차장·유족대기실,사설(병원),
경기도,안산시,안산온누리병원장례식장,경기도 안산시 단원구 선부로 201 (선부동),031-487-4444,1,6,0,주차장,사설(병원),
전라남도,목포시,효사랑장례식장,전라남도 목포시 백년대로231번길 13 (상동),061-242-7000,7,10,300,식당·매점·주차장·유족대기실·장애인편의시설,사설(전문),
전라남도,목포시,목포시중앙병원장례식장,전라남도 목포시 영산로 623 (석현동),061-262-6666,5,8,100,식당·매점·주차장·유족대기실·장애인편의시설,사설(병원),
전라남도,고흥군,보람장례식장,전라남도 고흥군 고흥읍 고흥로 1935 (남계리),061-830-3300,5,6,0,식당·주차장,사설(전문),
부산광역시,동구,청십자병원장례식장,부산광역시 동구 중앙대로 364 (수정동),051-469-1024,3,4,17,식당·매점·주차장·유족대기실,사설(병원),
대전광역시,동구,동구한국병원장례식장,"대전광역시 동구 동서대로 1672 (성남동, 대전한국병원)",042-638-4440,5,8,0,식당·주차장·유족대기실·장애인편의시설,사설(병원),
부산광역시,사하구,다대수병원장례식장,부산광역시 사하구 다대로 565 (다대동),051-264-3535,3,4,100,식당·매점·주차장·유족대기실,사설(병원),
대구광역시,달서구,송현장례식장,대구광역시 달서구 월배로 384 (송현동),053-621-4949,4,6,100,식당·주차장·유족대기실,사설(병원),
경기도,구리시,윤서병원장례식장,"경기도 구리시 건원대로99번길 123,건원대로45 (인창동, 윤서병원)",031-562-4444,5,8,100,주차장·유족대기실,사설(전문),
대구광역시,북구,k병원장례식장 예지원,대구광역시 북구 칠곡중앙대로 357 (태전동),053-322-4444,6,8,300,식당·매점·주차장·유족대기실·장애인편의시설,사설(병원),
강원특별자치도,영월군,강원특별자치도 영월의료원장례식장,"강원특별자치도 영월군 영월읍 중앙1로 59 (영흥리, 영월의료원)",033-370-9142,5,8,82,식당·매점·주차장·유족대기실,공설(병원),
경기도,이천시,효자원장례식장,경기도 이천시 백사면 지읍로 169 (조읍리),031-631-4411,10,12,250,식당·매점·주차장·유족대기실·장애인편의시설,사설(전문),
경상북도,상주시,효신전문장례식장,경상북도 상주시 함창읍 경상대로 4946-43 (오동리),054-541-8007,3,6,0,식당·주차장·유족대기실·장애인편의시설,사설(전문),
울산광역시,북구,울산전문장례식장,울산광역시 북구 산업로 1023 (연암동),052-242-4444,5,8,500,식당·매점·주차장·유족대기실·장애인편의시설,사설(전문),
부산광역시,북구,비이케이더블유 좋은장례식장,"부산광역시 북구 금곡대로 586 (금곡동, 좋은리버뷰요양병원)",051-911-4444,4,10,100,식당·매점·주차장·유족대기실,사설(병원),
인천광역시,계양구,쉴낙원 인천장례식장,인천광역시 계양구 아나지로 552 (서운동),032-548-1009,11,13,200,매점·주차장·유족대기실·장애인편의시설,사설(전문),
충청남도,부여군,구룡장례식장,충청남도 부여군 구룡면 흥수로 32 (동방리),041-833-4444,4,4,0,식당·매점·주차장·유족대기실,사설(전문),
경기도,부천시,뉴대성병원장례식장,"경기도 부천시 원미구 부흥로 377뉴대성병원장례식장 (심곡동, DS병원)",032-666-1002,5,12,150,식당·매점·주차장·유족대기실·장애인편의시설,사설(병원),
경기도,용인시,용인서울병원장례식장,경기도 용인시 처인구 고림로 81 (고림동),031-321-0101,4,6,200,식당·매점·주차장,사설(병원),
경상남도,밀양시,희윤요양병원 장례식장,경상남도 밀양시 부북면 춘화로 60 (용지리),055-353-9199,3,4,30,식당·매점·주차장·유족대기실,사설(병원),
경기도,평택시,평택시중앙장례식장,경기도 평택시 경기대로 931 (장당동),031-666-3400,9,10,200,식당·매점·주차장·유족대기실,사설(전문),
서울특별시,강서구,이대서울병원장례식장,"서울특별시 강서구 공항대로 260 (마곡동, 이화의대부속서울병원)",02-6986-4440,15,38,1000,식당·매점·주차장·유족대기실·장애인편의시설,사설(병원),
광주광역시,광산구,광주보훈병원장례식장,"광주광역시 광산구 첨단월봉로 99 (산월동, 광주보훈병원)",062-973-9164,5,12,0,주차장·유족대기실·장애인편의시설,사설(병원),
경상북도,의성군,다인농협장례식장,경상북도 의성군 다인면 단북다인로 1069 (산내리),054-861-4011,2,4,50,식당·주차장,사설(전문),
경기도,양평군,용문장례식장,경기도 양평군 용문면 경강로 3303 (광탄리),031-773-4321,2,4,160,식당·매점·주차장·유족대기실,사설(전문),
경상북도,구미시,차병원장례식장,"경상북도 구미시 신시로10길 12 (형곡동, 차병원)",054-452-1919,3,6,50,주차장,사설(병원),
서울특별시,노원구,태릉성심장례식장,서울특별시 노원구 화랑로 425-8 (공릉동),02-976-8811,7,11,60,주차장,사설(전문),
서울특별시,노원구,노원을지대학교병원장례식장,"서울특별시 노원구 한글비석로 68 (하계동, 을지병원)",02-970-8444,9,14,0,식당·매점·주차장·유족대기실,사설(병원),
경상남도,함양군,함양장례식장,경상남도 함양군 함양읍 고운로 284 (백천리),055-964-2000,4,6,200,식당·주차장·유족대기실,사설(전문),
서울특별시,노원구,인제대학교상계백병원장례식장,"서울특별시 노원구 동일로 1342 (상계동, 상계백병원)",02-938-5320,3,10,250,식당·매점·주차장·유족대기실·장애인편의시설,사설(병원),
경상북도,영주시,영주장례문화원장례식장,경상북도 영주시 신재로 134 (가흥동),054-635-4449,4,6,100,식당·매점·주차장·유족대기실·장애인편의시설,사설(전문),
경기도,고양시 일산동구,쉴낙원 일산장례식장,"경기도 고양시 일산동구 백마로 62 (장항동, 일산쉴낙원)",031-923-7000,6,10,50,식당·주차장·유족대기실,사설(전문),
광주광역시,광산구,송정장례식장,광주광역시 광산구 상무대로 364 (신촌동),062-941-4400,3,4,120,식당·매점·주차장·유족대기실·장애인편의시설,사설(전문),
전라남도,목포시,목포시금호장례식장,전라남도 목포시 용당로384번길 32 (용해동),061-272-0400,3,4,0,주차장,사설(전문),
충청북도,충주시,충주병원장례식장,충청북도 충주시 중심1길 12 (문화동),043-845-5100,5,8,0,식당·매점·주차장·유족대기실·장애인편의시설,사설(병원),
경상남도,밀양시,밀양시행복한병원장례식장,경상남도 밀양시 하남읍 수산중앙로 56-2 (수산리),054-391-0062,1,4,0,식당,사설(병원),
인천광역시,강화군,강화장례식장,인천광역시 강화군 강화읍 중앙로74번길 16 (남산리),032-933-1024,4,8,0,,사설(전문),
경기도,고양시 덕양구,원당장례식장 고양베스트,경기도 고양시 덕양구 고양대로 1359-5 (성사동),031-965-4444,7,14,20,식당·매점·주차장·유족대기실·장애인편의시설,사설(전문),
경기도,안산시,고려대안산병원장례식장,"경기도 안산시 단원구 적금로 123 (고잔동, 고려대학병원)",031-411-4441,6,12,990,식당·매점·주차장·유족대기실·장애인편의시설,사설(병원),
경상북도,성주군,성주군가야장례식장,경상북도 성주군 성주읍 주산로 189 (삼산리),054-933-4114,3,7,100,주차장·유족대기실,사설(전문),
인천광역시,서구,온누리장례식장,인천광역시 서구 완정로 199 지하1층 (왕길동),032-566-1919,2,6,200,식당·주차장·유족대기실,사설(병원),
전북특별자치도,익산시,태영장례 익산병원장례식장,"전라북도 익산시 무왕로 969익산병원장례식장 (신동, 익산병원)",063-851-9444,5,8,0,식당·주차장·유족대기실·장애인편의시설,사설(병원),
충청남도,홍성군,홍성추모공원 장례식장,충청남도 홍성군 금마면 금마로516번길 85 (봉서리),041-631-9944,5,6,0,식당·매점·주차장·유족대기실,공설(전문),
강원특별자치도,강릉시,강릉아나병원장례식장,강원도 강릉시 용지로 129 (옥천동),033-641-7100,2,4,50,식당·주차장·유족대기실,사설(전문),
경상북도,영천시,국화원전문장례식장영대병원영천지점,경상북도 영천시 오수1길 10 (오수동),054-330-7400,0,0,0,,사설(병원),
전북특별자치도,군산시,군산의료원장례식장 오행원,전라북도 군산시 의료원로 27 (지곡동),063-472-5740,7,10,300,식당·주차장·유족대기실·장애인편의시설,공설(병원),
경상북도,의성군,의성성심요양병원장례식장,경상북도 의성군 금성면 탑리길 8-2 (대리리),054-833-4479,3,4,30,주차장·유족대기실,사설(병원),
경기도,광주시,오포장례식장,경기도 광주시 오포읍 오포로 225-7 (능평리),031-797-0444,3,6,150,식당·매점·주차장·유족대기실,사설(전문),
경상북도,구미시,구미장례식장해원,경상북도 구미시 야은로 119 (부곡동),054-443-5445,9,12,130,식당·주차장·유족대기실·장애인편의시설,사설(전문),
전라남도,순천시,성가롤로병원장례식장,"전라남도 순천시 순광로 221 (조례동, 성가롤로병원)",061-900-4444,6,10,717,식당·매점·주차장·유족대기실·장애인편의시설,사설(병원),
경상남도,밀양시,밀양시한솔장례식장,경상남도 밀양시 창밀로 3528 (내이동),055-356-7213,6,6,0,매점·주차장,사설(병원),
충청남도,아산시,교원예움 아산장례식장,"충청남도 아산시 신정로 713 (방축동62-7, 방축동 42-1)",041-549-4441,6,10,200,식당·주차장·유족대기실·장애인편의시설,사설(전문),
충청북도,영동군,영동장례식장,충청북도 영동군 영동읍 난계로 804-46 (오탄리),043-744-0454,5,8,0,주차장,사설(전문),
경기도,안산시,플러스단원병원장례문화원장례식장,"경기도 안산시 단원구 원포공원로 10,지상1.2.3층 (초지동)",031-410-4444,5,10,250,식당·매점·주차장·유족대기실·장애인편의시설,사설(병원),
세종특별자치시,세종특별자치시,세종충남대학교병원 쉴낙원장례식장,세종특별자치시   보듬7로 20 세종충남대학교병원 (아름동),044-863-4444,3,8,300,식당·매점·주차장·유족대기실·장애인편의시설,사설(병원),
경상남도,창녕군,남지요양병원장례식장,"경상남도 창녕군 남지읍 동포로 15 (남지리, 낙천병원)",055-526-5788,2,4,30,식당·매점·주차장·유족대기실·장애인편의시설,사설(병원),
대구광역시,동구,대구파티마병원장례식장,"대구광역시 동구 아양로 99 (신암동, 파티마병원)",053-958-9000,8,20,0,식당·매점·주차장·유족대기실,사설(병원),
충청남도,예산군,예산명지병원장례식장,충청남도 예산군 예산읍 신례원로 26 (관작리),041-334-0444,1,1,250,,사설(전문),
인천광역시,부평구,인천성모장례식장,"인천광역시 부평구 동수로 56 (부평동, 가톨릭대학교인천성모병원)",032-517-0710,11,18,0,식당·매점·주차장·유족대기실·장애인편의시설,사설(병원),
경기도,수원시,수원시중앙병원장례식장,경기도 수원시 권선구 권선로 654 (권선동),031-231-8888,4,8,90,식당·매점·주차장·유족대기실,사설(병원),
서울특별시,강동구,서울현대요양병원장례식장,"서울특별시 강동구 올림픽로 684 (천호동, 친구병원)",02-486-4444,4,6,70,식당·매점·주차장·유족대기실·장애인편의시설,사설(병원),
충청남도,예산군,예산종합병원장례식장,충청남도 예산군 예산읍 금오대로 94 (산성리),041-331-4444,3,8,0,주차장,사설(병원),
충청북도,옥천군,옥천성모장례식장,"충청북도 옥천군 옥천읍 성왕로 1195 (문정리, 옥천성모병원)",043-730-7444,4,6,0,식당·주차장·유족대기실·장애인편의시설,사설(병원),
충청남도,예산군,청담장례문화원장례식장,충청남도 예산군 예산읍 차동로 1451 (대회리),041-331-7000,5,8,300,식당·매점·주차장·유족대기실·장애인편의시설,사설(전문),
서울특별시,강서구,강서장례식장,서울특별시 강서구 화곡로 163 (화곡동),02-2691-4414,3,6,20,식당·매점·주차장·유족대기실,사설(전문),
충청북도,진천군,진천장례식장,충청북도 진천군 진천읍 백곡로 1451-30 (장관리),043-532-4405,6,8,0,,사설(전문),
전라남도,고흥군,우주장례식장,전라남도 고흥군 고흥읍 봉동주공길 56-16 (호형리),061-832-4000,4,6,300,식당·매점·주차장·유족대기실,사설(전문),
울산광역시,남구,울산국화원장례식장,울산광역시 남구 산업로 88 (상개동),052-269-4444,9,10,300,매점·주차장·유족대기실·장애인편의시설,사설(전문),
경상남도,함안군,함안하늘공원장례식장,"경상남도 함안군 가야읍 함마대로 1145 (사내리, 함안하늘공원)",055-585-7180,4,10,100,식당·매점·주차장·유족대기실·장애인편의시설,공설(전문),
전라남도,구례군,새미소요양병원장례식장,"전라남도 구례군 구례읍 구례로 28 (신월리, 지리산요양병원)",061-783-4440,2,6,0,,사설(병원),
강원특별자치도,인제군,인제장례식장,"강원도 인제군 북면 금강로 210 (월학리, 인제장례식장)",033-461-1444,4,6,200,식당·매점·주차장·유족대기실,사설(전문),
전북특별자치도,정읍시,한서장례식장,전라북도 정읍시 월천안길 14 (하모동),063-570-7044,3,4,50,주차장,사설(병원),
경기도,성남시,성남시장례협동조합장례식장,경기도 성남시 중원구 순암로 800 (갈현동),031-752-0404,7,16,100,식당·매점·주차장·유족대기실·장애인편의시설,공설(전문),
세종특별자치시,세종특별자치시,한마음효병원장례식장,세종특별자치시   조치원읍 금이로 53-11 (신안리),044-868-3700,4,6,0,,사설(병원),
경상북도,봉화군,봉화장례식장,경상북도 봉화군 봉화읍 다덕로 152-1 (유곡리),054-673-0061,3,6,500,매점·주차장·유족대기실,사설(전문),
대전광역시,유성구,유성한가족병원장례식장,대전광역시 유성구 온천동로 43 (봉명동),042-611-9700,4,6,300,식당·매점·주차장·유족대기실,사설(병원),
충청남도,부여군,건양대부여장례식장,"충청남도 부여군 부여읍 계백로 200 (동남리, 건양대부여병원)",041-837-4441,4,8,100,식당·매점·주차장·유족대기실·장애인편의시설,사설(전문),
전라남도,장성군,산림조합 장성장례식장,전라남도 장성군 장성읍 역전로 155 (기산리),061-394-0444,3,4,100,식당·매점·주차장·유족대기실·장애인편의시설,사설(전문),
전라남도,나주시,예담 활주로장례식장,전라남도 나주시 산포면 산남로 137(등정리),061-332-4441,6,6,200,식당·매점·주차장·유족대기실·장애인편의시설,사설(전문),
경상북도,영주시,기독장례식장,경상북도 영주시 구성로 380 (영주동),054-631-4444,2,4,0,식당·매점·주차장·유족대기실,사설(전문),
인천광역시,계양구,한림병원장례식장,"인천광역시 계양구 장제로 722,한림병원 2,3관 지하2층 (작전동)",032-543-2444,6,12,600,식당·주차장·유족대기실·장애인편의시설,사설(병원),
강원특별자치도,정선군,정선군사북장례식장,"강원도 정선군 사북읍 지장천로 727,정선군사북장례식장 (사북리, 정선군립병원)",033-592-4449,2,4,100,식당·주차장·유족대기실·장애인편의시설,공설(병원),
경기도,수원시,수원요양병원장례식장,경기도 수원시 영통구 매영로 229 (원천동),031-640-9797,5,10,200,식당·매점·주차장·유족대기실·장애인편의시설,사설(병원),
전북특별자치도,전주시 완산구,모악장례문화원장례식장,전라북도 전주시 완산구 우림로 1109 (삼천동2가),063-221-4400,7,8,600,매점·주차장·유족대기실·장애인편의시설,사설(전문),
전라남도,목포시,목포시의료원장례식장,"전라남도 목포시 이로로 18 (용해동, 목포시의료원)",061-246-0044,2,6,100,식당·매점·주차장·유족대기실,공설(병원),
경기도,평택시,송탄장례식장,경기도 평택시 오리곡길 30 (독곡동),031-611-4488,5,8,50,식당·매점·주차장·유족대기실·장애인편의시설,사설(병원),
전라남도,영암군,영암농협장례식장,전라남도 영암군 영암읍 낭주로 49 (춘양리),061-472-5544,3,4,0,주차장·유족대기실,사설(전문),
광주광역시,광산구,빛 장례식장,"광주광역시 광산구 상무대로 231 (송정동, 빛장례식장)",062-452-4000,8,8,300,식당·매점·주차장·유족대기실·장애인편의시설,사설(전문),
경상북도,의성군,의성중부농협장례식장,경상북도 의성군 봉양면 강변길 957-10 (화전리),054-832-2704,2,4,50,식당·주차장·유족대기실·장애인편의시설,사설(전문),
인천광역시,계양구,보람새천년장례식장,인천광역시 계양구 아나지로 541 (서운동),032-552-3100,5,10,400,식당·매점·주차장·유족대기실·장애인편의시설,사설(전문),
강원특별자치도,화천군,화천군공설장례식장,"강원특별자치도 화천군 하남면 영서로 5697-66 (원천리, 화천장례식장)",033-442-0452,3,6,100,식당·매점·주차장·유족대기실,공설(전문),
경기도,고양시 일산서구,베스트장례식장,경기도 고양시 일산서구 경의로 816-1 (덕이동),031-924-4444,5,8,0,주차장·유족대기실,사설(전문),
충청남도,공주시,공주의료원장례식장,충청남도 공주시 무령로 77 (웅진동),041-962-1444,6,12,300,식당·매점·주차장·유족대기실·장애인편의시설,공설(병원),
강원특별자치도,속초시,속초동해장례식장,강원특별자치도 속초시 중앙로 7 (교동),033-633-3964,4,6,100,식당·매점·주차장·유족대기실·장애인편의시설,사설(전문),
경상북도,경주시,경주시늘푸른장례식장,"경상북도 경주시 유림로13번길 155 (용강동, 늘푸른요양병원)",054-705-4444,5,8,100,식당·매점·주차장·유족대기실·장애인편의시설,사설(병원),
경기도,의정부시,백병원장례식장,경기도 의정부시 금신로 322 (신곡동),031-844-4450,4,8,100,매점·주차장,사설(병원),
서울특별시,은평구,가톨릭대학교 은평성모장례식장,"서울특별시 은평구 통일로 1021,은평성모장례식장 (진관동)",02-2030-4444,10,23,300,식당·매점·주차장·유족대기실,사설(병원),
광주광역시,광산구,송정사랑병원장례식장,광주광역시 광산구 송도로 232.지하1층 (송정동),062-949-9444,2,6,100,식당·매점·주차장·유족대기실,사설(병원),
대구광역시,군위군,군위농협장례식장,"대구광역시 군위군 군위읍 중앙길 165-6 (정리, 농협경제사업장)",054-383-2990,3,4,100,식당·주차장·유족대기실,사설(전문),
광주광역시,남구,광주남문장례식장,광주광역시 남구 서문대로499번길 26-15 (송하동),062-675-5000,8,15,1000,식당·주차장·유족대기실,사설(전문),
충청북도,영동군,영동제일장례식장,"충청북도 영동군 양강면 양정죽촌로 53-9 (양정리, 장례식장)",043-744-1144,4,6,100,식당·주차장·유족대기실·장애인편의시설,사설(전문),
전라남도,장흥군,대덕회진장례식장,전라남도 장흥군 대덕읍 가학회진로 35-85(가학리),061-867-0444,2,4,99,식당·주차장·유족대기실·장애인편의시설,사설(전문),
경기도,파주시,메디인병원장례식장,경기도 파주시 금릉역로 190 (금촌동),031-570-9093,5,12,100,주차장,사설(병원),
강원특별자치도,강릉시,강릉아산병원장례식장,"강원도 강릉시 사천면 방동길 38 (방동리,강릉아산병원)",033-610-3895,5,10,400,식당·매점·주차장·유족대기실·장애인편의시설,사설(병원),
인천광역시,계양구,청기와장례식장 계양점,인천광역시 계양구 아나지로 559 (서운동),032-546-4444,11,14,300,식당·매점·주차장·유족대기실·장애인편의시설,사설(전문),
대구광역시,북구,칠곡경북대학교병원장례식장,대구광역시 북구 호국로 807 (학정동),053-200-2500,10,18,0,매점·주차장·유족대기실·장애인편의시설,사설(병원),
경기도,화성시,한림대동탄성심병원장례식장,"경기도 화성시 큰재봉길 7 (석우동, 한림대학교동탄성심병원)",031-8003-4410,6,12,0,,사설(병원),
경기도,양주시,회천농협장례문화원장례식장,경기도 양주시 평화로 1861 (회정동),031-864-4444,5,6,200,주차장·유족대기실·장애인편의시설,사설(전문),
경기도,김포시,마송장례식장,경기도 김포시 통진읍 김포대로 2110-44 (도사리),031-988-2277,5,6,150,식당·매점·주차장·유족대기실·장애인편의시설,사설(전문),
강원특별자치도,원주시,효담삼산병원장례식장,강원특별자치도 원주시 혁신로 5 (반곡동),033-733-4444,6,10,0,식당·매점·주차장·유족대기실,사설(병원),
경기도,파주시,쉴낙원 파주운정장례식장,"경기도 파주시 하늘채길 35, (하지석동, 쉴낙원 파주운정장례식장)",031-957-4444,4,8,30,식당·매점·주차장·유족대기실·장애인편의시설,사설(병원),
경기도,여주시,세종여주병원장례식장,"경기도 여주시 청심로 39 (하동, 세종여주병원)",031-886-4496,4,6,200,식당·매점·주차장·유족대기실·장애인편의시설,사설(병원),
충청북도,충주시,교원예움 충주시민장례식장,충청북도 충주시 두루봉길 8 (목행동),043-845-4444,7,16,200,식당·매점·주차장·유족대기실·장애인편의시설,사설(전문),
부산광역시,부산진구,동의의료원장례식장,"부산광역시 부산진구 양정로 62,1층 (양정동,동의의료원)",051-866-3757,5,8,0,주차장,사설(병원),
경상북도,고령군,고령영생병원장례식장,"경상북도 고령군 대가야읍 중앙로 33 (헌문리, 영생병원)",054-956-4455,3,6,0,주차장,사설(병원),
부산광역시,동래구,빌리브 세웅병원 쉴낙원 장례식장,부산광역시 동래구 충렬대로 455 (안락동),051-521-3740,5,10,0,식당·매점·주차장·유족대기실·장애인편의시설,사설(병원),
대전광역시,중구,충남대학교병원장례식장,"대전광역시 중구 문화로 282 (대사동, 충남대학교병원)",042-280-8181,10,18,1015,식당·매점·주차장·유족대기실·장애인편의시설,사설(병원),
경기도,여주시,여주장례식장,경기도 여주시 세종대왕면 중부대로 2710-48 (능서면 왕대리 981-7),031-885-1919,4,10,300,식당·매점·주차장·유족대기실·장애인편의시설,사설(전문),
제주특별자치도,제주시,혼길장례식장,제주특별자치도 제주시 공항서로 131 (도두이동),064-744-1245,8,14,245,식당·매점·주차장·유족대기실·장애인편의시설,사설(전문),
경상북도,고령군,고령대가야장례식장,경상북도 고령군 대가야읍 일량로 83 (고아리),054-955-1667,3,4,200,식당·매점·주차장·유족대기실·장애인편의시설,사설(전문),
충청남도,천안시 동남구,남천안장례식장,"충청남도 천안시 동남구 천안대로 215   남천안장례식장 (삼룡동, 천안효요양병원)",041-523-4444,3,6,200,식당·매점·주차장·유족대기실·장애인편의시설,사설(병원),
전북특별자치도,군산시,군산장례식장,전라북도 군산시 공단대로 700 (소룡동),063-468-4119,5,10,0,식당·매점·주차장·유족대기실·장애인편의시설,사설(전문),
전라남도,영광군,영광군제일장례식장,전라남도 영광군 영광읍 옥당로 308-3 (월평리),061-351-3131,3,4,0,식당·매점·주차장·유족대기실·장애인편의시설,사설(전문),
경기도,남양주시,백년장례문화원장례식장,경기도 남양주시 마치로 90 (호평동),031-594-4444,4,10,200,주차장·유족대기실·장애인편의시설,사설(병원),
경기도,시흥시,신천연합병원장례식장,경기도 시흥시 복지로 57 (대야동),031-310-6440,3,6,40,식당·매점·주차장·유족대기실·장애인편의시설,사설(병원),
경기도,포천시,영북농협장례식장,경기도 포천시 영북면 호국로 3761 (문암리),031-532-0832,2,4,150,주차장·유족대기실·장애인편의시설,사설(전문),
경상남도,통영시,경남도립노인전문병원장례식장,경상남도 통영시 도산면 남해안대로 1818 (도선리),055-640-1919,4,6,70,식당·주차장·유족대기실,사설(병원),
경상남도,밀양시,밀양병원장례식장,경상남도 밀양시 밀양대로 1823 (삼문동),055-356-9411,2,6,200,식당·매점·주차장·유족대기실,사설(병원),
경상북도,구미시,선산 국화원 전문 장례식장,경상북도 구미시 선산읍 선산대로 1269 (화조리),054-481-2929,6,6,90,주차장·유족대기실·장애인편의시설,사설(전문),
전라남도,해남군,해남군산림조합장례식장,전라남도 해남군 해남읍 신안길 2-22 (고도리),061-532-4444,4,6,0,주차장·유족대기실·장애인편의시설,사설(전문),
경기도,포천시,포천장례문화원장례식장,경기도 포천시 호국로 908-13 (설운동),031-541-4144,6,14,100,식당·매점·주차장·유족대기실,사설(전문),
세종특별자치시,세종특별자치시,은하수공원장례식장,"세종특별자치시 정안세종로 1527,은하수공원 (산울동)",044-850-1350,10,12,350,식당·매점·주차장·유족대기실·장애인편의시설,공설(전문),
경기도,양평군,효병원장례식장,경기도 양평군 용문면 다문북길 16 (다문리),031-774-4461,3,6,0,식당·매점·주차장·유족대기실,사설(병원),
대전광역시,대덕구,대전보훈병원장례식장,대전광역시 대덕구 대청로82번길 147 (신탄진동),042-933-4446,8,12,300,식당·매점·주차장·유족대기실·장애인편의시설,사설(병원),
충청북도,진천군,진천제일장례식장,충청북도 진천군 진천읍 진광로 190 (송두리),043-537-4441,4,8,250,식당·매점·주차장·유족대기실,사설(전문),
전북특별자치도,전주시 완산구,예수병원장례식장,"전라북도 전주시 완산구 서원로 365 (중화산동1가, 예수병원)",063-285-1009,6,10,0,식당·매점·주차장·유족대기실,사설(병원),
경기도,부천시,부천시세종병원장례식장,"경기도 부천시 소사구 호현로489번길 28 (소사본동, 세종병원)",032-346-1164,4,6,200,식당·매점·주차장·유족대기실,사설(병원),
경기도,안산시,안산시민장례문화원장례식장,경기도 안산시 단원구 원곡공원로 11-9 (원곡동),031-495-4000,4,8,150,식당·매점·주차장·유족대기실·장애인편의시설,사설(전문),
대구광역시,남구,대구요양병원장례식장,"대구광역시 남구 현충로 184 (대명동, 대구요양병원)",053-624-8444,3,6,20,식당·매점·주차장·유족대기실·장애인편의시설,사설(병원),
경기도,하남시,하남시 마루공원장례식장,"경기도 하남시 하남대로545번길 22-30 (천현동, 종합공설장사시설)",031-795-2222,6,16,154,식당·매점·주차장,공설(전문),
대전광역시,대덕구,근로복지공단대전병원장례식장,"대전광역시 대덕구 계족로 637 (법동, 근로복지공단대전병원)",042-628-4440,6,10,300,식당·매점·주차장·유족대기실·장애인편의시설,사설(병원),
서울특별시,도봉구,도봉구한일병원장례식장,서울특별시 도봉구 우이천로 308한일병원장례식장 (쌍문동),02-901-3440,6,8,0,매점·주차장,사설(병원),
전라남도,담양군,담양동산병원장례식장,전라남도 담양군 담양읍 죽향대로 1203 (백동리),061-383-0000,2,4,80,식당·매점·주차장·유족대기실·장애인편의시설,사설(병원),
대전광역시,유성구,유성선병원장례식장,"대전광역시 유성구 북유성대로 93,B1층 (지족동)",042-825-9494,6,9,500,식당·매점·주차장·유족대기실·장애인편의시설,사설(병원),
경상남도,함양군,함양성심병원장례식장,경상남도 함양군 함양읍 용평1길 5 (용평리),055-962-9999,2,4,50,식당·매점·주차장·유족대기실·장애인편의시설,사설(전문),
경기도,군포시,학교법인영산학원 산본장례식장,"경기도 군포시 산본로 321 (산본동,원광대산본병원)",031-395-4438,3,8,70,식당·매점·주차장·유족대기실,사설(병원),
경상북도,청송군,진보병원장례식장,"경상북도 청송군 진보면 경동로 4003 (후평리, 진보병원)",054-874-7802,2,4,0,식당·매점·주차장·유족대기실·장애인편의시설,사설(병원),
