시설종류,시도,시군구,시설명,주소,전화번호,팩스번호,홈페이지,주차대수,공설/사설,화장로수,식당,매점,주차장,유족대기실,장애인편의시설
화장시설,충청남도,천안시,천안추모공원,"충청남도 천안시 동남구 광덕면 밤나무골길 38 (원덕리, 천안추모공원)",041-529-5141,041-557-4280,www.cauc.or.kr/_chpark/,400,공설,9,설치,미설치,설치,설치,설치
화장시설,강원특별자치도,속초시,속초시승화원,강원특별자치도 속초시 이목로 194 (노학동),033-635-7023,033-635-5023,www.sokchosiseol.or.kr/biz/welfare.do,10,공설,3,설치,설치,설치,설치,미설치
화장시설,강원특별자치도,춘천시,춘천안식원,강원도 춘천시 동산면 종자리로 331-21 (군자리),033-261-7314,033-261-7315,ccansikwon.co.kr,88,공설,7,설치,설치,설치,설치,설치
화장시설,전북특별자치도,남원시,남원시승화원,전북특별자치도 남원시 솔터길 40-36 (광치동),063-632-5874,063-625-6130,www.namwon.go.kr/index.do?menuCd=DOM_000000203001005000,10,공설,5,미설치,미설치,설치,설치,미설치
화장시설,경상북도,상주시,상주시승천원,경상북도 상주시 병성천2길 560 (병성동),054-537-7926,054-534-8045,www.sangju.go.kr/page/3181/2359.tc,44,공설,3,설치,설치,설치,설치,설치
화장시설,경상남도,사천시,사천시 누리원(화장시설),경상남도 사천시 해안관광로 208-66 (송포동),055-831-4590,055-831-6529,https://www.youthsacheon.com/funeral_main.html,10,공설,4,설치,미설치,설치,설치,미설치
화장시설,경상남도,남해군,남해추모누리 영화원,"경상남도 남해군 서면 연죽로 46-77 (연죽리, 남해공설종합묘원추모누리)",055-860-3681,055-860-3881,www.namhae.go.kr/depart/Index.do?c=DE0106010100&pageCd=DE0106010000&siteGubun=depart,50,공설,3,설치,설치,설치,설치,설치
화장시설,경상남도,창원시,창원시립상복공원,경상남도 창원시 성산구 공단로474번길 160,055-712-0920,055-712-0909,www.cwsisul.or.kr/_sangbok/index.php,450,공설,8,설치,설치,설치,설치,설치
화장시설,전라남도,순천시,순천시립추모공원,"전라남도 순천시 양율길 132 (야흥동, 유택동산,화장장,봉안당)",061-749-6168,061-749-4644,null,310,공설,5,미설치,설치,설치,설치,미설치
화장시설,경상북도,경주시,경주하늘마루,경상북도 경주시 서면 하늘마루길 330 (도리),054-779-8547,054-760-7545,www.gyeongju.go.kr/area/page.do?mnu_uid=1290,281,공설,9,설치,설치,설치,설치,미설치
화장시설,부산광역시,금정구,부산영락공원,"부산광역시 금정구 금정도서관로 108 (두구동, 영락공원)",051-790-5000,051-508-6024,www.bisco.or.kr/yeongnakpark/index.asp,200,공설,15,설치,설치,설치,설치,미설치
화장시설,충청북도,청주시,청주시목련공원,"충청북도 청주시 상당구 목련로 731 (월오동,목련공원)",043-270-8578,043-201-1948,www.cjsisul.or.kr/home/sub.do?menukey=254,181,공설,11,설치,설치,설치,설치,설치
화장시설,전라남도,여수시,승화원(화장장),전라남도 여수시 소라면 의곡길 494,061-659-1795,061-659-5889,www.yeosu.go.kr/www/sphere/welfare/funeral/public/crematorium,67,공설,5,미설치,설치,설치,설치,설치
화장시설,전라남도,고흥군,국립소록도병원화장장,전남 고흥군 도양읍 소록리 1번지,061-840-0586,061-840-0517,www.sorokdo.go.kr,null,공설,0,설치,설치,설치,미설치,미설치
화장시설,충청북도,제천시,제천시영원한쉼터,충청북도 제천시 송학면 송학주천로9길 122 (포전리),043-644-6613,043-642-0240,www.okjc.net/welfare/contents.do?key=771,150,공설,4,미설치,설치,설치,설치,설치
화장시설,경상북도,울진군,울진군립추모원,경상북도 울진군 울진읍 대흥신림로 1046-280 (신림리),054-789-6109,054-789-3640,www.uljin.go.kr/index.uljin?menuCd=DOM_000000105012001001,26,공설,3,미설치,미설치,미설치,미설치,미설치
화장시설,경상북도,안동시,안동장사문화공원,경상북도 안동시 풍천면 운골길 205 (도양리),054-850-4780,054-859-1229,memorial.andongsisul.or.kr/,81,공설,5,설치,설치,설치,설치,미설치
화장시설,강원특별자치도,태백시,태백시화장장,강원 태백시 백두대간로 844 (창죽동 26-5),033-806-5076,033-550-2961,www.taebaek.go.kr/www/contents.do?key=435,50,공설,3,미설치,설치,설치,설치,미설치
화장시설,서울특별시,서울특별시,서울시립승화원,경기도 고양시 덕양구 통일로 504 서울시립승화원 (대자동 178-1),031-960-0236,031-964-8772,www.sisul.or.kr/memorial,188,공설,23,설치,설치,설치,설치,설치
화장시설,전라남도,목포시,목포추모공원,전라남도 목포시 고하대로 1140-41 (대양동),061-272-0095,061-278-0095,www.mokpopark.com,333,공설,7,설치,설치,설치,설치,미설치
화장시설,강원특별자치도,정선군,정선하늘터,강원특별자치도 정선군 사북읍 소금강로 3500-34 (사북리),033-560-3460,033-592-2847,www.jsimc.or.kr/layout/basic/page/page2/page06.html,16,공설,2,설치,미설치,설치,설치,미설치
화장시설,광주광역시,광주광역시,광주영락공원,광주광역시 북구 영락공원로 170 (효령동),062-572-4384,062-572-1702,www.cyberyoungrak.or.kr/main/,755,공설,11,설치,설치,설치,설치,미설치
화장시설,전북특별자치도,정읍시,서남권추모공원,전북특별자치도 정읍시 감곡면 정읍북로 1850 (통석리),063-539-6726,063-538-6517,www.jeongeup.go.kr/index.jeongeup?menuCd=DOM_000000103016002000,10,공설,5,설치,설치,설치,설치,설치
화장시설,경상북도,포항시,포항시립구룡포화장장,"경상북도 포항시 남구 구룡포읍 구룡포길39번길 64 (구룡포리, 구룡포화장장)",054-270-5960,054-270-6911,null,null,공설,1,미설치,미설치,미설치,미설치,미설치
화장시설,울산광역시,울산광역시,울산하늘공원,울산광역시 울주군 삼동면 보삼길 550 (조일리),052-255-3800,052-255-3809,www.uic.or.kr/skypark/,419,공설,10,설치,설치,설치,설치,설치
화장시설,경상북도,영주시,영주시화장장,"경상북도 영주시 조와로 48-186 (고현동, 영주시립화장장)",054-639-4878,054-631-9473,https://www.yeongju.go.kr/open_content/main/page.do?mnu_uid=11626&,10,공설,2,미설치,미설치,설치,미설치,미설치
화장시설,경기도,용인시,용인 평온의 숲(나래원),"경기도 용인시 처인구 이동읍 평온의숲로 77 (어비리, 용인평온의숲)",031-329-5900,031-329-5904,www.tranquil-forest.or.kr,661,공설,12,설치,설치,설치,설치,설치
화장시설,경기도,수원시 영통구,수원시연화장 승화원,"경기도 수원시 영통구 광교호수로 278 (하동, 수원시연화장)",031-218-6500,031-240-2819,www.suwonudc.co.kr/suwonyhj,400,공설,9,미설치,미설치,설치,설치,설치
화장시설,충청북도,충주시,충주시시설관리공단,충청북도 충주시 목벌길 256 (목벌동),043-830-9444,043-851-9466,www.cjfmc.or.kr/www/contents.do?key=91,10,공설,6,설치,설치,설치,설치,미설치
화장시설,전북특별자치도,군산시,군산시승화원,"전북특별자치도 군산시 임피면 서원석곡로 436-34 (보석리, 승화원)",063-454-7950,063-453-4056,null,10,공설,5,미설치,설치,설치,설치,미설치
화장시설,전북특별자치도,익산시,익산하늘공원정수원,"전북특별자치도 익산시 무왕로 1471-63 (석왕동, 익산공원묘지)",063-859-3840,063-859-3868,null,10,공설,5,미설치,미설치,설치,미설치,미설치
화장시설,경기도,화성시,화성함백산추모공원(화장),경기도 화성시 효행구 매송면 서해로 2448-32 (숙곡리),031-240-9200,031-240-9277,https://hbmhuorkr/hambaeksan,100,공설,13,설치,설치,설치,설치,미설치
화장시설,경상남도,창원시,창원시립마산화장장,경남 창원시 마산합포구 진동면  공원묘원로 232 마산화장장,055-712-0224,055-712-0228,www.cwsisul.or.kr/_masanch/_sub01/sub01_01.html,null,공설,3,설치,설치,설치,설치,미설치
화장시설,경상남도,밀양시,밀양시공설화장시설,경상남도 밀양시 북성로7길 59 (교동 476-1번지),055-359-4634,055-354-7333,www.myfmc.or.kr/sub/04_01.php,50,공설,3,미설치,미설치,설치,설치,설치
화장시설,강원특별자치도,인제군,인제 하늘내린도리안,강원특별자치도 인제군 남면 자작나무숲길 444-62 (남전리),033-462-6989,033-460-2058,www.inje.go.kr/portal/field-info/welfare,null,공설,3,설치,설치,설치,설치,미설치
화장시설,경상남도,함안군,함안하늘공원(화장시설),경상남도 함안군 가야읍 함마대로 1145  함안하늘공원,055-585-7182,055-585-7185,hamanhaneul.or.kr/,88,공설,4,설치,미설치,설치,설치,설치
화장시설,경상남도,진주시,진주시안락공원,"경상남도 진주시 진산로 141-42 (장재동, 진주시안락공원)",055-759-3672,055-759-3681,www.jinju.go.kr/00134/00614/00753.web,80,공설,7,설치,미설치,설치,설치,미설치
화장시설,경기도,성남시,성남시장례문화사업소,경기 성남시 중원구 순암로 787 (갈현동112),031-754-2268,031-721-4357,www.seongnam.go.kr/city/1001267/10852/contents.do,null,공설,15,설치,설치,설치,설치,미설치
화장시설,전라남도,해남군,남도광역추모공원,전라남도 해남군 황산면 호교길 241-250(원호리),061-530-5141,061-530-5582,namdo.haenam.go.kr/,189,공설,4,설치,설치,설치,설치,설치
화장시설,대구광역시,대구광역시,대구명복공원,대구광역시 수성구 달구벌대로541길 47 (고모동),053-743-3880,053-742-6679,08.dpfc.or.kr/,126,공설,11,설치,설치,설치,설치,설치
화장시설,강원특별자치도,강릉시,솔향하늘길,강원특별자치도 강릉시 사천면 청솔공원길 292-55 (석교리),033-660-3858,033-640-4758,www.gn.go.kr/www/contents.do?key=404,20,공설,6,설치,설치,설치,설치,미설치
화장시설,경상북도,구미시,구미시추모공원,경상북도 구미시 옥성면 추모공원로 81 (농소리),054-480-2320,054-481-3050,www.gmuc.or.kr/sisul/index.do,126,공설,7,설치,설치,설치,설치,설치
화장시설,강원특별자치도,원주시,원주추모공원 화장장,"강원특별자치도 원주시 흥업면 복술길 33 (사제리, 원주추모공원화장장)",033-749-4870,033-746-4017,wfmc.wonju.go.kr/sports/contents.do?key=4904&,70,공설,7,설치,설치,설치,설치,미설치
화장시설,전라남도,곡성군,(재)아름다운 청계공원 화장시설,"전라남도 곡성군 곡성읍 신기리 167,168 번지",061-362-1199,null,https://061-362-1199.ezbuilder.co.kr/,null,사설,1,설치,설치,설치,설치,설치
화장시설,경상남도,김해시,김해추모의공원,경상남도 김해시 주촌면 서부로1637번길 574 (덕암리),055-337-3946,055-337-4076,www.gimhaememorialpark.or.kr/,10,공설,6,미설치,미설치,설치,미설치,미설치
화장시설,경상남도,고성군,고성군공설화장장,경남 고성군 상리면 자은리 산85-1,055-670-2923,055-674-7792,null,null,공설,2,미설치,설치,설치,설치,미설치
화장시설,경상북도,포항시,포항시우현화장장,포항시 북구 소티재로 69-12(우현동),054-270-5815,054-241-5016,null,50,공설,3,미설치,설치,설치,설치,미설치
화장시설,충청남도,공주시,공주나래원,"충청남도 공주시 이인면 삼배실길 70 (운암리, 나래원)",041-840-8980,041-840-3787,www.gongju.go.kr/naraewon/index.do,297,공설,5,설치,설치,설치,설치,설치
화장시설,제주특별자치도,제주시,양지공원,제주특별자치도 제주시 516로 2810-31 (영평동),064-702-4065,064-702-4066,www.jeju.go.kr/wel/burial/facInfo/yangji/facInfo.htm,180,공설,8,설치,설치,설치,설치,설치
화장시설,경상북도,울릉군,울릉하늘섬공원,경상북도 울릉군 서면 태하령길 314 (남서리),054-791-1888,054-791-1888,null,5,공설,2,미설치,미설치,설치,미설치,미설치
화장시설,강원특별자치도,동해시,동해삼척 공동화장장(승화원),"강원특별자치도 동해시 강원남부로 4589 (단봉동, 동해시하늘정원)",033-522-1451,033-530-2735,www.dh.go.kr/www/contents.do?key=740,10,공설,3,미설치,미설치,설치,미설치,미설치
화장시설,세종특별자치시,세종특별자치시,은하수공원 해님의집(화장장),"세종특별자치시 정안세종로 1527 (산울동, 은하수공원)",044-850-1330,044-863-0761,www.sjfmc.or.kr/eunhasu.do,224,공설,10,설치,설치,설치,설치,설치
화장시설,경상북도,의성군,의성군공설화장장,경상북도 의성군 의성읍 의성길안로 287-29 (중리리),054-833-1103,054-834-1103,www.usc.go.kr/facility/tabBoard/view.tc?mn=2414&pageSeq=1640&tabBoardSeq=34,10,공설,4,미설치,미설치,설치,설치,미설치
화장시설,전북특별자치도,전주시 완산구,전주시승화원,"전북특별자치도 전주시 완산구 콩쥐팥쥐로 1705-138 (효자동3가, 전주승화원)",063-239-2690,063-237-0094,www.jjss.or.kr/index.9is?contentUid=ff8080816c5f9de6016cb28ed2740026,50,공설,8,설치,설치,설치,설치,설치
화장시설,전라남도,광양시,광양시화장장,전라남도 광양시 광양읍 직동1길 300 (죽림리),061-762-4449,061-762-4494,cemetery.gwangyang.go.kr,10,공설,5,설치,미설치,설치,설치,미설치
화장시설,경상북도,문경시,문경예송원,경상북도 문경시 유곡불정로 239-39 (불정동),054-550-6507,054-553-3270,www.gbmg.go.kr/portal/contents.do?mId=0404060100,22,공설,3,미설치,미설치,설치,설치,설치
화장시설,인천광역시,인천광역시,인천가족공원 승화원,인천광역시 부평구 평온로 61 (부평동),032-456-2320,032-456-2324,www.insiseol.or.kr/life/family,203,공설,20,설치,설치,설치,설치,설치
화장시설,서울특별시,서울특별시,서울추모공원,서울특별시 서초구 양재대로12길 74 (원지동),02-3498-2581,02-3498-2593,www.sisul.or.kr/memorial,140,공설,11,설치,설치,설치,설치,설치
화장시설,경상남도,통영시,통영시추모공원,경상남도 통영시 장대길 115 (정량동),055-650-4883,055-650-4299,www.tongyeong.go.kr/00973/00979/01046.web,46,공설,4,미설치,미설치,설치,미설치,미설치
화장시설,대전광역시,대전광역시,대전시정수원,대전광역시 서구 계백로1249번길 174-82 (정림동),042-610-2300,042-610-2399,www.djsiseol.or.kr/portal/sub040201_02.asp,100,공설,10,설치,설치,설치,설치,설치
화장시설,경상북도,김천시,김천시립추모공원,경상북도 김천시 봉산면 영남대로 431 (신암리),054-421-1616,054-437-1820,www.gcfmc.or.kr/gc_memorialpark/,307,공설,4,설치,설치,설치,설치,설치
화장시설,충청남도,홍성군,홍성추모공원,"충청남도 홍성군 금마면 금마로516번길 85 (봉서리, 화장장)",041-633-7780,041-630-9597,choomo.hongseong.go.kr,227,공설,8,설치,설치,설치,설치,미설치
시설종류,시도,시군구,시설명,주소,전화번호,팩스번호,홈페이지,주차대수,공설/사설,안치가능여부,식당,매점,주차장,유족대기실,장애인편의시설
자연장지시설,충청북도,청주시,정음사원추모관,충청북도 청주시 서원구 3순환로644번길 33 (죽림동),043-233-0924,null,null,null,사설,50,미설치,미설치,미설치,미설치,미설치
자연장지시설,전라남도,보성군,늘푸른수목장,전라남도 보성군 노동면 평동로 877-14 (옥마리),061-852-7879,null,www.nllpoorn.com,50,사설,0,미설치,미설치,설치,설치,미설치
자연장지시설,충청남도,공주시,(재)성모성심수도회 자연장지,충청남도 공주시 신풍면 봉갑리 356-15,041-841-1135,null,null,0,사설,0,미설치,미설치,미설치,미설치,미설치
자연장지시설,경상남도,밀양시,(재)만어추모공원 수목장,경상남도 밀양시 삼랑진읍 단장로 439 (우곡리),055-356-4979,055-356-4939,www.maneopark.com,100,사설,0,설치,설치,설치,설치,미설치
자연장지시설,경기도,김포시,김포시추모공원 자연장지,경기도 김포시 통진읍 애기봉로571번길 165 (귀전리),031-983-3960,null,null,10,공설,1130.0,미설치,미설치,설치,설치,미설치
자연장지시설,전북특별자치도,진안군,사랑하는 우리교회 자연장지,전북특별자치도 진안군 정천면 월평리 219-3,063-275-7767,null,null,0,사설,0,미설치,미설치,미설치,미설치,미설치
자연장지시설,전라남도,보성군,옥마기도회,전라남도 보성군 노동면 평동로 877-14 (옥마리),061-852-7811,null,null,50,사설,100,미설치,미설치,설치,미설치,미설치
자연장지시설,경상북도,경주시,대원사추모공원 자연장지,"경상북도 경주시 양남면 명주길 864-5 (효동리, 대원사)",054-743-1945,null,www.daeonesa.com,null,사설,0,설치,미설치,설치,설치,설치
자연장지시설,경기도,양주시,경신하늘뜰공원 자연장지,"경기도 양주시 남면 화합로430번길 98 (경신리, 경신하늘뜰공원)",031-861-5716,null,https://www.yangju.go.kr/www/contents.do?key=503,10,공설,2500.0,미설치,설치,설치,설치,설치
자연장지시설,대구광역시,달성군,대한불교조계종 남지장사,"대구광역시 달성군 가창면 남지장사길 95 (우록리, 남지장사)",053-768-9920,053-768-3334,namgijangsa.or.kr,50,사설,0,미설치,미설치,설치,설치,미설치
자연장지시설,전북특별자치도,전주시 완산구,대한예수교장로회 효자수목원,"전북특별자치도 전주시 완산구 콩쥐팥쥐로 1705-31 (효자동3가, 효자추모관)",063-228-6811,null,www.hyojas.com/,100,사설,2570.0,미설치,미설치,설치,설치,설치
자연장지시설,충청북도,제천시,제천시영원한쉼터 자연장지,충청북도 제천시 송학면 송학주천로9길 122 (포전리),043-644-6613,043-642-0240,www.okjc.net/welfare/contents.do?key=771,150,공설,7000.0,미설치,설치,설치,설치,설치
자연장지시설,경상북도,김천시,김천시립추모공원(자연장지),경상북도 김천시 봉산면 영남대로 431 (신암리),054-421-1621,054-437-1820,https://www.gcfmc.or.kr/gc_memorialpark/main.tc,307,공설,307,설치,미설치,설치,설치,미설치
자연장지시설,광주광역시,광산구,목자은혜교회,광주광역시 광산구 송학동 424-1,062-449-4446,null,blog.naver.com/888time,10,사설,0,미설치,미설치,설치,설치,미설치
자연장지시설,충청남도,서산시,서산시 희망공원(자연장지),충청남도 서산시 인지면 무학재2길 106 (산동리),041-660-2719,041-669-2719,null,null,공설,22534.0,미설치,미설치,설치,설치,미설치
자연장지시설,전라남도,영광군,영광군 공설추모공원 자연장지,전라남도 영광군 군남면 광암로 174,061-351-9870,061-351-9875,null,null,공설,0,미설치,미설치,미설치,미설치,미설치
자연장지시설,경상남도,사천시,사천시 누리원(자연장지),"경상남도 사천시 해안관광로 208-66 (송포동, 사천공설화장장)",055-831-4590,055-831-6529,https://www.youthsacheon.com/funeral_main.html,5,공설,20000.0,미설치,미설치,설치,미설치,미설치
자연장지시설,전라남도,무안군,지구촌교회 자연장지,전라남도 무안군 몽탄면 달산리 산257-17,null,null,null,null,사설,0,미설치,미설치,미설치,미설치,미설치
자연장지시설,전북특별자치도,고창군,홍연암 자연장지,전북특별자치도 고창군 고수면 신기길 34 (은사리),063-563-3787,null,null,null,사설,0,미설치,미설치,미설치,미설치,미설치
자연장지시설,전라남도,함평군,함평중앙교회 부활동산,전라남도 함평군 함평읍 옥산리 242-9,061-324-2369,null,null,null,사설,0,미설치,미설치,미설치,미설치,미설치
자연장지시설,경기도,양평군,(사)씨앤에이미션 자연장지,경기도 양평군 양동면 다락근이길 57-18 (단석리),031-775-6945,null,null,null,사설,0,미설치,미설치,미설치,미설치,미설치
자연장지시설,경기도,화성시,화성함백산추모공원 바람마루,경기도 화성시 효행구 매송면 서해로 2448-32 (숙곡리),031-240-9200,031-240-9277,null,null,공설,0,미설치,미설치,설치,미설치,미설치
자연장지시설,충청남도,공주시,공주나래원 자연장지,"충청남도 공주시 이인면 삼배실길 70 (운암리, 나래원)",041-840-8980,null,https://www.gongju.go.kr/naraewon/sub02_04.do,297,공설,3340.0,설치,설치,설치,설치,설치
자연장지시설,강원특별자치도,태백시,태백공원묘원 자연장지,"강원특별자치도 태백시 백두대간로 844 (창죽동, 태백공동묘지)",033-550-2844,033-550-2961,null,null,공설,2000.0,미설치,미설치,설치,미설치,미설치
자연장지시설,충청북도,음성군,수원제일교회 자연장지,충청북도 음성군 음성읍 초천리 산129-1,031-244-1004,null,null,null,사설,0,미설치,미설치,미설치,미설치,미설치
자연장지시설,전북특별자치도,고창군,고창푸른숲자연장,"전북특별자치도 고창군 신림면 왕림로 94-54 (세곡리, 고창푸른숲자연장관리사무소)",063-564-7852,063-564-7853,www.gochangpj.kr,244,공설,6922.0,미설치,미설치,설치,미설치,미설치
자연장지시설,충청남도,당진시,석문공설묘지 자연장지,"충청남도 당진시 석문면 통정1길 86-38 (삼화리, 공설묘지관리사)",041-353-5944,041-353-5944,null,null,공설,0,미설치,미설치,미설치,미설치,미설치
자연장지시설,경상북도,고령군,합동다산교회 자연장지,경상북도 고령군 성산면 기족리 산 14-4,null,null,null,null,사설,0,미설치,미설치,미설치,미설치,미설치
자연장지시설,전북특별자치도,고창군,무장녹두숲자연장,전북특별자치도 고창군 무장면 반송길 12 (고라리),063-564-6864,063-560-2299,WWW.무장녹두숲자연장.kr,300,공설,4050.0,미설치,미설치,설치,미설치,설치
자연장지시설,세종특별자치시,세종특별자치시,세종수목장,세종특별자치시 전의면 부거실길 135-11 (달전리),044-864-4746,null,www.세종수목장.com,15,사설,2395.0,미설치,미설치,설치,설치,미설치
자연장지시설,경기도,김포시,김포문수산수목장,경기도 김포시 월곶면 문수산로 8 (포내리),031-985-5155,031-998-5751,www.김포장례서비스협동조합.com,null,사설,0,미설치,미설치,미설치,미설치,미설치
자연장지시설,충청남도,보령시,보령시모란공원 자연장,"충청남도 보령시 성주면 만수로 695-14 (개화리, 모란공원사무실)",041-933-5671,null,www.brsisul.or.kr/kor/sub01_03_01.do,null,공설,3000.0,설치,설치,설치,미설치,설치
자연장지시설,경기도,용인시,약천사,"경기도 용인시 처인구 양지면 양지로63번길 9-18 (양지리, 약천사)",031-338-3362,null,null,30,사설,40,미설치,미설치,설치,설치,미설치
자연장지시설,충청남도,부여군,(재)영호추모공원 매화동산,충청남도 부여군 세도면 해촌로63번길 43-9 (수고리),041-832-7004,null,null,0,사설,0,미설치,미설치,미설치,미설치,미설치
자연장지시설,경기도,연천군,중앙추모공원,경기도 연천군 미산면 마유로 58-38 (백석리),031-833-7737,031-835-7737,www.하늘길.com,50,사설,0,미설치,미설치,설치,설치,미설치
자연장지시설,전북특별자치도,완주군,완주군 자연추모동산,전북특별자치도 완주군 봉동읍 우주로 270-68 (구암리),063-290-2207,null,null,10,공설,1879.0,미설치,미설치,설치,미설치,미설치
자연장지시설,경기도,양평군,북한강광명수목장,"경기도 양평군 서종면 북한강로 1138-69 (수입리, 광명사)",031-774-8969,031-774-8969,null,30,사설,600,미설치,미설치,설치,미설치,미설치
자연장지시설,강원특별자치도,횡성군,반포교회 수목장림,강원특별자치도 횡성군 갑천면 상대리 산191,02-599-1449,null,null,null,사설,0,미설치,미설치,미설치,미설치,미설치
자연장지시설,전라남도,순천시,순천시립자연장지,전라남도 순천시 용수동길 920 (삼거동),061-749-4520,061-749-4520,www.suncheon.go.kr,null,공설,3000.0,미설치,미설치,미설치,미설치,미설치
자연장지시설,충청북도,옥천군,옥천군공설자연장지,충청북도 옥천군 군서면 월전리 산19-1,043-730-3323,null,null,null,공설,0,미설치,미설치,미설치,미설치,미설치
자연장지시설,경상북도,김천시,천주교 김천공원묘원,경상북도 김천시 개령면 황계길 280-41 (황계리),054-433-3880,null,null,null,사설,0,미설치,미설치,미설치,미설치,미설치
자연장지시설,경상남도,고성군,올리베따노성베네딕도수도회,경상남도 고성군 대가면 송계1길 163-43 (송계리),055-674-1986,null,null,null,사설,0,미설치,미설치,미설치,미설치,미설치
자연장지시설,경상북도,성주군,(재)남양공원묘원 자연장지,경상북도 성주군 선남면 관용로 401-41 (오도리),054-932-4444,null,null,null,사설,0,미설치,미설치,미설치,미설치,미설치
자연장지시설,경상북도,영천시,일승종개원사 자연장지,경상북도 영천시 신녕면 장수로 2238-28 (화남리),000-000-0000,000-000-0000,null,null,사설,0,미설치,미설치,미설치,미설치,미설치
자연장지시설,경기도,연천군,기독교대한감리회전곡교회,경기도 연천군 전곡읍 양연로 1591-15전곡감리교회 (전곡리),031-832-3586,null,null,0,사설,0,미설치,미설치,미설치,미설치,미설치
자연장지시설,전라남도,해남군,남도광역추모공원(자연장),전라남도 해남군 황산면 호교길 241-250 (일신리),061-530-5141,061-530-5582,https://www.law.go.kr/자치법규/해남군남도광역추모공원의설치및운영조례/,null,공설,0,미설치,미설치,미설치,미설치,미설치
자연장지시설,전라남도,완도군,수향사 추모공원,"전라남도 완도군 고금면 고금로 667-105 (덕암리, 수향사)",--,null,null,0,사설,0,미설치,미설치,미설치,미설치,미설치
자연장지시설,경기도,연천군,성아우구스띠노수도회 자연장지,경기도 연천군 왕징면 왕산로 722 (동중리),031-834-1262,null,null,null,사설,0,미설치,미설치,미설치,미설치,미설치
자연장지시설,경기도,안성시,유토피아수목장,"경기도 안성시 일죽면 화곡길 130 (화곡리, 유토피아추모관)",031-673-7904,031-674-7904,www.goutopia.co.kr,500,사설,20000.0,설치,설치,설치,설치,설치
자연장지시설,경상남도,진주시,진주제일교회 수목장,경상남도 진주시 일반성면 운천리 산96,055-757-3535,null,null,null,사설,0,미설치,미설치,미설치,미설치,미설치
자연장지시설,인천광역시,옹진군,선재리공설묘지 자연장지,인천광역시 옹진군 영흥면 선재리 산32,032-899-2333,null,null,null,공설,128,미설치,미설치,미설치,미설치,미설치
자연장지시설,대구광역시,군위군,(재)신세계공원묘원(자연장지),대구광역시 군위군 효령면 녹동길 129-190 (장군리),054-382-5250,054-382-9818,null,null,사설,0,미설치,미설치,미설치,미설치,미설치
자연장지시설,충청북도,청주시,평안교회 자연장지,충청북도 청주시 서원구 남이면 구암리 산15-14,null,null,null,null,사설,0,미설치,미설치,미설치,미설치,미설치
자연장지시설,강원특별자치도,횡성군,원주중부교회자연장지,강원특별자치도 횡성군 안흥면 소사리  511-5,033-744-2760,null,null,null,사설,0,미설치,미설치,미설치,미설치,미설치
자연장지시설,경상남도,고성군,대한불교조계종 계승사 극락원,경상남도 고성군 영현면 대법3길 236 (대법리),055-673-0281,055-673-0287,null,15,사설,200,미설치,미설치,미설치,미설치,미설치
자연장지시설,경상북도,경주시,늘푸른교회,경상북도 경주시 강동면 단구리 산31-3,053-752-5269,null,null,0,사설,0,미설치,미설치,미설치,미설치,미설치
자연장지시설,충청남도,공주시,성공사 수목장림,충청남도 공주시 우성면 방문리 1022-2,041-853-3355,null,null,0,사설,0,미설치,미설치,미설치,미설치,미설치
자연장지시설,경상남도,거제시,신광사 수목장,"경상남도 거제시 사등면 오량2길 108 (오량리, 신광사)",055-1855-0494,null,shingwangsa.or.kr,100,사설,1000.0,설치,설치,설치,설치,미설치
자연장지시설,전라남도,함평군,실상산문종실상선원자연장,전라남도 함평군 대동면 운교리 산 79-10,02-222-5555,null,null,null,사설,0,미설치,미설치,미설치,미설치,미설치
자연장지시설,충청북도,음성군,다래원자연장지,충청북도 음성군 생극면 오신로445번길 77 (신양리),043-883-4449,null,null,null,사설,0,미설치,미설치,미설치,미설치,미설치
자연장지시설,전라남도,고흥군,고흥군립하늘공원 자연장,전라남도 고흥군 고흥읍 호형리 399,061-830-5643,061-830-5880,https://www.law.go.kr/자치법규/고흥군립하늘공원설치및운영조례,null,공설,0,미설치,미설치,미설치,미설치,미설치
자연장지시설,경기도,시흥시,정왕공설자연장지,경기도 시흥시 정왕동 산2-1,031-310-2264,null,null,10,공설,2015.0,미설치,미설치,설치,미설치,미설치
자연장지시설,전북특별자치도,전주시,하늘정원,전북특별자치도 전주시 완산구 콩쥐팥쥐로 1705-62 (효자동3가),063-221-4446,063-221-4447,null,null,사설,0,미설치,미설치,미설치,미설치,미설치
자연장지시설,강원특별자치도,강릉시,성모자애공원,강원특별자치도 강릉시 주문진읍 주문리 산44-15,033-662-9115,null,null,null,사설,120,미설치,미설치,미설치,미설치,미설치
자연장지시설,경상남도,하동군,하늘동산 자연장지,경상남도 하동군 양보면 우복리 1078-3,055-882-9190,null,null,10,사설,0,미설치,미설치,미설치,미설치,미설치
자연장지시설,강원특별자치도,횡성군,횡성군공설자연장지,강원특별자치도 횡성군 갑천면 태기로구방8길 132 (구방리),033-340-2904,033-340-2552,null,null,공설,0,미설치,미설치,미설치,미설치,미설치
자연장지시설,충청남도,태안군,천주교태안교회 공원묘지,충청남도 태안군 태안읍 터널길 26-13 (동문리),041-674-1004,null,null,null,사설,160,미설치,미설치,설치,미설치,미설치
자연장지시설,경기도,화성시,화성나래원 수목장,경기도 화성시 만세구 팔탄면 온천로 280-6 (덕천리),031-352-7214,null,hwaseongsumokjang.com/,20,사설,1200.0,미설치,미설치,설치,미설치,미설치
자연장지시설,경상북도,경주시,용주사 자연장지,경상북도 경주시 서면 하늘마루길 328 (도리),054-753-5678,null,https://yongjusa.com/,null,사설,0,미설치,미설치,설치,설치,미설치
자연장지시설,전북특별자치도,익산시,익산하늘공원 제2자연장지,"전북특별자치도 익산시 무왕로 1471-63 (석왕동, 익산공원묘지)",063-859-3840,063-859-3868,null,null,공설,0,미설치,미설치,미설치,미설치,미설치
자연장지시설,경상북도,성주군,(재)우성공원묘원 자연장지,"경상북도 성주군 선남면 관용로 470-54 (용신리, 우성공원사무소)",054-933-4774,null,woosungpark.com,900,사설,0,미설치,미설치,미설치,미설치,미설치
자연장지시설,경기도,김포시,청솔수목장,경기도 김포시 월곶면 애기봉로409번길 82-11 (개곡리),031-1899-4266,null,www.chungsol.net,30,사설,0,미설치,미설치,설치,설치,미설치
자연장지시설,경기도,김포시,살렘전원그리스도의교회자연장지,경기도 김포시 월곶면 김포대학로 130 (포내리),031-982-6953,null,null,null,사설,0,미설치,미설치,미설치,미설치,미설치
자연장지시설,충청남도,예산군,향천사 수목장,"충청남도 예산군 예산읍 향천사로 117-20 (향천리, 금오산향천사)",041-335-3556,null,null,0,사설,0,미설치,미설치,미설치,미설치,미설치
자연장지시설,경상남도,밀양시,여여정사 수목장,경상남도 밀양시 삼랑진읍 행곡1길 180-158 (행곡리),055-355-9247,null,null,null,사설,1000.0,미설치,미설치,미설치,미설치,미설치
자연장지시설,경기도,광주시,분당추모공원휴(자연장),경기도 광주시 오포로 211-49 (능평동),031-762-3000,null,www.huepark.co.kr,204,사설,0,미설치,미설치,설치,설치,미설치
자연장지시설,경기도,화성시,화성하늘공원 수목장림,경기도 화성시 만세구 장안면 포승장안로 1035 (장안리),031-351-4440,null,hwaseongsoop.com/,14,사설,0,미설치,미설치,설치,설치,미설치
자연장지시설,충청남도,서산시,경인침례교회 자연장지,충청남도 서산시 지곡면 산성리 1-2,032-571-0028,null,null,0,사설,0,미설치,미설치,미설치,미설치,미설치
자연장지시설,강원특별자치도,동해시,동해시하늘정원자연장지,"강원특별자치도 동해시 강원남부로 4589 (단봉동, 동해시하늘정원)",033-530-2796,033-530-2735,null,null,공설,4800.0,미설치,미설치,설치,미설치,미설치
자연장지시설,전북특별자치도,전주시 완산구,전주효자자연장,"전북특별자치도 전주시 완산구 콩쥐팥쥐로 1705-138 (효자동3가, 전주승화원)",063-239-2690,null,null,10,공설,4200.0,설치,설치,설치,설치,설치
자연장지시설,경상북도,포항시,원진사지장회수목장,경상북도 포항시 남구 동해면 금광로438번길 108 (신정리),054-274-9443,null,null,null,사설,300,미설치,미설치,미설치,미설치,미설치
자연장지시설,전북특별자치도,김제시,(재)지평선전북공원묘원(자연),전북특별자치도 김제시 금구면 선암1길 290 (선암리),063-546-5011,null,blog.naver.com/jb09002,100,사설,1300.0,미설치,미설치,설치,설치,미설치
자연장지시설,충청북도,진천군,원각사 자연장지,충청북도 진천군 백곡면 양백리 산72-5,null,null,null,null,사설,0,미설치,미설치,미설치,미설치,미설치
자연장지시설,충청남도,아산시,아산시공설자연장지,충청남도 아산시 송악면 외암로 30-30 (거산리),041-538-1940,null,null,null,공설,0,미설치,미설치,미설치,미설치,미설치
자연장지시설,충청북도,청주시,청주시목련공원자연장,"충청북도 청주시 상당구 목련로 731 (월오동, 목련공원)",043-270-8578,043-201-1948,null,181,공설,5937.0,설치,설치,설치,설치,미설치
자연장지시설,전라남도,담양군,오룡군립묘원 자연장지,전라남도 담양군 무정면 오룡리 산29,061-380-3384,null,www.damyang.go.kr,50,공설,800,미설치,미설치,설치,설치,미설치
자연장지시설,강원특별자치도,양양군,자연으로추모정원,강원특별자치도 양양군 현남면 매호길 273 (후포매리),033-671-6279,null,null,30,사설,2000.0,설치,미설치,설치,설치,미설치
자연장지시설,경기도,가평군,영은교회 자연장지(수목장),경기도 가평군 설악면 설곡리 산 224-8,02-2676-7171,null,null,null,사설,0,미설치,미설치,미설치,미설치,미설치
자연장지시설,전라남도,진도군,보배숲추모공원(군립),"전라남도 진도군 진도읍 진도대로 7363-110 (동외리, 관리사무소)",061-544-6101,null,null,null,공설,0,미설치,미설치,미설치,미설치,미설치
자연장지시설,경기도,안성시,우성공원묘원(자연장지),"경기도 안성시 일죽면 화곡길 158 (화곡리, 우성공원묘원)",031-672-5008,null,www.wspark.co.kr,null,사설,1625.0,미설치,미설치,미설치,미설치,미설치
자연장지시설,전라남도,장성군,자연숲추모공원 수목장림,전라남도 장성군 삼계면 영장로 900-53 (부성리),061-395-2040,061-395-2054,jangseong.nfcf.or.kr,100,사설,13760.0,미설치,미설치,설치,설치,미설치
자연장지시설,충청남도,당진시,남부권공설묘지 자연장지,충청남도 당진시 신평면 상오로 31 (상오리),041-350-3736,041-362-7387,null,null,공설,6700.0,설치,미설치,미설치,미설치,미설치
자연장지시설,광주광역시,북구,광주영락공원 청마루동산,광주광역시 북구 영락공원로 170 (효령동),062-572-4384,062-572-1702,www.cyberyoungrak.or.kr/cms/bbs/dk_content.php?ht_id=cyber_02_4,10,공설,15000.0,설치,설치,설치,설치,미설치
자연장지시설,경상남도,남해군,이동무림삼자자연장지,경상남도 남해군 이동면 무림리 산206,null,null,null,null,공설,0,미설치,미설치,미설치,미설치,미설치
자연장지시설,전북특별자치도,완주군,(재)호정공원(자연장),전북특별자치도 완주군 화산면 운곡로 381-64 (운곡리),063-214-1009,null,www.hjcloud9.com/,480,사설,33833.0,미설치,미설치,설치,설치,설치
자연장지시설,전북특별자치도,김제시,(사)바울선교회 자연장지,전북특별자치도 김제시 만경읍 화포리 543-1,063-254-8418,null,null,null,사설,0,미설치,미설치,미설치,미설치,미설치
자연장지시설,경기도,평택시,(재)서호추모공원 자연장지,경기도 평택시 청북읍 고렴길 161-12 (고렴리),031-683-4505,null,www.seohopark.kr,null,사설,524,설치,미설치,설치,설치,설치
자연장지시설,전라남도,순천시,베다니수목장,전라남도 순천시 서면 압곡리 156-2,061-744-7915,null,null,null,사설,0,미설치,미설치,미설치,미설치,미설치
자연장지시설,전라남도,완도군,완도안디옥교회 자연장지,전라남도 완도군 군외면 당인리 429-1,061-554-1004,null,null,null,사설,0,미설치,미설치,미설치,미설치,미설치
자연장지시설,경상남도,통영시,새소명교회동산,경상남도 통영시 도산면 도선리 산301-1,055-241-0278,null,null,null,사설,0,미설치,미설치,미설치,미설치,미설치
자연장지시설,전라남도,장흥군,장흥공설자연장지,"전라남도 장흥군 장흥읍 금산신기길 131 (금산리, 공원묘지관리실)",061-860-5864,null,null,30,공설,0,미설치,미설치,설치,미설치,미설치
자연장지시설,경상북도,영덕군,삼사교회 자연장지,경상북도 영덕군 강구면 삼사리 457,054-733-4588,null,null,null,사설,0,미설치,미설치,미설치,미설치,미설치
자연장지시설,전라남도,함평군,대한예수교장로회 함평교회,전라남도 함평군 함평읍 장년리 86-3,061-324-1324,null,null,5,사설,300,미설치,미설치,설치,미설치,미설치
자연장지시설,경기도,안산시 단원구,와동꽃빛공원 자연장지,경기도 안산시 단원구 순환로 390 (와동),031-481-3359,031-481-6661,null,100,공설,2492.0,설치,설치,설치,미설치,미설치
자연장지시설,전북특별자치도,남원시,남원동북교회 자연장지,전북특별자치도 남원시 용정동 447-12,063-626-9191,null,null,0,사설,0,미설치,미설치,미설치,미설치,미설치
자연장지시설,전라남도,진도군,보배숲추모공원(산림조합),"전라남도 진도군 진도읍 진도대로 7363-110 (동외리, 관리사무소)",061-544-6101,061-544-6105,jindo.nfcf.or.kr,100,사설,3000.0,설치,설치,설치,설치,미설치
자연장지시설,제주특별자치도,제주시,제주시어승생한울누리공원,"제주특별자치도 제주시 산록북로 70 (연동, 어승생한울누리공원)",064-728-2565,null,www.jeju.go.kr/wel/burial/facInfo/hanul.htm,null,공설,15578.0,설치,설치,설치,설치,미설치
자연장지시설,강원특별자치도,양구군,양구봉안공원 자연장지,강원특별자치도 양구군 양구읍 금강산로 518-40 (하리),033-480-2577,null,null,30,공설,1500.0,미설치,미설치,설치,미설치,미설치
자연장지시설,경기도,안성시,명성교회 자연장지,경기도 안성시 삼죽면 마전리 132-4,02-486-1004,null,null,null,사설,0,미설치,미설치,미설치,미설치,미설치
자연장지시설,인천광역시,옹진군,연평리공설묘지 자연장지,인천광역시 옹진군 연평면 연평리 661-5,032-899-2333,null,null,null,공설,104,미설치,미설치,미설치,미설치,미설치
자연장지시설,경상북도,영천시,개원추모공원 자연장지,경상북도 영천시 신녕면 장수로 2238-9 (화남리),054-336-0992,null,www.gwpark.net/,null,사설,0,미설치,미설치,미설치,미설치,미설치
자연장지시설,강원특별자치도,춘천시,(주)광림공원 동산공원묘원(자연장),"강원특별자치도 춘천시 동산면 종자리로 331-50 (군자리, 춘천시공설묘원)",033-263-9446,null,www.dongsanpark.co.kr,null,사설,0,미설치,미설치,미설치,미설치,미설치
자연장지시설,광주광역시,북구,망월묘지공원(자연장),"광주광역시 북구 민주로 285 (운정동, 망월동묘지공원관리사무소)",062-572-1701,null,null,null,공설,0,미설치,미설치,미설치,미설치,미설치
자연장지시설,경기도,가평군,영은교회 자연장지(수목장림),경기도 가평군 설악면 설곡리 산 224-8,02-2676-7171,null,null,null,사설,0,미설치,미설치,미설치,미설치,미설치
자연장지시설,경기도,양평군,갈월사 자연장지,"경기도 양평군 양평읍 충신로324번길 64 (창대리, 갈월사)",031-774-7374,null,null,null,사설,0,미설치,미설치,미설치,미설치,미설치
자연장지시설,제주특별자치도,서귀포시,성산읍공설자연장지,제주특별자치도 서귀포시 성산읍 수산리 4711,064-760-4234,064-760-4209,null,null,공설,0,미설치,미설치,미설치,미설치,미설치
자연장지시설,경상북도,고령군,대구남덕교회부활동산,경상북도 고령군 성산면 사부리 산131,054-950-6213,null,www.namduk.org/,30,사설,1000.0,미설치,미설치,설치,미설치,미설치
자연장지시설,경기도,연천군,수불사추모공원,"경기도 연천군 청산면 전영로215번길 153-16, 수불사 추모공원",031-832-6222,null,subulsa.kr/greeting,20,사설,0,미설치,미설치,미설치,미설치,설치
자연장지시설,전라남도,보성군,대한불교조계종 대원사,전라남도 보성군 문덕면 죽산길 506-8 (죽산리),061-852-1755,null,null,100,사설,60,미설치,미설치,설치,미설치,미설치
자연장지시설,경기도,광주시,소망수양관 자연장지,경기도 광주시 곤지암읍 건업리 54-4,02-512-9191,null,null,100,사설,33,설치,미설치,설치,미설치,미설치
자연장지시설,경상남도,창원시 마산합포구,장수암 자연장지,"경상남도 창원시 마산합포구 구산면 원전1길 141 (심리, 장수암)",055-221-1510,null,null,100,사설,0,설치,미설치,설치,설치,설치
자연장지시설,울산광역시,울산광역시,울산하늘공원 자연장지,울산광역시 울주군 삼동면 보삼길 550 (조일리),052-255-3800,052-255-3809,null,10,공설,60500.0,설치,설치,설치,설치,설치
자연장지시설,경기도,광주시,중흥교회 자연장(남서울가족공원),경기도 광주시 곤지암읍 가마을길 83-14 (오향리),031-764-4680,null,www.남서울가족공원.com,100,사설,208,미설치,미설치,설치,설치,설치
자연장지시설,충청남도,계룡시,재단법인 아너스홈,충청남도 계룡시 두마면 제1산단로 132 (입암리),042-585-0536,null,null,null,사설,0,미설치,미설치,미설치,미설치,미설치
자연장지시설,전북특별자치도,전주시 완산구,에덴의정원 수목장,전북특별자치도 전주시 완산구 콩쥐팥쥐로 1705-62 (효자동3가),063-226-0107,null,www.eden-jungwon.co.kr,22,사설,12000.0,미설치,미설치,설치,설치,설치
자연장지시설,강원특별자치도,춘천시,일월사추모공원(자연장지),강원특별자치도 춘천시 남산면 봉의텃골길 149-10 (행촌리),033-243-3654,null,null,null,사설,0,미설치,미설치,미설치,미설치,미설치
자연장지시설,인천광역시,옹진군,장봉리공설묘지 자연장지,인천광역시 옹진군 북도면 장봉리 산177,032-899-2333,null,null,null,공설,78,미설치,미설치,미설치,미설치,미설치
자연장지시설,경상남도,진주시,진주대광교회 자연장지,경상남도 진주시 대곡면 와룡리 50-1,055-761-6866,null,null,null,사설,680,미설치,미설치,미설치,미설치,미설치
자연장지시설,경상남도,함안군,함안하늘공원(자연장지),"경상남도 함안군 가야읍 함마대로 1145 (사내리, 함안하늘공원)",055-585-7182,055-585-7185,hamanhaneul.or.kr/,90,공설,15000.0,미설치,미설치,설치,미설치,미설치
자연장지시설,경상남도,거창군,웅양공설공원묘지,경상남도 거창군 웅양면 죽림리 산108,055-940-3892,null,www.geochang.go.kr,null,공설,525,미설치,미설치,미설치,미설치,미설치
자연장지시설,전북특별자치도,정읍시,서남권추모공원 제2자연장지,전북특별자치도 정읍시 감곡면 정읍북로 1850 (통석리),063-539-6725,063-538-6517,null,null,공설,0,미설치,미설치,미설치,미설치,미설치
자연장지시설,경기도,양평군,시냇가푸른나무교회수목장림,"경기도 양평군 단월면 석산로 513-56(향소리, 숲속작은나라)",02-877-0051,02-874-0589,www.gt21.kr,null,사설,0,미설치,미설치,미설치,미설치,미설치
자연장지시설,경상북도,칠곡군,남흥교회 자연장지,경상북도 칠곡군 가산면 송학리 산15-5,053-474-6711,053-474-6712,null,null,사설,0,미설치,미설치,미설치,미설치,미설치
자연장지시설,경기도,남양주시,(재)영락교회공원묘원 자연장지,경기도 남양주시 진건읍 사릉로264번길 140-16 (사능리),031-573-8123,null,null,null,사설,0,미설치,미설치,미설치,미설치,미설치
자연장지시설,경기도,남양주시,무량수목장,"경기도 남양주시 수동면 비룡로850번길 33 (입석리, 대한불교조계종무량사)",031-594-7970,null,null,120,사설,3400.0,미설치,미설치,설치,설치,설치
자연장지시설,전북특별자치도,임실군,경각산 수목장,전북특별자치도 임실군 신덕면 불재로 622 (신덕리),063-643-0405,null,null,100,사설,6000.0,미설치,미설치,설치,설치,미설치
자연장지시설,충청북도,보은군,결초보은 추모공원(자연장지),충청북도 보은군 보은읍 속리산로 37 (누청리),043-542-1232,043-540-3809,null,80,공설,18339.0,미설치,미설치,설치,설치,미설치
자연장지시설,경상남도,남해군,고사자연장지,경상남도 남해군 설천면 진목리 산78-2,null,null,null,null,공설,0,미설치,미설치,미설치,미설치,미설치
자연장지시설,경기도,남양주시,재단법인북한강공원 자연장지,"경기도 남양주시 화도읍 모꼬지로17번길 202 (구암리, 북한강공원)",031-592-0081,null,www.bhgpark.co.kr,0,사설,0,미설치,미설치,설치,미설치,미설치
자연장지시설,경상남도,거제시,늘푸른수목장(청광사),경상남도 거제시 사등면 지석로 216 (지석리),null,null,blog.naver.com/qkekcnrrnr,100,사설,1000.0,미설치,미설치,설치,설치,미설치
자연장지시설,강원특별자치도,영월군,영월중앙감리교회 자연장지,강원특별자치도 영월군 영월읍 하송로 112 (하송리),033-374-4891,033-374-4891,null,null,사설,0,미설치,미설치,미설치,미설치,미설치
자연장지시설,인천광역시,강화군,강화해누리공원,인천광역시 강화군 내가면 황청리 산170-1 일원,032-930-7144,032-932-9470,https://www.law.go.kr/자치법규/강화군해누리공원관리및운영조례/,null,공설,0,미설치,미설치,미설치,미설치,미설치
자연장지시설,경기도,용인시,(재)용인공원(자연장),"경기도 용인시 처인구 모현읍 새래로 158-33 (초부리, 용인공원묘지)",031-334-3484,null,www.yongin-park.com,2000,사설,65690.0,설치,설치,설치,미설치,미설치
자연장지시설,경기도,안산시 단원구,쌍계사,"경기도 안산시 단원구 대부황금로 1171 (대부북동, 쌍계사)",032-880-1727,null,www.twomemorial.co.kr,100,사설,3500.0,미설치,미설치,설치,설치,설치
자연장지시설,경기도,이천시,금광추모동산,경기도 이천시 설성면 상봉리 3-5,031-731-1004,null,null,0,사설,0,미설치,미설치,미설치,미설치,미설치
자연장지시설,경기도,양주시,신세계공원(자연장),경기도 양주시 장흥면 권율로29번길 170 (일영리),031-855-1241,null,null,null,사설,0,미설치,미설치,미설치,미설치,미설치
자연장지시설,충청북도,충주시,동서울교회 자연장지,충청북도 충주시 소태면 구룡고개길 152 (주치리),02-463-8885,null,null,null,사설,0,미설치,미설치,미설치,미설치,미설치
자연장지시설,경기도,여주시,여주추모공원 자연장지,경기도 여주시 가남읍 여주남로 769 (본두리),031-880-4061,031-887-2476,www.yeojufmc.or.kr/user/parkingEnvironment/memorialPark.do,137,공설,7008.0,미설치,설치,설치,미설치,미설치
자연장지시설,경상북도,성주군,삼광사추모공원 자연장지,"경상북도 성주군 월항면 지산로 208 (지방리, 삼광사)",054-971-5669,null,null,200,사설,300,설치,미설치,설치,미설치,미설치
자연장지시설,경상남도,김해시,휴안추모공원,"경상남도 김해시 상동면 상동로 178-54 (우계리, 불조사)",055-724-4755,null,null,15,사설,500,설치,설치,설치,설치,설치
자연장지시설,전라남도,신안군,압해중앙동산,전라남도 신안군 압해읍 신용리 산34,061-271-9201,061-271-9202,null,null,사설,0,미설치,미설치,미설치,미설치,미설치
자연장지시설,대구광역시,대구광역시,대구시립공원묘지(자연장),경상북도 칠곡군 지천면 낙산로 87 (낙산리),053-803-6262,null,https://www.law.go.kr/자치법규/대구광역시장사시설의설치및운영조례,null,공설,0,미설치,미설치,미설치,미설치,미설치
자연장지시설,경기도,안성시,안성제일교회 수목장,경기도 안성시 삼죽면 율곡리 산108-12,031-672-2607,null,www.asjch.com,50,사설,1500.0,미설치,미설치,설치,미설치,미설치
자연장지시설,경기도,양주시,서울신흥교회 하늘계단수목장,경기도 양주시 평화로1261번길 372-146 (산북동),031-821-4242,null,null,null,사설,0,미설치,미설치,미설치,미설치,미설치
자연장지시설,강원특별자치도,홍천군,천봉사 자연장지,강원특별자치도 홍천군 서면 팔봉산로 118 (대곡리),033-435-8941,null,chunbongsasumok.com,null,사설,3000.0,미설치,미설치,미설치,미설치,미설치
자연장지시설,경상북도,청도군,대성교회 자연장지,경상북도 청도군 화양읍 고평리 산19-3,054-371-2836,null,lovejoy.org,5,사설,500,미설치,미설치,설치,미설치,미설치
자연장지시설,전라남도,완도군,완도군추모공원 자연장지(수목·잔디),전라남도 완도군 군외면 청해진서로 1702 (삼두리),061-550-5322,null,null,57,공설,328,설치,설치,설치,설치,미설치
자연장지시설,제주특별자치도,서귀포시,서귀포추모공원 자연장지,제주특별자치도 서귀포시 돈내코로 295-28 (상효동),064-732-1893,null,www.jeju.go.kr/wel/burial/facInfo/chumo/cremationInfo.htm,null,공설,4000.0,설치,설치,설치,설치,미설치
자연장지시설,경상남도,밀양시,천탑사 수목장(그린피아),경상남도 밀양시 삼랑진읍 화성길 13-47 (미전리),055-351-4440,null,www.greenpiapark.co.kr,null,사설,1800.0,미설치,미설치,설치,설치,미설치
자연장지시설,경기도,포천시,내촌공설자연장지,경기도 포천시 내촌면 작은넙고개길 153 (진목리),031-540-6410,031-538-2269,www.pcuc.kr/open_content/,20,공설,1200.0,미설치,미설치,설치,미설치,미설치
자연장지시설,충청북도,진천군,진천군 자연장지,충청북도 진천군 진천읍 장관리 758-3번지 일원,043-539-3396,043-537-0462,null,null,공설,0,미설치,미설치,미설치,미설치,미설치
자연장지시설,전라남도,함평군,한국기독교장로회함평읍교회,전라남도 함평군 손불면 석창리 88-17,061-323-9191,null,null,null,사설,0,미설치,미설치,미설치,미설치,미설치
자연장지시설,충청북도,청주시 상당구,청주성요셉공원 자연장지,"충청북도 청주시 상당구 가덕면 병암길 35-52 (시동리, 성당)",043-298-5880,null,null,null,사설,0,미설치,미설치,미설치,미설치,미설치
자연장지시설,강원특별자치도,홍천군,도심리교회 하늘로공원,강원특별자치도 홍천군 화촌면 도심리길 196 (구성포리),033-433-3321,null,null,null,사설,0,미설치,미설치,미설치,미설치,미설치
자연장지시설,대전광역시,서구,대전추모공원 자연장지,대전광역시 서구 상보안윗길 160 (괴곡동),042-602-2500,042-585-4707,null,418,공설,3656.0,설치,설치,설치,설치,설치
자연장지시설,전라남도,광양시,광양시립영세공원 자연장지,전라남도 광양시 광양읍 직동1길 300 (죽림리),061-762-4449,061-762-4494,cemetery.gwangyang.go.kr/pr/info/nature,null,공설,12000.0,미설치,미설치,설치,설치,미설치
자연장지시설,경기도,이천시,이천시립 자연장지,경기도 이천시 부발읍 황무로1719번길 189 (죽당리),031-631-3578,null,www.2000fmc.or.kr,60,공설,10000.0,미설치,미설치,설치,설치,설치
자연장지시설,강원특별자치도,춘천시,일심정사 수목장림,강원특별자치도 춘천시 남산면 김유정로 427-28 (광판리),null,null,null,null,사설,0,미설치,미설치,미설치,미설치,미설치
자연장지시설,경기도,양평군,국립하늘숲추모원,경기도 양평군 양동면 양서동로 372 (계정리),031-775-6637,031-775-6639,sky.fowi.or.kr,200,공설,63150.0,미설치,미설치,설치,설치,미설치
자연장지시설,세종특별자치시,세종특별자치시,은하수공원 자연장지,"세종특별자치시 정안세종로 1527 (산울동, 은하수공원)",044-850-1340,044-863-0764,wwwsjfmcorkr/eunhasudo,20,공설,77701.0,설치,설치,설치,설치,설치
자연장지시설,경상북도,경주시,경주하늘수목장림,경상북도 경주시 건천읍 하늘마루길 274 (용명리),054-753-3535,null,null,50,사설,23928.0,미설치,미설치,설치,설치,설치
자연장지시설,경기도,양평군,선연사 자연장지,"경기도 양평군 양평읍 농업기술센터길 19-18 (공흥리, 선연사)",031-774-6656,null,null,null,사설,200,미설치,미설치,미설치,미설치,미설치
자연장지시설,강원특별자치도,철원군,(재)목련공원묘원 자연장지,"강원특별자치도 철원군 서면 싸리골길 133 (자등리, 목련공원)",033-458-4444,null,null,0,사설,0,미설치,미설치,미설치,미설치,미설치
자연장지시설,충청남도,공주시,정안수목장,충청남도 공주시 정안면 차령고개로 17-57 (사현리),041-854-0855,null,www.정안수목장.kr,150,사설,150,설치,설치,설치,설치,설치
자연장지시설,경기도,고양시 일산동구,일산공감수목장(봉화사),경기도 고양시 일산동구 지영로194번길 132 (지영동),031-975-4587,null,www.일산공감수목장.com,80,사설,20000.0,미설치,미설치,설치,설치,미설치
자연장지시설,경상남도,거제시,저높은교회 자연장지,경상남도 거제시 삼거동 602,055-637-3439,null,null,null,사설,0,미설치,미설치,미설치,미설치,미설치
자연장지시설,경상남도,남해군,남해추모누리공원 자연장지,"경상남도 남해군 서면 연죽로 46-77 (연죽리, 남해공설종합묘원추모누리)",055-860-3681,055-860-3882,www.namhae.go.kr/welfare/Index.do?c=WL0601010000,50,공설,6000.0,설치,설치,설치,설치,설치
자연장지시설,경기도,용인시,천주교인보성체수도회,"경기도 용인시 처인구 포곡읍 백옥대로1832번길 68 (삼계리, 수녀원)",031-339-9025,null,null,null,사설,0,미설치,미설치,미설치,미설치,미설치
자연장지시설,경기도,용인시,샘물호스피스 자연장지,경기도 용인시 처인구 백암면 고안로51번길 112-25 (고안리),031-329-2993,null,null,null,사설,0,미설치,미설치,미설치,미설치,미설치
자연장지시설,제주특별자치도,제주시,용강별숲공원(구 동부공설묘지),제주특별자치도 제주시 용강6길 366-1 (용강동),064-728-2562,064-728-2529,null,null,공설,0,미설치,미설치,미설치,미설치,미설치
자연장지시설,경상북도,영천시,죽림사 자연장지,"경상북도 영천시 금호읍 죽방길 279-57 (봉죽리, 죽림사)",054-334-1261,null,null,null,사설,0,미설치,미설치,미설치,미설치,미설치
자연장지시설,전라남도,여수시,여수시영락공원 자연장지(수목·잔디),"전라남도 여수시 소라면 의곡길 494 (봉두리, 영락공원)",061-659-1795,null,yeosu.go.kr,null,공설,2664.0,미설치,미설치,설치,미설치,미설치
자연장지시설,경기도,고양시,자연애숲(다니엘교회),경기도 고양시 일산동구 지영로194번길 135 (지영동),031-977-9915,null,null,48,사설,0,미설치,미설치,설치,설치,미설치
자연장지시설,경기도,양주시,대원정사 자연장지,경기도 양주시 장흥면 권율로309번길 317-214 (석현리),031-855-5501,null,null,null,사설,890,미설치,미설치,미설치,미설치,미설치
자연장지시설,경상북도,안동시,대한불교조계종세심사 상락향수목장림,경상북도 안동시 와룡면 선돌길 112-55 (가구리),054-857-1900,null,null,50,사설,300,미설치,미설치,설치,설치,미설치
자연장지시설,전북특별자치도,정읍시,서남권추모공원 자연장지,전북특별자치도 정읍시 감곡면 정읍북로 1850 (통석리),063-539-6725,063-538-6517,null,10,공설,4000.0,설치,설치,설치,설치,설치
자연장지시설,전라남도,함평군,대한불교조계종 용천사,전라남도 함평군 해보면 광암리 409,061-322-1445,null,https://www.용천사자연수목장.com,100,사설,700,설치,미설치,설치,설치,설치
자연장지시설,충청남도,당진시,대호지공설묘지 자연장지,"충청남도 당진시 대호지면 봉선길 123 (장정리, 어성정공동묘지)",041-350-3044,null,https://www.law.go.kr/자치법규/당진시장사시설등의설치및관리조례/,null,공설,0,미설치,미설치,미설치,미설치,미설치
자연장지시설,충청북도,영동군,선불교자연장지,충청북도 영동군 심천면 마곡리 185-3,043-745-7820,null,null,null,사설,0,미설치,미설치,미설치,미설치,미설치
자연장지시설,경기도,안성시,안성시추모공원 자연장지,경기도 안성시 미양면 보촌4길 70 (고지리),031-677-9944,031-677-9966,www.asimc.or.kr/chumo,155,공설,0,미설치,미설치,설치,설치,미설치
자연장지시설,전북특별자치도,익산시,영모묘원 자연장지,"전북특별자치도 익산시 왕궁면 호반로 173-45 (동봉리, 영모묘원납골당)",063-836-4311,null,null,1000,사설,33334.0,설치,미설치,설치,설치,설치
자연장지시설,경기도,양주시,하늘소풍수목장(호산나교회),경기도 양주시 평화로1261번길 372-74 (산북동),031-1577-8195,031-856-4455,haneulsopung.co.kr,100,사설,5000.0,미설치,미설치,설치,설치,미설치
자연장지시설,경기도,안성시,기독교대한성결교회 안성교회 자연장지,경기도 안성시 금광면 조령길 73-117 (삼흥리),031-674-2347,null,null,15,사설,800,미설치,미설치,설치,설치,미설치
자연장지시설,경기도,양평군,별그리다(별의숲),경기도 양평군 양동면 양동금곡1길 331 (삼산리),031-333-1111,031-774-4710,www.star4ever.com,1300,사설,27269.0,설치,미설치,설치,설치,설치
자연장지시설,강원특별자치도,화천군,화천공원묘원 자연장지,"강원특별자치도 화천군 하남면 영서로 5697-66 (원천리, 화천장례식장)",033-440-2316,null,null,null,공설,705,미설치,미설치,미설치,미설치,미설치
자연장지시설,경기도,김포시,금강사추모공원(자연장지),경기도 김포시 하성면 평화공원로70번길 104-25 (가금리),031-984-6544,null,null,null,사설,20000.0,설치,미설치,설치,설치,설치
자연장지시설,경기도,연천군,오봉사 수목장림,경기도 연천군 연천읍 현문로245번길 384 (고문리),031-834-2140,null,null,null,사설,0,미설치,미설치,미설치,미설치,미설치
자연장지시설,강원특별자치도,강릉시,청솔공원 자연장지,강원특별자치도 강릉시 사천면 석교리 산162,033-660-3857,null,https://www.gn.go.kr/www/contents.do?key=1169,null,공설,1826.0,설치,설치,설치,설치,미설치
자연장지시설,경기도,포천시,광릉추모공원 자연장,경기도 포천시 내촌면 부마로 341 (마명리),031-532-2520,031-534-3116,www.gmemorialpark.com,200,사설,12000.0,설치,설치,설치,미설치,미설치
자연장지시설,경기도,연천군,대한예수교장로회 금호교회 자연장지,경기도 연천군 왕징면 북삼리 263,02-2234-5400,02-2234-1582,null,null,사설,0,미설치,미설치,미설치,미설치,미설치
자연장지시설,제주특별자치도,제주시,제주영락동산,제주특별자치도 제주시 구좌읍 덕천리 427-1,064-753-1231,064-757-5553,www.jejuyn.or.kr/main/sub.html?pageCode=47,null,사설,6264.0,미설치,미설치,미설치,미설치,미설치
자연장지시설,전북특별자치도,익산시,익산하늘공원자연장지,"전북특별자치도 익산시 무왕로 1471-63 (석왕동, 익산공원묘지)",063-859-3840,063-859-3868,null,10,공설,3947.0,미설치,미설치,설치,미설치,미설치
자연장지시설,경기도,가평군,가평추모공원 자연장지,"경기도 가평군 가평읍 석봉로191번길 65-84 (읍내리, 가평추모공원)",031-580-2583,null,null,null,공설,0,미설치,미설치,미설치,미설치,미설치
자연장지시설,충청남도,보령시,분당소망교회 보령동산,충청남도 보령시 오천면 교성리 339-12,031-709-1004,null,null,null,사설,0,미설치,미설치,미설치,미설치,미설치
자연장지시설,전라남도,함평군,사랑의빛교회 천제모동산,전라남도 함평군 손불면 석창리 637-16,062-371-9206,null,null,null,사설,0,미설치,미설치,미설치,미설치,미설치
자연장지시설,경상북도,김천시,기독교대한감리회 애향숙,경상북도 김천시 어모면 용문산길 588-20 (능치리),054-435-5810,null,null,null,사설,0,미설치,미설치,미설치,미설치,미설치
자연장지시설,경기도,용인시,불광사 양지수목장,경기도 용인시 처인구 백암면 박곡로208번길 24 (박곡리),031-323-1207,null,http://wwwxn--w52bz9kg2c4uc6wdcom/,130,사설,4500.0,설치,미설치,설치,설치,설치
자연장지시설,경상북도,김천시,황금동교회 자연장지,경상북도 김천시 양천동 1153-5,054-432-5775,null,null,null,사설,0,미설치,미설치,미설치,미설치,미설치
자연장지시설,전북특별자치도,무주군,무주추모의집 자연장지,"전북특별자치도 무주군 무주읍 괴목로 1359-72 (당산리, 무주추모의집)",063-322-2302,063-322-2390,null,null,공설,3082.0,미설치,미설치,설치,미설치,미설치
자연장지시설,경상북도,영천시,은해사 자연장지,"경상북도 영천시 청통면 은해사로 300 (치일리, 은해사)",054-335-0566,null,null,200,사설,0,미설치,미설치,설치,설치,미설치
자연장지시설,전라남도,곡성군,(재)아름다운 청계공원 자연장지,전라남도 곡성군 곡성읍 청계동로 457 (신기리),061-362-1199,null,https://061-362-1199.ezbuilder.co.kr/,null,사설,0,미설치,미설치,미설치,미설치,미설치
자연장지시설,충청북도,옥천군,옥천성당요셉공원,충청북도 옥천군 옥천읍 중앙로 91 (삼양리),043-731-9981,null,null,100,사설,0,설치,설치,설치,설치,설치
자연장지시설,경기도,양평군,하이패밀리 자연장지,경기도 양평군 서종면 도장리 산32,031-772-3223,null,null,null,사설,3000.0,미설치,미설치,미설치,미설치,미설치
자연장지시설,경상북도,울릉군,울릉하늘섬공원 자연장지,경상북도 울릉군 서면 태하령길 314 (남서리),054-791-1888,null,null,null,공설,0,미설치,미설치,미설치,미설치,미설치
자연장지시설,전라남도,구례군,구례군 공설자연장지,"전라남도 구례군 마산면 당몰샘로 129-49 (사도리, 구례군자연장지관리사무소)",061-782-7712,061-782-7714,null,20,공설,8500.0,미설치,미설치,설치,설치,미설치
자연장지시설,전라남도,장성군,백양사 수목장,"전라남도 장성군 북하면 백양로 1239 (약수리, 백양사)",061-392-2304,null,www.백양사수목장.com,100,사설,0,설치,설치,설치,설치,미설치
자연장지시설,경기도,양평군,무궁화공원묘원(자연장지),경기도 양평군 서종면 잠실2길 120 (도장리),031-771-1400,null,www.gravepark.co.kr,null,사설,0,미설치,미설치,미설치,미설치,미설치
자연장지시설,경기도,수원시 영통구,수원시연화장 자연장지,"경기도 수원시 영통구 광교호수로 278 (하동, 수원시연화장)",031-218-6500,031-218-6519,www.suwonudc.co.kr/suwonyhj/mainPage.do,400,공설,6000.0,미설치,미설치,설치,미설치,미설치
자연장지시설,강원특별자치도,횡성군,길상사 수목장림,강원특별자치도 횡성군 서원면 양서동로 377 (석화리),031-771-7319,null,www.하늘길수목장.com,20,사설,0,미설치,미설치,설치,설치,미설치
자연장지시설,경기도,용인시,용인로뎀파크,"경기도 용인시 처인구 양지면 한터로 432-16 (대대리, 용인로뎀파크교회)",031-321-4477,null,www.rodempark.com,null,사설,1700.0,미설치,미설치,미설치,미설치,미설치
자연장지시설,충청남도,보령시,국립기억의숲,충청남도 보령시 성주면 개화리 산41,041-402-7100,null,www.wbf.or.kr,null,공설,0,미설치,미설치,미설치,미설치,미설치
자연장지시설,강원특별자치도,홍천군,사모보궁자연장,강원특별자치도 홍천군 두촌면 한계길 23-11 (철정리),033-436-1414,null,null,null,사설,500,미설치,미설치,미설치,미설치,미설치
자연장지시설,전라남도,함평군,대한예수장로회 아름기도회 자연장지,"전라남도 함평군 대동면 고막천로 1137 (금곡리, 아름기도회묘지관련시설)",062-433-9191,null,www.kcck.co.kr,10,사설,2000.0,미설치,미설치,설치,설치,미설치
자연장지시설,전북특별자치도,순창군,순창성당자연장지,"전북특별자치도 순창군 순창읍 순창로 247 (남계리, 순창천주교회)",063-652-1004,null,null,0,사설,0,미설치,미설치,미설치,미설치,미설치
자연장지시설,경상북도,의성군,의성군 천제공원(수목·잔디),경상북도 의성군 의성읍 의성길안로 287-29 (중리리),054-830-6167,054-833-6167,null,null,공설,4929.0,미설치,미설치,설치,미설치,미설치
자연장지시설,경기도,용인시,용인평온의숲 예정원,"경기도 용인시 처인구 이동면 평온의숲로 77 (어비리, 용인평온의숲)",031-329-5900,031-329-5904,www.tranquil-forest.or.kr,661,공설,11928.0,설치,설치,설치,설치,미설치
자연장지시설,경상남도,거창군,해인사 고불암수목장,경상남도 거창군 가북면 용암리 산154-4,055-934-0127,null,null,null,사설,1000.0,설치,미설치,설치,설치,설치
자연장지시설,강원특별자치도,철원군,성도장로교회 자연장지,강원특별자치도 철원군 서면 싸리골길 79-1 (자등리),033-458-1907,null,null,null,사설,0,미설치,미설치,미설치,미설치,미설치
자연장지시설,경기도,화성시,(재)효원가족공원 자연장지,경기도 화성시 만세구 향남읍 서봉로755번길 17-15 (동오리),031-354-2325,031-354-2327,null,200,사설,540,미설치,설치,설치,미설치,설치
자연장지시설,경상남도,밀양시,천불사 수목장,경상남도 밀양시 삼랑진읍 행곡3길 68-72 (행곡리),null,null,null,null,사설,0,미설치,미설치,미설치,미설치,미설치
자연장지시설,강원특별자치도,삼척시,삼척시추모공원 자연장,강원특별자치도 삼척시 강원남부로 4540 (등봉동),033-574-7912,null,www.samcheok.go.kr/memorial,200,공설,7247.0,설치,미설치,설치,미설치,설치
자연장지시설,인천광역시,강화군,월곳리 공설자연장지,인천광역시 강화군 강화읍 월곳리 산8,032-934-0003,null,null,30,공설,1284.0,미설치,미설치,설치,설치,미설치
자연장지시설,경기도,안성시,에버그린수목장,경기도 안성시 양성면 남북대로 1698 (동항리),031-673-4785,031-673-4786,www.evergreenpark.co.kr,30,사설,12000.0,미설치,미설치,설치,설치,미설치
자연장지시설,강원특별자치도,홍천군,팔봉사 더유일추모공원,강원특별자치도 홍천군 홍천읍 큰골길 295-14 (갈마곡리),033-435-8804,null,null,0,사설,0,미설치,미설치,미설치,미설치,미설치
자연장지시설,전북특별자치도,남원시,남원시추모공원,전북특별자치도 남원시 솔터길 40-36 (광치동),063-620-5730,null,null,null,공설,3580.0,미설치,미설치,미설치,미설치,미설치
자연장지시설,강원특별자치도,홍천군,홍천군 추모공원 자연장지,강원특별자치도 홍천군 홍천읍 하오안리 산130-1,033-430-2106,null,null,100,공설,25945.0,설치,설치,설치,설치,설치
자연장지시설,전라남도,순천시,원산교회 자연장지,전라남도 순천시 별량면 죽산리 158,061-742-5568,null,null,0,사설,0,미설치,미설치,미설치,미설치,미설치
자연장지시설,경상남도,양산시,신불산추모공원 수목장지,"경상남도 양산시 어실로 602-1 (어곡동, 신불정사)",055-363-4666,055-363-0590,www.sbjs.kr/,55,사설,2318.0,미설치,미설치,설치,설치,미설치
자연장지시설,전라남도,영암군,목포남부교회 남부소망동산,전라남도 영암군 학산면 신덕리 3-6,061-244-4043,null,null,null,사설,0,미설치,미설치,미설치,미설치,미설치
자연장지시설,경기도,용인시,(재)용인추모원 자연장지,"경기도 용인시 기흥구 중부대로 972 (상하동, 재단법인용인추모원)",031-283-1601,null,www.yich.co.kr,60,사설,600,미설치,설치,설치,설치,설치
자연장지시설,충청북도,청주시 상당구,석화사 자연장지,충청북도 청주시 상당구 미원면 내산1길 91-37 (내산리),null,null,null,null,사설,0,미설치,미설치,미설치,미설치,미설치
자연장지시설,강원특별자치도,춘천시,춘천안식공원 잔디장,"강원특별자치도 춘천시 동산면 종자리로 331-50 (군자리, 춘천시공설묘원)",033-261-7314,033-261-7315,null,10,공설,16447.0,설치,설치,설치,설치,설치
자연장지시설,경기도,광주시,중흥교회복지선교회,경기도 광주시 곤지암읍 오향리 10-14,031-764-4005,null,xn--o39a5rx2gntwftggen5j.com/,100,사설,20000.0,미설치,미설치,설치,설치,설치
자연장지시설,경기도,안성시,유토피아추모공원(자연장지),경기도 안성시 일죽면 화곡길 93 (화곡리),031-673-7904,031-674-7904,null,68,사설,17000.0,미설치,미설치,설치,설치,미설치
자연장지시설,경기도,의왕시,의왕하늘쉼터 자연장지,경기도 의왕시 오매기백운산길 41-57 (오전동),031-345-2831,031-345-2839,www.uiwang.go.kr/UWKORWEL0901,26,공설,2800.0,미설치,미설치,설치,미설치,미설치
자연장지시설,인천광역시,옹진군,이작리공설묘지 자연장지,인천광역시 옹진군 자월면 이작리 산289,032-899-2333,null,null,null,공설,90,미설치,미설치,미설치,미설치,미설치
자연장지시설,경기도,용인시,동화추모공원,경기도 용인시 처인구 백암면 한택로71번길 19 (옥산리),031-337-3324,null,null,null,사설,841,미설치,미설치,미설치,미설치,미설치
자연장지시설,충청남도,서천군,(재)대전교구천주교회 서천자연장지,충청남도 서천군 문산면 수암리 산77,041-952-4460,null,null,null,사설,0,미설치,미설치,미설치,미설치,미설치
자연장지시설,전라남도,무안군,목포중앙교회 자연장지,전라남도 무안군 청계면 남성리 90,null,null,null,null,사설,0,미설치,미설치,미설치,미설치,미설치
자연장지시설,경상남도,함양군,함양공설자연장지,경상남도 함양군 함양읍 구룡리  749번지,055-960-4924,055-960-5728,null,null,공설,0,미설치,미설치,미설치,미설치,미설치
자연장지시설,경상북도,울진군,울진군립추모원(자연장지),경상북도 울진군 울진읍 대흥신림로 1046-280 (신림리),054-789-6109,054-789-3640,null,52,공설,0,미설치,미설치,설치,미설치,미설치
자연장지시설,경상북도,경주시,무일선원 수목장림,"경상북도 경주시 감포읍 회곡길 127 (대본리, 관음사)",054-753-8228,null,null,null,사설,0,미설치,미설치,미설치,미설치,미설치
자연장지시설,인천광역시,부평구,인천가족공원 자연장지,인천광역시 부평구 평온로 61 (부평동),032-456-2320,032-456-2324,www.insiseol.or.kr/life/family,null,공설,6315.0,설치,설치,설치,설치,설치
자연장지시설,경기도,광주시,신월공설자연장지,경기도 광주시 초월읍 신월길 36-18 (신월리),031-767-0383,null,www.gumc.or.kr/business/park,24,공설,2167.0,미설치,미설치,설치,미설치,미설치
자연장지시설,경상남도,함양군,함양하늘공원(자연장지),"경상남도 함양군 지곡면 함양로 2139-2 (마산리, 하늘공원)",055-964-0401,null,www.parksky.co.kr/Guide/NaturalBurials.asp,null,사설,0,설치,미설치,설치,미설치,미설치
자연장지시설,경상남도,밀양시,재단법인 효심추모관 자연장지,경상남도 밀양시 삼랑진읍 삼랑진로 605 (미전리),055-802-7091,null,www.효심추모공원.com,120,사설,0,미설치,설치,설치,설치,설치
자연장지시설,서울특별시,서울특별시,용미리 제1묘지 자연장지,경기도 파주시 광탄면 용미리 산107,031-943-1930,031-943-1931,https://www.sisul.or.kr/open_content/memorial/use/nature.jsp,,공설,0,미설치,미설치,미설치,미설치,미설치
자연장지시설,강원특별자치도,영월군,원주제일교회 자연장지,강원특별자치도 영월군 주천면 신일리 산253,033-742-2170,null,null,null,사설,140,미설치,미설치,미설치,미설치,미설치
자연장지시설,경기도,여주시,(재)여주세종추모공원 자연장,경기도 여주시 흥천면 샘다리길 105 (흥천면 상대리 27-6),031-886-4060,null,www.세종공원.kr,200,사설,8000.0,미설치,미설치,설치,설치,설치
자연장지시설,경기도,광주시,충현공원 자연장지,경기도 광주시 용샘길 115-25 (목현동),031-764-9617,null,www.충현교회.net,100,사설,4320.0,설치,미설치,설치,설치,설치
자연장지시설,경기도,동두천시,예래원(자연장지),경기도 동두천시 탑신로 668 (탑동동),031-867-8707,null,www.erehwon.or.kr,200,사설,357,설치,설치,설치,설치,설치
자연장지시설,경기도,광주시,중대공원자연장지,경기도 광주시 순암로 192 (중대동),031-762-0383,031-762-0382,www.gumc.or.kr/business/park,60,공설,4578.0,미설치,설치,설치,미설치,미설치
시설종류,시도,시군구,시설명,주소,전화번호,팩스번호,홈페이지,주차대수,공설/사설,최초설치연도,존치기간(년),봉안가능수(구),식당,매점,주차장,유족대기실,장애인편의시설
봉안시설,세종특별자치시,세종특별자치시,황룡사 봉안당,세종특별자치시 연동면 황우재길 22-17 (명학리),044-864-7000,null,null,0,사설,0,0,0,미설치,미설치,미설치,미설치,미설치
봉안시설,인천광역시,서구,천주교 인천교구 하늘의문(봉안당),"인천광역시 서구 드림로 472 (당하동, 하늘의문묘지)",032-765-7251,null,https://haneul.caincheon.or.kr,35,사설,30,0,0,미설치,미설치,설치,미설치,미설치
봉안시설,경기도,고양시 덕양구,추모공원 하늘문,경기도 고양시 덕양구 보광로106번길 46 (벽제동),031-962-7579,031-964-1691,www.hi1009.com,100,사설,99,99,0,미설치,미설치,설치,설치,설치
봉안시설,전라남도,완도군,완도군추모공원 봉안담,전라남도 완도군 군외면 청해진서로 1702 (삼두리),061-550-5328,null,null,0,공설,0,0,0,미설치,미설치,미설치,미설치,미설치
봉안시설,전라남도,무안군,천국의계단추모관(재단법인천국),"전라남도 무안군 일로읍 죽사동길 179-126 (지장리, 천국의계단추모관)",061-281-8661,null,www.i1009.kr,200,사설,99,0,0,미설치,미설치,설치,설치,설치
봉안시설,강원특별자치도,춘천시,춘천안식공원(봉안묘),"강원특별자치도 춘천시 동산면 종자리로 331-50 (군자리, 춘천시공설묘원)",033-263-6454,null,https://www.cuc.or.kr/ansikPark.do,20,공설,30,30,1,설치,설치,설치,설치,설치
봉안시설,인천광역시,남동구,천주교 인천교구 고잔성당 몽은당,"인천광역시 남동구 논현고잔로128번길 32,고잔성당 (고잔동)",032-442-9174,null,www.caincheon.or.kr,0,사설,20,10,2,미설치,미설치,미설치,미설치,미설치
봉안시설,충청남도,논산시,무궁화추모공원,충청남도 논산시 벌곡면 황룡재로553번길 148-71 (양산리),041-734-3844,null,www.neverend.kr,30,사설,30,0,0,미설치,미설치,설치,설치,설치
봉안시설,서울특별시,용산구,용산성당 베다니아의집,"서울특별시 용산구 효창원로15길 37 (산천동, 용산천주교회)",02-719-3301,null,www.yongsanch.or.kr,30,사설,15,0,0,미설치,미설치,설치,미설치,미설치
봉안시설,경상북도,칠곡군,현대공원 추모의집,경상북도 칠곡군 동명면 다부거문1길 51-75 (가천리),054-972-6375,null,www.hdpark.co.kr,70,사설,10,50,0,미설치,미설치,설치,설치,미설치
봉안시설,경상남도,창원시 마산합포구,창원공원묘원 봉안시설,경상남도 창원시 마산합포구 진동면 공원묘원로 134 (인곡리),055-271-1700,055-271-3545,www.changwonpark.kr,3800,사설,99,0,99,미설치,설치,설치,미설치,미설치
봉안시설,전라남도,해남군,서동사,"전라남도 해남군 화원면 절골길 244 (금평리, 서동사)",061-532-0415,061-534-0324,null,0,사설,0,0,0,미설치,미설치,미설치,미설치,미설치
봉안시설,전북특별자치도,김제시,성모암영락원,전북특별자치도 김제시 만경읍 화포3길 54-9 (화포리),063-544-0869,null,null,50,사설,99,0,0,미설치,미설치,설치,미설치,미설치
봉안시설,전북특별자치도,정읍시,서남권추모공원 제1추모관,전북특별자치도 정읍시 감곡면 정읍북로 1850 (통석리),063-539-6726,063-538-6517,null,0,공설,15,15,2,설치,설치,설치,설치,설치
봉안시설,서울특별시,은평구,구파발성당 성요셉관,"서울특별시 은평구 진관2로 29-16 (진관동, 구파발성당)",02-389-1501,null,mygupabal.or.kr,36,사설,20,20,1,미설치,미설치,설치,미설치,미설치
봉안시설,경기도,안성시,상월사 봉안당,경기도 안성시 양성면 천덕산로 919 (동항리),031-674-3542,null,jkm9800.modoo.at,50,사설,99,99,99,설치,미설치,설치,설치,미설치
봉안시설,전라남도,여수시,여수시 제1추모의 집,"전라남도 여수시 소라면 의곡길 494 (봉두리, 영락공원)",061-659-1795,061-659-5889,null,457,공설,15,15,2,미설치,설치,설치,설치,설치
봉안시설,충청남도,예산군,예산군추모공원 봉안묘(가족·평장),"충청남도 예산군 응봉면 예당로 1345-12 (평촌리, 예산군추모공원)",041-339-8251,041-339-8259,null,0,공설,0,0,0,미설치,미설치,미설치,미설치,미설치
봉안시설,강원특별자치도,인제군,하늘내린 보금자리(가족12위),강원특별자치도 인제군 남면 자작나무숲길 444-62 (남전리),033-460-2056,null,https://www.inje.go.kr/portal/field-info/welfare,0,공설,0,0,0,미설치,미설치,미설치,미설치,미설치
봉안시설,경기도,오산시,오산시립쉼터공원,경기도 오산시 가장산업동로 69-21 (가장동),031-378-9681,null,https://www.osan.go.kr/memorial/main.do,30,공설,15,10,3,미설치,미설치,설치,설치,설치
봉안시설,전라남도,곡성군,(재)아름다운 청계공원 봉안시설,전라남도 곡성군 곡성읍 청계동로 457 (신기리),061-362-1199,null,https://061-362-1199.ezbuilder.co.kr/,0,사설,0,0,0,미설치,미설치,설치,설치,미설치
봉안시설,경기도,오산시,오산시립봉안묘(무연고),경기도 오산시 가장동 산72-2,031-8036-8036,null,null,0,공설,0,0,0,미설치,미설치,미설치,미설치,미설치
봉안시설,경상북도,경주시,(재)법화세계추모관,경상북도 경주시 내남면 내외로 1130-16 (노곡리),054-773-6605,null,www.choomo.kr,70,사설,99,99,99,미설치,미설치,설치,설치,설치
봉안시설,전라남도,화순군,학천사추모관,"전라남도 화순군 화순읍 덕음로 940-27 (삼천리, 학천사)",061-375-7631,061-375-7274,www.hakchunsa.kr,70,사설,1,99,99,미설치,미설치,설치,미설치,미설치
봉안시설,전라남도,함평군,상상추모공원,전라남도 함평군 함평읍 함장로 933-43 (수호리),061-322-6666,null,www.ssmemorypark.com,300,사설,99,99,99,설치,미설치,설치,설치,미설치
봉안시설,경기도,김포시,무지개 뜨는 언덕,"경기도 김포시 김포한강4로 419-39 (마산동, 무지개뜨는언덕)",031-997-1641,031-997-1643,https://www.guc.or.kr/rainbow/html/about/rainbow_01.php,113,공설,15,15,2,미설치,미설치,설치,미설치,미설치
봉안시설,제주특별자치도,제주시,우도면 봉안당,"제주특별자치도 제주시 우도면 영일길 80-10 (연평리, 우도장례식장)",064-728-4331,064-728-4359,null,0,공설,15,15,3,미설치,미설치,미설치,미설치,미설치
봉안시설,전북특별자치도,익산시,익산추모관,전북특별자치도 익산시 석왕동 235,063-722-4400,null,null,15,사설,1,2,0,미설치,미설치,설치,설치,미설치
봉안시설,인천광역시,남동구,약사사지장전추모관,인천광역시 남동구 풀무로 48 (간석동),032-429-4441,null,null,0,사설,0,0,0,미설치,미설치,미설치,미설치,미설치
봉안시설,전북특별자치도,정읍시,서남권추모공원 봉안담,전북특별자치도 정읍시 감곡면 정읍북로 1850 (통석리),063-539-6726,063-538-6517,null,0,공설,0,0,0,미설치,미설치,미설치,미설치,미설치
봉안시설,충청북도,음성군,예은추모공원,충청북도 음성군 금왕읍 덕금로 936-61 (용계리),043-881-4700,043-882-8900,www.yeaeunpark.com,0,사설,0,0,0,미설치,미설치,미설치,미설치,미설치
봉안시설,경기도,김포시,김포시추모공원(봉안담),경기도 김포시 통진읍 애기봉로571번길 165 (귀전리83-4),031-983-3960,null,https://www.guc.or.kr/rainbow/html/about/memorial_01.php,0,공설,15,15,2,미설치,미설치,설치,설치,미설치
봉안시설,서울특별시,서울특별시,용미리건물식추모의집,"경기도 파주시 광탄면 진지로 151 (용미리, 추모의집)",031-943-3937,null,https://www.sisul.or.kr/open_content/memorial/,0,공설,15,5,3,설치,설치,설치,설치,설치
봉안시설,경상남도,고성군,장기공설봉안묘,경상남도 고성군 동해면 동해로 1236 (장기리),055-670-2923,null,null,0,공설,0,0,0,미설치,미설치,미설치,미설치,미설치
봉안시설,경상북도,김천시,금릉공원묘원 제1봉안당,경상북도 김천시 봉산면 광천4길 155-200 (광천리),054-430-0333,null,www.grpark.co.kr,100,사설,99,99,99,설치,설치,설치,설치,설치
봉안시설,강원특별자치도,춘천시,강촌추모원,강원특별자치도 춘천시 남산면 강촌길 31-29 (강촌리),033-261-0144,null,null,10,사설,0,0,0,미설치,미설치,설치,미설치,미설치
봉안시설,전라남도,보성군,대한불교선각종 정향사,전라남도 보성군 득량면 분지길 25-65 (송곡리),061-3362-2715,null,null,10,사설,10,99,99,미설치,미설치,설치,미설치,미설치
봉안시설,경상남도,밀양시,정토세계,경상남도 밀양시 삼랑진읍 삼랑진로 603 (미전리),055-352-9114,null,null,10,사설,99,99,99,설치,미설치,설치,미설치,미설치
봉안시설,경상북도,칠곡군,칠곡군공설봉안당,경상북도 칠곡군 지천면 낙산로1길 127-33 (낙산리),053-312-1755,null,null,0,공설,0,0,0,미설치,미설치,미설치,미설치,미설치
봉안시설,전라남도,화순군,대한불교관음종불문사,"전라남도 화순군 도곡면 고인돌1로 282-65 (효산리, 불문사)",061-372-4567,null,null,0,사설,0,0,0,미설치,미설치,미설치,미설치,미설치
봉안시설,전라남도,나주시,나주납골당,"전라남도 나주시 내영산1길 12-3 (삼영동, 내영사)",061-334-0048,061-332-6330,www.내영사.kr,5,사설,99,0,0,미설치,미설치,설치,설치,미설치
봉안시설,경기도,양주시,양주추모공원,경기도 양주시 율정로 42-22 (옥정동),031-866-4440,null,www.yangjupark.com,40,사설,99,99,99,미설치,미설치,설치,설치,미설치
봉안시설,충청북도,충주시,충주시 천상원,충청북도 충주시 목벌길 256 (목벌동),043-870-7867,043-870-7867,https://www.cjfmc.or.kr/www/contents.do?key=94,78,공설,0,0,0,설치,설치,설치,설치,설치
봉안시설,경상남도,고성군,천비룡사,경상남도 고성군 대가면 유흥갈천길 540-52 (척정리),null,null,null,0,사설,0,0,0,미설치,미설치,미설치,미설치,미설치
봉안시설,경기도,남양주시,에덴추모공원,경기도 남양주시 화도읍 수레로964번길 113-13 (차산리),031-572-0001,null,www.edpk.co.kr,0,사설,99,99,99,미설치,미설치,설치,설치,미설치
봉안시설,경기도,수원시 영통구,수원시연화장 봉안담,"경기도 수원시 영통구 광교호수로 278 (하동, 수원시연화장)",031-218-6524,null,https://www.law.go.kr/자치법규/수원시연화장설치및운영조례/,0,공설,0,0,0,미설치,미설치,미설치,미설치,미설치
봉안시설,경기도,가평군,상락향 극락전,"경기도 가평군 청평면 남이터길 65 (대성리, 상락향수도원)",031-584-0657,null,null,30,사설,20,0,0,미설치,미설치,설치,미설치,미설치
봉안시설,경상남도,의령군,수암사 영혼의쉼터,경상남도 의령군 의령읍 수암로 267 (하리),055-574-0056,null,null,100,사설,99,99,0,미설치,미설치,설치,미설치,미설치
봉안시설,경상북도,구미시,천생산 대원사 봉안당,"경상북도 구미시 인동49길 16-35 (구평동, 천생산대원사)",054-475-7108,null,null,0,사설,0,0,0,미설치,미설치,미설치,미설치,미설치
봉안시설,서울특별시,관악구,대한불교조계종관음사,서울특별시 관악구 승방1길 109-80 (남현동),02-582-8609,null,null,0,사설,0,0,0,미설치,미설치,미설치,미설치,미설치
봉안시설,경상남도,사천시,대한불교관음회조계종 백천사 봉안당,"경상남도 사천시 백천길 326-2 (백천동, 백천사)",055-834-4010,null,www.bekchunsa.org,100,사설,99,99,99,설치,설치,설치,미설치,미설치
봉안시설,전라남도,순천시,순천시립추모공원 제2봉안당,전라남도 순천시 양율길 132 (야흥동),061-749-6168,061-749-4644,https://www.suncheon.go.kr/kr/welfare/0002/0010/0003/,0,공설,0,0,0,미설치,미설치,미설치,미설치,미설치
봉안시설,경상남도,양산시,신불산추모공원 납골당,경상남도 양산시 어실로 602-1 (어곡동),055-363-4666,055-363-0590,www.sbjs.kr/,55,사설,99,99,99,미설치,미설치,설치,설치,미설치
봉안시설,강원특별자치도,동해시,동해시하늘정원봉안당,"강원특별자치도 동해시 강원남부로 4589 (단봉동, 동해시하늘정원)",033-530-2894,033-530-2735,null,0,공설,0,0,0,미설치,미설치,설치,설치,미설치
봉안시설,경상북도,영천시,일승종개원사 봉안당,경상북도 영천시 신녕면 장수로 2238-28 (화남리),null,null,null,0,사설,0,0,0,미설치,미설치,미설치,미설치,미설치
봉안시설,제주특별자치도,제주시,영락원 봉안당,제주특별자치도 제주시 산록북로 660 (아라일동),064-759-6666,null,http://wwwyoungrakwoncokr/indexphp,40,사설,0,0,0,미설치,미설치,미설치,미설치,미설치
봉안시설,제주특별자치도,서귀포시,서귀포추모공원,"제주특별자치도 서귀포시 돈내코로 295-28 (상효동, 공설봉안당)",064-732-1893,null,www.jeju.go.kr/wel/burial/facInfo/chumo/enshrinementInfo.htm,30,공설,15,15,3,미설치,미설치,설치,설치,설치
봉안시설,경기도,양주시,대원정사 봉안탑·담,경기도 양주시 장흥면 권율로309번길 317-214 (석현리),031-855-5501,null,www.daewonjungsa.co.kr,0,사설,0,0,0,미설치,미설치,미설치,미설치,미설치
봉안시설,충청북도,청주시,청주시목련공원 제1목련당,충청북도 청주시 상당구 목련로 731 (월오동),043-270-8578,null,https://www.cjuc.or.kr/home/sub.do?menukey=255,0,공설,15,15,2,설치,설치,설치,설치,설치
봉안시설,전북특별자치도,부안군,용화사 봉안당,"전북특별자치도 부안군 행안면 미륵골길 43 (역리, 용화사)",063-584-4919,null,null,8,사설,30,30,3,미설치,미설치,설치,미설치,미설치
봉안시설,경기도,화성시,(재)효원가족공원,경기도 화성시 만세구 향남읍 서봉로755번길 17-15 (동오리),031-354-2325,031-354-2327,www.skypark.co.kr,200,사설,99,99,99,미설치,설치,설치,미설치,설치
봉안시설,경기도,광명시,광명메모리얼파크,경기도 광명시 자경로 153 (일직동),02-2610-7380,null,www.gmuc.co.kr/user/conn/memoFaq.do?pmn=23000,76,공설,15,15,2,미설치,미설치,설치,설치,미설치
봉안시설,서울특별시,강남구,능인불교선양원봉안당,"서울특별시 강남구 양재대로 340 (개포동, 능인선원)",02-577-5800,null,null,0,사설,0,0,0,미설치,미설치,미설치,미설치,미설치
봉안시설,제주특별자치도,서귀포시,표선면봉안당,제주특별자치도 서귀포시 표선면 서성일로189번길 313 (성읍리),064-760-4431,null,https://www.jeju.go.kr/wel/burial/sirBurial.htm,0,공설,0,0,0,미설치,미설치,설치,설치,미설치
봉안시설,경기도,파주시,조안공원,"경기도 파주시 조리읍 명봉산로 204(장곡리, 조안공원묘지관리실)",031-943-7476,null,null,0,사설,0,0,0,미설치,미설치,미설치,미설치,미설치
봉안시설,경상남도,밀양시,(재)만어추모공원 봉안당,경상남도 밀양시 삼랑진읍 단장로 439 (우곡리),055-356-4979,055-356-4939,www.maneopark.com,0,사설,99,0,0,설치,설치,설치,설치,설치
봉안시설,경상남도,함안군,마애사방어암,"경상남도 함안군 군북면 하림2길 181-78 (하림리, 마애사)",055-585-5114,null,null,0,사설,0,0,0,미설치,미설치,미설치,미설치,미설치
봉안시설,인천광역시,인천광역시,인천가족공원 승화원 부속 봉안당,"인천광역시 부평구 평온로 61 (부평동, 관리사무소및홍보관)",032-456-2320,032-456-2323,https://www.insiseol.or.kr/life/family/,0,공설,0,0,0,미설치,미설치,미설치,미설치,미설치
봉안시설,충청북도,음성군,용흥사 봉안묘,충청북도 음성군 금왕읍 용계리 183-21,043-877-0943,null,null,0,사설,0,0,0,미설치,미설치,미설치,미설치,미설치
봉안시설,경기도,파주시,새문안추모관,경기도 파주시 광탄면 보광로 389 (영장리),031-937-8264,031-937-8265,www.saemoonan.org:586/church/Sub_08_06.aspx,20,사설,30,5,6,미설치,미설치,설치,설치,설치
봉안시설,충청남도,천안시,(재)풍산공원묘원 봉안묘,"충청남도 천안시 동남구 병천면 풍산공원길 70 (봉항리, 풍산공원묘역)",041-554-4199,041-554-4198,null,0,사설,0,0,0,미설치,미설치,미설치,미설치,미설치
봉안시설,충청남도,논산시,성불사 봉안탑,충청남도 논산시 상월면 상월로486번길 81 (대명리),041-734-0545,null,null,0,사설,0,0,0,미설치,미설치,미설치,미설치,미설치
봉안시설,제주특별자치도,제주시,우도면 공설봉안묘,"제주특별자치도 제주시 우도면 영일길 80-10 (연평리, 우도장례식장)",064-728-4331,null,null,0,공설,0,0,0,미설치,미설치,미설치,미설치,미설치
봉안시설,경상남도,양산시,천불사 봉안탑,경상남도 양산시 매곡4길 35 (매곡동),055-372-1800,055-388-4801,null,0,사설,0,0,0,미설치,미설치,미설치,미설치,미설치
봉안시설,경기도,양주시,대원정사 봉안당,경기도 양주시 장흥면 권율로309번길 317-214 (석현리),031-855-5501,null,www.daewonjungsa.co.kr/,50,사설,0,0,0,설치,설치,설치,설치,미설치
봉안시설,인천광역시,강화군,온수리 무연고 봉안묘,인천광역시 강화군 길상면 온수리 산16,032-930-3114,null,null,0,공설,0,0,0,미설치,미설치,미설치,미설치,미설치
봉안시설,경기도,파주시,크리스찬메모리얼파크,경기도 파주시 조리읍 홀작로 164 (오산리),031-957-1260,031-957-1441,www.fgcmp.com,120,사설,99,99,99,미설치,설치,설치,설치,설치
봉안시설,경상남도,함양군,함양군구룡공설공원묘지 봉안탑,경상남도 함양군 함양읍 구룡리 산11,055-960-5145,null,null,5,공설,15,15,3,미설치,미설치,설치,미설치,미설치
봉안시설,전라남도,함평군,천일추모공원,전라남도 함평군 월야면 밀재로 1827 (외치리),061-322-1106,null,null,0,사설,0,0,0,미설치,미설치,미설치,미설치,미설치
봉안시설,경상남도,김해시,김해하늘공원(봉안),경상남도 김해시 생림면 생림대로928번길 10-91 (봉림리),055-335-9716,null,www.gimhaeskypark.com,0,사설,99,99,99,미설치,설치,설치,미설치,미설치
봉안시설,경상남도,밀양시,밀양성당 천상낙원,경상남도 밀양시 밀양대공원로 74 (교동),055-356-4023,null,milyang.pbcbs.co.kr/main/index.asp,80,사설,15,0,0,미설치,미설치,설치,설치,미설치
봉안시설,전라남도,보성군,존제산 일월사 설법전,전라남도 보성군 율어면 유신길 195 (유신리),061-853-2003,null,www.ilwolsa.co.kr,200,사설,99,99,99,설치,설치,설치,설치,미설치
봉안시설,경상북도,경주시,대한불교조계종 무일선원,"경상북도 경주시 감포읍 회곡길 127(대본리, 관음사)",054-753-8228,null,null,0,사설,0,0,0,미설치,미설치,미설치,미설치,미설치
봉안시설,경기도,포천시,천주교 서울대교구 평화묘원 봉안묘,경기도 포천시 화현면 영일로368번길 66 (지현리),031-532-9723,null,null,500,사설,30,30,3,설치,미설치,설치,설치,설치
봉안시설,경기도,용인시 처인구,(재)용인공원(봉안담·묘),"경기도 용인시 처인구 모현면 새래로 158-33 (초부리, 용인공원묘지)",031-334-3484,null,www.yongin-park.com,2000,사설,5,99,0,설치,설치,설치,미설치,미설치
봉안시설,부산광역시,기장군,(재)실로암공원묘원 봉안묘,"부산광역시 기장군 철마면 사등길 181 (고촌리, 실로암공원묘원관리사무소)",051-721-5115,null,null,0,사설,0,0,0,미설치,미설치,미설치,미설치,미설치
봉안시설,전북특별자치도,전주시 완산구,그린피아추모공원,"전북특별자치도 전주시 완산구 쑥고개옛길 51 (삼천동3가, 그린피아추모공원)",063-237-1009,null,greenpiapark.com,0,사설,99,99,0,설치,설치,설치,설치,설치
봉안시설,충청북도,진천군,진천군 추모의집,"충청북도 진천군 진천읍 백곡로 1465-34 (장관리, 진천군공설묘지)",043-539-3868,null,https://www.jincheon.go.kr/site/welfare/sub.do?menukey=1056,100,공설,30,15,1,미설치,미설치,설치,설치,설치
봉안시설,경기도,용인시 기흥구,백향목침례교회,"경기도 용인시 기흥구 보라하갈로 67 (하갈동, 보라제일교회)",031-286-2755,null,null,0,사설,0,0,0,미설치,미설치,미설치,미설치,미설치
봉안시설,경기도,구리시,구리시공설묘지 무연고 봉안당,경기도 구리시 사노동 산175-20,031-550-2955,031-550-2955,null,0,공설,0,0,0,미설치,미설치,미설치,미설치,미설치
봉안시설,경기도,광주시,분당스카이캐슬추모공원,"경기도 광주시 머루숯길 61-33 (신현동, 분당스카이캐슬추모공원)",031-712-2004,null,www.skycastle.kr,200,사설,99,99,0,미설치,미설치,설치,설치,설치
봉안시설,경기도,성남시 중원구,성남장례문화사업소 하늘누리 제2추모원,"경기도 성남시 중원구 순암로 787 (갈현동, 장례문화사업소)",031-754-2268,null,www.seongnam.go.kr/city/1001267/10852/contents.do,0,공설,0,0,0,미설치,미설치,설치,미설치,설치
봉안시설,경상북도,영천시,관음사 봉안당,경상북도 영천시 북안면 돈암길 139 (자포리),null,null,null,0,사설,0,0,0,미설치,미설치,미설치,미설치,미설치
봉안시설,인천광역시,강화군,교산리 무연고 봉안묘,인천광역시 강화군 양사면 교산리 산307,032-930-3114,null,null,0,공설,0,0,0,미설치,미설치,미설치,미설치,미설치
봉안시설,서울특별시,성북구,성북구추모의집,경기도 화성시 만세구 향남읍 서봉로755번길 17-15 (동오리),031-354-2325,null,http://skypark2002.cafe24.com/smpark/seongbuk/standard.asp,200,공설,15,5,3,미설치,설치,설치,미설치,설치
봉안시설,대구광역시,동구,동해사,대구광역시 동구 팔공산로292길 47 (백안동),053-981-3181,null,null,0,사설,0,0,0,미설치,미설치,미설치,미설치,미설치
봉안시설,부산광역시,기장군,백운공원묘원 제2묘원,"부산광역시 기장군 정관읍 양수1길 17-5 (모전리, 백운묘원관리소)",051-727-3188,null,null,0,사설,0,0,0,미설치,미설치,설치,설치,미설치
봉안시설,경상남도,양산시,광천사 봉안당,경상남도 양산시 하북면 백록로 116 (백록리),055-381-1199,null,null,80,사설,99,0,0,미설치,미설치,미설치,미설치,미설치
봉안시설,충청북도,음성군,생극납골공원,충청북도 음성군 생극면 일생로 497-27 (관성리),080-231-4444,null,www.charnelpark.com,200,사설,0,99,99,설치,설치,설치,설치,설치
봉안시설,경상남도,함양군,함양하늘공원(봉안시설),"경상남도 함양군 지곡면 함양로 2139-2 (마산리, 하늘공원)",055-964-0303,null,www.parksky.co.kr,0,사설,10,10,99,설치,미설치,설치,설치,미설치
봉안시설,충청남도,서산시,서산시 희망공원(봉안시설),충청남도 서산시 인지면 무학재2길 106 (산동리),041-660-2719,null,https://www.seosan.go.kr/welfare/contents.do?key=215,0,공설,15,10,3,미설치,미설치,설치,설치,미설치
봉안시설,경기도,연천군,연천동막골추모관,경기도 연천군 연천읍 동막로 109-29 (동막리),031-834-6560,null,WWW.연천동막골추모관.COM,10,사설,5,99,99,미설치,미설치,설치,설치,미설치
봉안시설,대구광역시,남구,불광사 추모관,대구광역시 남구 명덕로32길 40 (대명동),053-656-6766,053-624-6766,null,0,사설,0,0,0,미설치,미설치,미설치,미설치,미설치
봉안시설,강원특별자치도,평창군,평창군 공설봉안묘·담,"강원특별자치도 평창군 방림면 서동로 1741-36 (방림리, 평창공원묘지)",033-339-9026,null,null,0,공설,0,0,0,미설치,미설치,미설치,미설치,미설치
봉안시설,경기도,용인시 처인구,불광사 지장전,경기도 용인시 처인구 백암면 박곡로208번길 24(박곡리),031-323-1207,null,www.용인불광사.com,0,사설,0,0,0,설치,미설치,설치,설치,미설치
봉안시설,경기도,이천시,이천시립 추모의집(봉안),경기도 이천시 백사면 지읍로53번길 159 (조읍리),031-637-7501,031-638-4145,www.2000fmc.or.kr,25,공설,15,15,3,미설치,미설치,설치,미설치,설치
봉안시설,강원특별자치도,인제군,하늘내린 휴공원(무연단),강원특별자치도 인제군 남면 자작나무숲길 444-62 (남전리),033-460-2056,null,https://www.inje.go.kr/portal/field-info/welfare,0,공설,0,0,0,미설치,미설치,미설치,미설치,미설치
봉안시설,대전광역시,서구,정안사,대전광역시 서구 사기점골길 195 (평촌동),053-472-4814,null,null,0,사설,0,0,0,미설치,미설치,미설치,미설치,미설치
봉안시설,인천광역시,인천광역시,인천가족공원 가족봉안묘,"인천광역시 부평구 평온로 61 (부평동, 관리사무소및홍보관)",032-456-2320,032-456-2323,https://www.insiseol.or.kr/life/family/,0,공설,0,0,0,미설치,미설치,미설치,미설치,미설치
봉안시설,인천광역시,강화군,강화파라다이스 강화지점 봉안탑,인천광역시 강화군 송해면 강화대로 879-16 (하도리),032-934-4781,null,null,0,사설,0,0,0,미설치,미설치,미설치,미설치,미설치
봉안시설,강원특별자치도,춘천시,아름다운추모원,강원특별자치도 춘천시 옛경춘로 387-24 (칠전동),033-263-1668,033-263-1670,www.earumdaun.com,50,사설,0,0,0,미설치,미설치,설치,미설치,미설치
봉안시설,강원특별자치도,영월군,솔치백합동산 봉안묘,강원특별자치도 영월군 주천면 신일리 산253,033-742-2170,null,null,30,사설,0,0,0,미설치,미설치,설치,미설치,미설치
봉안시설,대전광역시,서구,대전추모공원 제2영락원,대전광역시 서구 상보안윗길 160 (괴곡동),042-602-2500,042-602-2500,www.djsiseol.or.kr/portal/sub040203.asp,418,공설,0,0,0,미설치,설치,설치,설치,설치
봉안시설,경상남도,창원시 성산구,창원시립상복공원 봉안담,"경상남도 창원시 성산구 공단로474번길 160 (상복동, 창원시립상복공원)",055-712-0925,null,https://www.cwsisul.or.kr/_sangbok/_sub02/sub02_03_01.html,0,공설,0,0,0,미설치,미설치,미설치,미설치,미설치
봉안시설,경상남도,거창군,거창공설공원묘지 봉안당,경상남도 거창군 거창읍 거열로4길 523-23 (가지리),055-940-7271,null,null,0,공설,0,0,0,미설치,미설치,미설치,미설치,미설치
봉안시설,경상북도,청도군,대국사,"경상북도 청도군 금천면 소천길 68 (사전리, 대국사)",054-371-0101,null,null,100,사설,0,0,0,설치,설치,설치,설치,미설치
봉안시설,충청북도,충주시,죽림정사,충청북도 충주시 중앙탑면 탄금대로 851 (탑평리),043-851-4404,null,null,0,사설,0,0,0,미설치,미설치,미설치,미설치,미설치
봉안시설,충청남도,공주시,성공사 봉안당,충청남도 공주시 우성면 성곡길 347-30 (방문리),041-853-3355,null,null,0,사설,0,0,0,미설치,미설치,미설치,미설치,미설치
봉안시설,경기도,가평군,마라나타하늘정원,"경기도 가평군 가평읍 호반로 2424-22 (달전리, 오륜비전빌리지)",02-6413-1764,null,www.maranathagh.co.kr,100,사설,30,30,1,설치,설치,설치,설치,설치
봉안시설,충청북도,청주시,청주백화추모관,충청북도 청주시 상당구 명암로 103 (명암동),043-224-2299,null,www.bhpark.co.kr,0,사설,60,60,0,설치,미설치,설치,미설치,미설치
봉안시설,광주광역시,북구,광주영락공원 제2추모관,"광주광역시 북구 영락공원로 171 (효령동, 영락공원)",062-572-4384,062-572-1702,https://www.cyberyoungrak.or.kr/cms/bbs/dk_content.php?ht_id=cyber_02_2,0,공설,0,0,0,미설치,미설치,미설치,미설치,미설치
봉안시설,경상남도,함안군,미래사,"경상남도 함안군 여항면 여항로 75 (외암리, 미륵정사)",055-583-5637,null,null,30,사설,0,0,0,미설치,미설치,설치,설치,미설치
봉안시설,경기도,가평군,가평추모공원 봉안담,"경기도 가평군 가평읍 석봉로191번길 65-84 (읍내리, 가평추모공원)",031-580-2583,null,https://www.gp.go.kr/portal/contents.do?key=2285,0,공설,0,0,0,미설치,미설치,미설치,미설치,미설치
봉안시설,경기도,광주시,광주공원묘원 봉안묘,경기도 광주시 매자리길 235 (매산동),031-762-0077,null,null,0,사설,0,0,0,미설치,미설치,미설치,미설치,미설치
봉안시설,전라남도,신안군,신안1004추모관,전라남도 목포시 고하대로 1140-41 (대양동),061-246-1001,null,null,0,공설,0,0,0,미설치,미설치,미설치,미설치,미설치
봉안시설,충청남도,예산군,예산군추모의집 제2관,"충청남도 예산군 응봉면 예당로 1345-12 (평촌리, 예산군추모공원)",041-339-8252,041-339-8259,https://www.yesan.go.kr/kor/sub06_13_04_03_01.do,0,공설,0,0,0,미설치,미설치,미설치,미설치,미설치
봉안시설,전라남도,목포시,(재)메모리힐즈추모공원,전라남도 목포시 용당로384번길 34 (용해동),061-272-0400,061-273-4471,https://www.memoryhills.kr,37,사설,99,99,99,미설치,미설치,설치,설치,설치
봉안시설,대구광역시,군위군,가톨릭군위묘원 성모의정원,대구광역시 군위군 군위읍 용대2길 258 (용대리),053-250-3000,null,null,0,사설,99,99,99,설치,미설치,설치,미설치,미설치
봉안시설,경기도,성남시 분당구,봉안당 홈,경기도 성남시 분당구 판교로 808 (야탑동),031-776-1700,null,www.home12.co.kr,0,사설,99,0,0,미설치,미설치,설치,설치,설치
봉안시설,경기도,화성시,보명사 봉안탑,경기도 화성시 만세구 장안면 남양황라로 529-17 (장안리),031-358-5250,null,null,0,사설,0,0,0,미설치,미설치,미설치,미설치,미설치
봉안시설,강원특별자치도,인제군,하늘내린 휴공원(개인단),강원특별자치도 인제군 남면 자작나무숲길 444-62 (남전리),033-460-2056,null,https://www.inje.go.kr/portal/field-info/welfare,0,공설,15,15,2,설치,설치,설치,설치,미설치
봉안시설,인천광역시,부평구,인천가족공원 금마총,인천광역시 부평구 평온로 61 (부평동),032-456-2320,032-456-2324,www.insiseol.or.kr/life/family,0,공설,10,10,2,설치,설치,설치,설치,설치
봉안시설,대구광역시,대구광역시,대구광역시 낙산추모의집,경상북도 칠곡군 지천면 낙산로 87 (낙산리),053-312-0348,null,null,223,공설,10,10,2,미설치,미설치,설치,미설치,미설치
봉안시설,대전광역시,서구,대전추모공원 영락원,대전광역시 서구 상보안윗길 160 (괴곡동),042-602-2500,null,www.djsiseol.or.kr/portal/sub040203.asp,418,공설,15,15,1,미설치,설치,설치,설치,설치
봉안시설,경상남도,양산시,천불사 극락원,경상남도 양산시 매곡4길 35 (매곡동),055-372-1800,055-388-4801,null,0,사설,0,0,0,미설치,미설치,미설치,미설치,미설치
봉안시설,경기도,안성시,유토피아추모관,"경기도 안성시 일죽면 화곡길 130 (화곡리, 유토피아추모관)",031-673-7904,031-674-7904,www.goutopia.co.kr,500,사설,99,99,99,설치,설치,설치,설치,설치
봉안시설,경상남도,거창군,고제공설공원묘지 봉안당,경상남도 거창군 고제면 봉산리 1309,055-940-3124,null,null,0,공설,0,0,0,미설치,미설치,미설치,미설치,미설치
봉안시설,부산광역시,기장군,소원사,"부산광역시 기장군 정관읍 정관중앙로 198 (용수리, 소원사)",051-727-3050,null,null,50,사설,0,0,0,미설치,설치,설치,미설치,미설치
봉안시설,경기도,동두천시,원흥사 납골탑,경기도 동두천시 광암로17번길 163-75 (광암동),031-867-3593,null,null,50,사설,99,99,99,설치,미설치,설치,설치,미설치
봉안시설,전라남도,고흥군,비봉사 봉안탑,"전라남도 고흥군 도양읍 차경구렁목길 237-46 (용정리, 비봉사)",061-842-3362,null,null,0,사설,0,0,0,미설치,미설치,미설치,미설치,미설치
봉안시설,전라남도,보성군,정광사 연화추모관,전라남도 보성군 조성면 녹색로 4561-51(귀산리),061-858-0034,null,null,200,사설,0,0,0,미설치,미설치,설치,설치,미설치
봉안시설,제주특별자치도,제주시,연화원 봉안당,제주특별자치도 제주시 1100로 2528-111 (노형동),064-746-0070,null,null,0,사설,0,0,0,미설치,미설치,미설치,미설치,미설치
봉안시설,경기도,고양시,일산푸른솔추모공원,경기도 고양시 일산동구 성현로 426-32 (문봉동),031-926-2304,031-926-2305,www.일산푸른솔.com,130,사설,99,0,0,미설치,미설치,설치,설치,설치
봉안시설,경기도,연천군,중앙추모공원(재단법인 현) 봉안시설,경기도 연천군 미산면 마유로 58-42 (백석리),031-833-7737,031-835-7737,www.하늘길.com,50,사설,99,0,99,미설치,미설치,설치,설치,미설치
봉안시설,서울특별시,은평구,흥창사,"서울특별시 은평구 통일로 1093 (진관동, 흥창사)",02-356-9075,null,www.hungchangsa.com,20,사설,99,0,0,미설치,미설치,설치,설치,미설치
봉안시설,충청남도,논산시,지장정사 연화대,"충청남도 논산시 노성면 화곡안길 103 (화곡리, 지장정사,템플스테이,연화대,법륜종재단)",041-732-5629,null,null,0,사설,0,0,0,미설치,미설치,미설치,미설치,미설치
봉안시설,충청남도,서산시,서산시추모의집,충청남도 서산시 인지면 무학재2길 106 (산동리),041-660-2719,041-660-2719,null,0,공설,0,0,0,미설치,미설치,미설치,미설치,미설치
봉안시설,강원특별자치도,춘천시,(재)경춘공원묘원 봉안당,강원특별자치도 춘천시 서면 노동길 181 (안보리),033-263-7300,null,www.gyoungchun.com/,0,사설,5,5,99,설치,설치,설치,미설치,미설치
봉안시설,울산광역시,울주군,대한불교조계종 천룡사납골당,울산광역시 울주군 웅촌면 웅촌로 720-5 (대복리),052-277-7062,052-277-7062,null,0,사설,0,0,0,설치,미설치,설치,설치,미설치
봉안시설,경기도,용인시 처인구,천주교용인공원묘원(봉안),"경기도 용인시 처인구 모현면 오산로 154-62 (오산리, 천주교공원묘지)",031-334-0807,031-334-0854,yi.catholic.or.kr,300,사설,99,99,99,설치,미설치,설치,설치,설치
봉안시설,경상남도,고성군,고성군공설봉안당,경상남도 고성군 상리면 장치로 220-163 (자은리),055-670-2923,null,null,0,공설,15,15,3,미설치,미설치,설치,설치,미설치
봉안시설,충청남도,홍성군,홍성군공원묘지 가족봉안묘,충청남도 홍성군 갈산면 갈산서길170번길 109-47 (부기리),041-630-9823,041-630-9823,null,0,공설,0,0,0,미설치,미설치,미설치,미설치,미설치
봉안시설,경상남도,창원시 마산합포구,창원공원묘원 봉안묘,경상남도 창원시 마산합포구 진동면 공원묘원로 134 (인곡리),055-271-1700,null,null,0,사설,0,0,0,미설치,미설치,미설치,미설치,미설치
봉안시설,경상북도,경주시,(재)영호공원,경상북도 경주시 건천읍 단석로 1803-94 (송선리),054-751-9666,null,www.yeonghopark.or.kr,100,사설,99,99,99,설치,설치,설치,설치,설치
봉안시설,경상남도,합천군,합천추모공원 봉안당,경상남도 합천군 합천읍 합천호수로 1633 (합천리),055-931-4000,null,www.hcpark.kr,100,사설,99,99,99,미설치,설치,설치,설치,설치
봉안시설,경상북도,칠곡군,(재)조양공원 봉안당,경상북도 칠곡군 지천면 달방길 215 (달서리),054-979-2922,null,null,0,사설,0,0,0,미설치,미설치,미설치,미설치,미설치
봉안시설,서울특별시,동작구,노들하늘공원(동작구추모의집),경기도 화성시 만세구 향남읍 서봉로755번길 17-15 (동오리),031-354-2325,null,http://seoulskypark.co.kr/,200,공설,15,5,3,미설치,설치,설치,미설치,설치
봉안시설,경상남도,거창군,남상공설공원묘지 봉안당,경상남도 거창군 남상면 무촌리 산253,055-940-3124,null,null,0,공설,0,0,0,미설치,미설치,미설치,미설치,미설치
봉안시설,경기도,광주시,(재)미타불교원,경기도 광주시 용샘길 101 (목현동),031-763-0134,null,www.mita.kr,100,사설,99,99,99,설치,설치,설치,설치,미설치
봉안시설,강원특별자치도,태백시,태백시납골당,"강원특별자치도 태백시 백두대간로 844 (창죽동, 태백공동묘지)",033-550-2844,033-550-2961,https://www.taebaek.go.kr/www/contents.do?key=434,0,공설,30,15,2,설치,미설치,설치,미설치,미설치
봉안시설,전북특별자치도,전주시,천주교 금상동성당 하늘자리,"전북특별자치도 전주시 덕진구 전진로 107-13 (금상동, 금상동성당)",063-245-0091,null,http://wwwkscatholicorkr/,200,사설,45,15,1,미설치,미설치,설치,설치,미설치
봉안시설,경기도,성남시 중원구,성남장례문화사업소 하늘누리 제1추모원,"경기도 성남시 중원구 순암로 787 (갈현동, 장례문화사업소)",031-754-2268,null,www.seongnam.go.kr/city/1001267/10852/contents.do,0,공설,0,0,0,설치,설치,설치,설치,설치
봉안시설,충청북도,청주시,청주시목련공원 제3목련당,"충청북도 청주시 상당구 목련로 731 (월오동, 목련장례식장)",043-270-8578,null,https://www.cjuc.or.kr/home/sub.do?menukey=253,0,공설,0,0,0,미설치,미설치,미설치,미설치,미설치
봉안시설,충청북도,제천시,몽암사 봉안탑,충청북도 제천시 강저로15길 152 (강제동),null,null,null,0,사설,0,0,0,미설치,미설치,미설치,미설치,미설치
봉안시설,경기도,연천군,성아우구스띠노수도회 봉안시설,경기도 연천군 왕징면 왕산로 722 (동중리),031-834-1262,null,null,20,사설,0,30,1,미설치,미설치,설치,설치,미설치
봉안시설,경기도,안양시 만안구,보장사 영각당,경기도 안양시 만안구 예술공원로131번길 11 (석수동),031-471-3322,null,www.bojangsa.co.kr,0,사설,0,0,0,미설치,미설치,미설치,미설치,미설치
봉안시설,경상북도,영천시,보국사 봉안당,"경상북도 영천시 유삼길 67 (채신동, 보국사)",054-337-6500,null,null,0,사설,0,0,0,미설치,미설치,미설치,미설치,미설치
봉안시설,충청남도,당진시,석문공설묘지 가족봉안묘,"충청남도 당진시 석문면 통정1길 86-38 (삼화리, 공설묘지관리사)",041-353-5944,null,https://www.dangjin.go.kr/bokji/sub04_05_03.do,0,공설,0,0,0,미설치,설치,설치,설치,미설치
봉안시설,충청북도,청주시,청주시목련공원 제2목련당,"충청북도 청주시 상당구 목련로 731 (월오동, 목련장례식장)",043-270-8578,null,https://www.cjuc.or.kr/home/sub.do?menukey=253,0,공설,0,0,0,미설치,미설치,미설치,미설치,미설치
봉안시설,충청북도,충주시,진달래메모리얼파크,충청북도 충주시 앙성면 와평2길 84 (지당리),043-855-4444,null,www.jindallae.kr,0,사설,0,0,0,미설치,미설치,미설치,미설치,미설치
봉안시설,충청북도,진천군,대한성공회유지재단 봉안시설,"충청북도 진천군 진천읍 문화3길 72 (교성리, 성공회)",043-533-2246,null,null,0,사설,0,0,0,미설치,미설치,미설치,미설치,미설치
봉안시설,부산광역시,기장군,부산추모공원 봉안묘·담,"부산광역시 기장군 정관읍 정관로 225 (두명리, 부산추모공원)",051-790-5100,null,https://memorialpark.bisco.or.kr/memorialpark/index.asp,0,공설,0,0,0,미설치,미설치,미설치,미설치,미설치
봉안시설,경상북도,청도군,(재)한국SGI청도평화공원,경상북도 청도군 금천면 석현길 96-7 (소천리),054-996-9897,null,null,200,사설,30,30,99,미설치,미설치,설치,설치,설치
봉안시설,인천광역시,부평구,인천가족공원 호국봉안담,"인천광역시 부평구 평온로 61 (부평동, 관리사무소및홍보관)",032-456-2320,null,https://www.insiseol.or.kr/life/family/facility/cinerary.jsp,0,공설,0,0,0,미설치,미설치,미설치,미설치,미설치
봉안시설,울산광역시,중구,덕원사 추모관,울산광역시 중구 성동길 129-10 (성안동),052-716-1141,null,www.deokwonsa.com,30,사설,0,0,0,설치,미설치,설치,설치,미설치
봉안시설,경상남도,남해군,남해추모누리 안락원,"경상남도 남해군 서면 연죽로 46-77 (연죽리, 남해공설종합묘원추모누리)",055-860-3681,null,https://www.namhae.go.kr/depart/Index.do?c=DE0202010300,100,공설,60,0,0,설치,설치,설치,설치,설치
봉안시설,경기도,파주시,천주교평화의문,경기도 파주시 탄현면 성동로 111 (성동리),031-941-6805,null,pu2046.kr,0,사설,20,10,99,미설치,미설치,미설치,미설치,미설치
봉안시설,울산광역시,울산광역시,울산하늘공원 추모의집,울산광역시 울주군 삼동면 보삼길 550 (조일리),052-255-3800,052-255-3809,https://www.uic.or.kr/skypark/enshrine/enshrine01.do,419,공설,15,5,3,설치,설치,설치,설치,설치
봉안시설,서울특별시,서울특별시,용미리벽식추모의집,"경기도 파주시 광탄면 명봉산로262번길 290 (용미리, 용미1리1묘지공원안내실)",031-943-1930,null,www.memorial-zone.or.kr,0,공설,15,5,3,설치,설치,설치,설치,설치
봉안시설,충청남도,천안시 동남구,천안추모공원 봉안당,충청남도 천안시 동남구 광덕면 밤나무골길 38 (원덕리),041-529-5142,null,www.cauc.or.kr/_chpark/,0,공설,15,15,2,설치,미설치,설치,설치,설치
봉안시설,경기도,용인시 처인구,(재)서울공원묘원 봉안담,"경기도 용인시 처인구 이동읍 백자로 41 (서리, 서울공원묘원사무실)",031-332-2444,null,null,0,사설,0,0,0,미설치,미설치,미설치,미설치,미설치
봉안시설,충청남도,당진시,솔뫼공설묘지 안향정,충청남도 당진시 우강면 우강송산로 64 (송산리),041-363-4786,null,https://www.dangjin.go.kr/bokji/sub04_05_03.do,0,공설,0,0,0,미설치,미설치,미설치,미설치,미설치
봉안시설,강원특별자치도,홍천군,천봉사 봉안당,강원특별자치도 홍천군 서면 팔봉산로 118 (대곡리),033-435-8941,null,null,0,사설,0,0,0,미설치,미설치,미설치,미설치,미설치
봉안시설,충청남도,당진시,대호지공설묘지 봉안묘(개인·가족·평장),"충청남도 당진시 대호지면 봉선길 123 (장정리, 어성정공동묘지)",041-353-3044,null,https://www.dangjin.go.kr/bokji/sub04_05_03.do,0,공설,0,0,0,미설치,설치,설치,미설치,미설치
봉안시설,서울특별시,성동구,성동구추모의집,경기도 화성시 만세구 향남읍 서봉로755번길 17-15 (동오리),031-354-2325,null,http://www.skypark.co.kr/,200,공설,15,5,3,미설치,설치,설치,미설치,설치
봉안시설,경기도,고양시,(재)자하연 일산(봉안),경기도 고양시 일산동구 지영로 36-87 (지영동),031-977-8351,null,www.jahayeon.com,0,사설,0,0,0,미설치,미설치,미설치,미설치,미설치
봉안시설,충청남도,아산시,아산시공설봉안당,충청남도 아산시 송악면 외암로 30-30 (거산리),041-538-1940,null,https://asanfmc.or.kr/new/cms/?no=25,42,공설,15,15,2,미설치,미설치,설치,설치,설치
봉안시설,경기도,양평군,(재)자하연팔당(봉안),경기도 양평군 양서면 목왕로688번길 71 (목왕리),031-772-7102,null,www.jahayeon.com,60,사설,0,0,0,미설치,설치,설치,미설치,미설치
봉안시설,경상북도,칠곡군,(재)청구공원 봉안당,"경상북도 칠곡군 지천면 백송로 258 (백운리, 청구공원)",054-972-1382,null,null,0,사설,0,0,0,미설치,미설치,설치,미설치,미설치
봉안시설,서울특별시,서대문구,서대문구추모의집,충청북도 음성군 금왕읍 덕금로 936-61 (용계리),043-881-4700,null,www.yeaeunpark.com,500,공설,15,5,3,설치,설치,설치,설치,설치
봉안시설,충청북도,제천시,통도사 봉안탑,충청북도 제천시 봉양읍 명암로9길 105 (명암리),043-651-3636,null,null,0,사설,0,0,0,미설치,미설치,미설치,미설치,미설치
봉안시설,전북특별자치도,완주군,(재)천주교유지재단 천호성지,"전라북도 완주군 비봉면 천호성지길 124 (내월리, 천호성지)",063-262-1014,null,www.cheonhos.org,300,사설,0,0,0,미설치,미설치,설치,설치,미설치
봉안시설,세종특별자치시,세종특별자치시,은하수공원 달님의집(봉안담),"세종특별자치시 정안세종로 1527 (산울동, 은하수공원)",044-850-1340,044-863-0764,www.sjfmc.or.kr/eunhasu.do,0,공설,0,0,0,미설치,미설치,미설치,미설치,미설치
봉안시설,경상남도,양산시,천주교하늘공원 봉안묘·담,"경상남도 양산시 상북면 공원로3길 19 (상삼리, 추모관)",053-374-8733,null,www.catholicbusan.or.kr/index.php?mid=hanul_main,0,사설,0,0,0,미설치,미설치,미설치,미설치,미설치
봉안시설,경상북도,울진군,우리추모공원 봉안당,"경상북도 울진군 기성면 기성로 912-24 (사동리, 영명사)",054-788-9790,null,null,0,사설,0,0,0,미설치,미설치,설치,미설치,미설치
봉안시설,경기도,양평군,갈월사 봉안탑,"경기도 양평군 양평읍 충신로324번길 64 (창대리, 갈월사)",031-774-7374,null,null,0,사설,0,0,0,미설치,미설치,미설치,미설치,미설치
봉안시설,광주광역시,북구,광주영락공원 제1추모관,"광주광역시 북구 영락공원로 170 (효령동, 영락공원)",062-572-4384,062-572-1702,www.cyberyoungrak.or.kr/cms/bbs/dk_content.php?ht_id=cyber_02_2,0,공설,0,0,0,설치,설치,설치,설치,미설치
봉안시설,제주특별자치도,제주시,구좌읍 공설봉안묘(만장),제주특별자치도 제주시 구좌읍 송당리 54-1,064-728-7723,null,null,0,공설,0,0,0,미설치,미설치,미설치,미설치,미설치
봉안시설,경기도,여주시,(재)여주세종추모공원 봉안당,경기도 여주시 흥천면 샘다리길 105 (흥천면  상대리  27-6),031-634-4960,null,www.세종공원.co.kr,200,사설,99,99,99,미설치,미설치,설치,설치,설치
봉안시설,전북특별자치도,익산시,익산시 추모의집 제2관,"전북특별자치도 익산시 무왕로 1471-63 (석왕동, 익산공원묘지)",063-859-3847,063-859-5072,null,0,공설,0,0,0,미설치,미설치,설치,설치,미설치
봉안시설,경기도,포천시,다보정사 안미원,경기도 포천시 창수면 옥수로262번길 98 (주원리),031-531-0561,null,www.dabojs.co.kr,97,사설,99,99,99,미설치,미설치,설치,미설치,미설치
봉안시설,강원특별자치도,동해시,정심사 봉안당,"강원특별자치도 동해시 만우안길 5-3 (만우동, 정심사)",033-534-3956,null,null,0,사설,0,0,0,미설치,미설치,미설치,미설치,미설치
봉안시설,충청남도,부여군,대한불교운문종 봉안탑,충청남도 부여군 초촌면 세탑로 337 (세탑리),041-834-0155,null,null,0,사설,0,0,0,미설치,미설치,미설치,미설치,미설치
봉안시설,부산광역시,금정구,부산영락공원 제3영락원,"부산광역시 금정구 금정도서관로 58 (두구동, 제3영락원)",051-790-5000,051-508-6024,null,0,공설,0,0,0,미설치,미설치,미설치,미설치,미설치
봉안시설,경상북도,구미시,구미시공설숭조당 제1관,경상북도 구미시 옥성면 선상동로 419 (초곡리),054-481-0572,null,null,0,공설,15,15,2,미설치,미설치,미설치,미설치,미설치
봉안시설,경상남도,사천시,대한불교관음회조계종 백천사 봉안탑,"경상남도 사천시 백천길 326-2 (백천동, 백천사)",055-834-4010,null,www.bekchunsa.org/,100,사설,99,99,99,설치,설치,설치,미설치,미설치
봉안시설,대구광역시,동구,팔공산도림사추모공원,대구광역시 동구 인산로 264 (진인동),053-986-1001,null,www.803park.com,50,사설,99,99,99,미설치,미설치,설치,설치,설치
봉안시설,경상남도,김해시,불조사 휴안추모관,"경상남도 김해시 상동면 상동로 178-54 (우계리, 불조사)",055-724-3341,null,null,80,사설,0,0,0,설치,미설치,설치,설치,미설치
봉안시설,경상북도,문경시,쌍용사 봉안당,"경상북도 문경시 농암면 칠봉로 755 (율수리, 쌍용사)",054-541-6753,null,null,100,사설,99,99,99,미설치,미설치,설치,설치,미설치
봉안시설,강원특별자치도,화천군,화천공원묘원 봉안묘,"강원특별자치도 화천군 하남면 영서로 5697-69 (원천리, 화천공원묘원)",033-440-4556,null,null,0,공설,0,0,0,미설치,미설치,미설치,미설치,미설치
봉안시설,전북특별자치도,전주시 완산구,전주추모관,전북특별자치도 전주시 완산구 콩쥐팥쥐로 1705-152 (효자동3가),063-221-7185,null,www.jeonjumemorial.com,35,사설,99,99,99,미설치,미설치,설치,설치,미설치
봉안시설,경상남도,진주시,프란치스꼬의집,경상남도 진주시 문산읍 상문리 169-2,055-759-2274,null,null,0,사설,0,0,0,설치,미설치,설치,설치,미설치
봉안시설,전북특별자치도,전주시 완산구,모악추모공원,"전북특별자치도 전주시 완산구 우림로 714 (용복동, 모악납골당)",1577-3525,null,www.moakpark.co.kr,150,사설,99,99,0,미설치,미설치,설치,설치,설치
봉안시설,충청북도,청주시,매화원,충청북도 청주시 상당구 가덕면 상장인차로 460 (청용리),043-251-3560,null,www.cjsisul.or.kr/home/sub.do?menukey=272,0,공설,0,0,0,설치,설치,설치,미설치,미설치
봉안시설,경기도,평택시,평택시립추모공원,경기도 평택시 청북읍 청북로 457-6 (율북리),031-683-3939,null,www.puc.or.kr/business/memorial_park.do,130,공설,15,10,3,미설치,설치,설치,설치,미설치
봉안시설,전라남도,고흥군,국립소록도병원 만령당,"전라남도 고흥군 도양읍 소록해안길 65 (소록리, 국립소록도병원)",061-840-0500,null,https://www.sorokdo.go.kr/sorokdo/main.do,10,공설,0,0,0,미설치,설치,설치,미설치,미설치
봉안시설,충청남도,금산군,서대산추모공원 봉안탑,"충청남도 금산군 추부면 서대동기길 100 (서대리, 일불사)",041-754-5108,null,null,0,사설,0,0,0,미설치,미설치,미설치,미설치,미설치
봉안시설,경기도,의정부시,하늘의문(천주교 신곡2동성당),경기도 의정부시 금신로296번길 61 (신곡동),031-856-0191,null,www.elife.or.kr,60,사설,15,15,99,미설치,미설치,설치,설치,설치
봉안시설,충청남도,금산군,서대산추모공원 봉안당,충청남도 금산군 추부면 서대동기길 100 (서대리),041-754-5108,041-754-4108,www.서대산추모공원.com,500,사설,99,99,99,설치,설치,설치,설치,설치
봉안시설,제주특별자치도,제주시,한림읍 공설봉안묘(만장),제주특별자치도 제주시 한림읍 금악리 8-124,064-728-7626,null,null,0,공설,0,0,0,미설치,미설치,미설치,미설치,미설치
봉안시설,경상남도,거창군,월평공설공원묘지 봉안당,경상남도 거창군 남상면 월평리 산201,055-940-3124,null,null,0,공설,0,0,0,미설치,미설치,미설치,미설치,미설치
봉안시설,전북특별자치도,전주시 완산구,전주효자공원봉안원,"전북특별자치도 전주시 완산구 콩쥐팥쥐로 1705-138 (효자동3가, 전주승화원)",063-239-2690,null,https://www.jjss.or.kr/index.9is?contentUid=ff8080816c5f9de6016cb28f27280028,0,공설,0,0,0,설치,설치,설치,설치,설치
봉안시설,전북특별자치도,정읍시,서남권추모공원 제2추모관,전북특별자치도 정읍시 감곡면 정읍북로 1850 (통석리),063-539-6726,063-538-6517,null,0,공설,0,0,0,미설치,미설치,미설치,미설치,미설치
봉안시설,경상남도,창원시 의창구,내광사 봉안당,경상남도 창원시 의창구 동읍 의창대로491번길 150 (용강리),055-251-3925,null,null,0,사설,0,0,0,미설치,미설치,미설치,미설치,미설치
봉안시설,충청남도,태안군,태안군 영묘전,"충청남도 태안군 남면 저드래길 116-304 (당암리, 태안군공설영묘)",041-675-1809,null,https://www.taean.go.kr/life/sub01_11.do,150,공설,30,30,1,미설치,미설치,설치,설치,미설치
봉안시설,제주특별자치도,서귀포시,성산읍공설봉안당 제2관,제주특별자치도 서귀포시 성산읍 금백조로 548 (수산리),064-760-4234,064-760-4234,null,0,공설,0,0,0,미설치,미설치,미설치,미설치,미설치
봉안시설,부산광역시,기장군,백운공원묘원 제1묘원,부산광역시 기장군 정관읍 정관로 165 (두명리),051-508-2934,null,null,0,사설,0,0,0,미설치,미설치,설치,미설치,미설치
봉안시설,서울특별시,마포구,부활의집,"서울특별시 마포구 토정로 6-1(합정동, 절두산순교박물관영상교육)",070-8282-8223,null,null,0,사설,0,0,0,미설치,미설치,미설치,미설치,미설치
봉안시설,세종특별자치시,세종특별자치시,은하수공원 달님의집(봉안당),"세종특별자치시 정안세종로 1527 (산울동, 은하수공원)",044-850-1340,044-863-0764,www.sjfmc.or.kr/eunhasu.do,20,공설,15,15,1,설치,설치,설치,설치,설치
봉안시설,대구광역시,달성군,덕안사 봉안당,"대구광역시 달성군 가창면 가창로216길 38 (용계리, 덕안사)",053-621-4444,null,null,0,사설,0,0,0,미설치,미설치,미설치,미설치,미설치
봉안시설,충청남도,논산시,성불사 봉안당,충청남도 논산시 상월면 상월로486번길 81 (대명리),041-734-0545,null,null,0,사설,0,0,0,미설치,미설치,미설치,미설치,미설치
봉안시설,경기도,화성시,화성함백산추모공원 별빛쉼터,경기도 화성시 효행구 매송면 서해로 2448-32 (숙곡리),031-240-9200,031-240-9277,https://hbm.hu.or.kr/hambaeksan/main.do#,0,공설,15,15,1,미설치,미설치,설치,미설치,미설치
봉안시설,경기도,양평군,별그리다(THE WALL),경기도 양평군 양동면 양동금곡1길 331 (삼산리),031-333-1111,031-774-4710,www.star4ever.com,1300,사설,99,99,99,설치,미설치,설치,설치,설치
봉안시설,경기도,안성시,유토피아추모공원(헤리티지관),경기도 안성시 일죽면 화곡길 126 (화곡리),031-673-7904,031-674-7904,utopia.co.kr,150,사설,99,99,99,설치,설치,설치,미설치,설치
봉안시설,서울특별시,서대문구,봉원사,"서울특별시 서대문구 봉원사길 120 (봉원동, 봉원사)",02-392-3007,null,www.bongwonsa.or.kr,20,사설,30,0,0,미설치,미설치,설치,설치,미설치
봉안시설,경기도,양평군,대한예수교장로회 노량진교회,"경기도 양평군 양서면 웃능골길 78 (복포리, 노량진교회기도원)",02-814-3425,null,null,0,사설,0,0,0,미설치,미설치,미설치,미설치,미설치
봉안시설,경기도,가평군,영은설악동산,"경기도 가평군 설악면 묵안로 575 (설곡리, 설악영은교회)",031-584-2775,null,null,0,사설,0,0,0,미설치,미설치,미설치,미설치,미설치
봉안시설,인천광역시,강화군,월곳리 무연고 봉안묘,인천광역시 강화군 강화읍 월곳리 산8,032-930-3114,null,null,100,공설,0,0,0,미설치,미설치,설치,미설치,미설치
봉안시설,강원특별자치도,양구군,양구봉안공원 봉안당,강원특별자치도 양구군 양구읍 금강산로 518-40 (하리),033-480-2577,null,null,30,공설,15,15,2,미설치,미설치,설치,미설치,미설치
봉안시설,경기도,의왕시,오봉산추모공원 봉안당,경기도 의왕시 고천동 191-6,031-452-4814,null,null,0,사설,0,0,0,미설치,미설치,미설치,미설치,미설치
봉안시설,제주특별자치도,제주시,충혼각,"제주특별자치도 제주시 1100로 2576-10 (노형동, 충혼각)",064-710-6622,null,null,0,공설,0,0,0,미설치,미설치,미설치,미설치,미설치
봉안시설,경기도,포천시,광릉추모공원 봉안묘,경기도 포천시 내촌면 부마로 341 (마명리),031-532-2520,031-534-3116,www.gmemorialpark.com,200,사설,99,99,99,설치,설치,설치,미설치,미설치
봉안시설,경기도,남양주시,재단법인청림공원(봉안탑),"경기도 남양주시 진건읍 사릉로156번길 295 (송능리, 봉인사)",031-527-5678,null,null,100,사설,99,0,0,설치,설치,설치,설치,설치
봉안시설,전라남도,여수시,여수시 제2추모의 집,"전라남도 여수시 소라면 의곡길 494 (봉두리, 영락공원)",061-659-1795,061-659-5889,null,475,공설,15,15,2,미설치,설치,설치,설치,설치
봉안시설,충청남도,아산시,아산메모리얼파크 휴온 봉안당,충청남도 아산시 송악면 외암로 55-15 (거산리),02-502-9984,null,www.hyuon.com,60,사설,99,99,99,미설치,미설치,설치,설치,설치
봉안시설,경기도,화성시,천주교 비봉추모관,경기도 화성시 효행구 비봉면 화성로1946번길 26-11 (쌍학리),031-355-0191,null,bb.catholic.or.kr,500,사설,99,10,99,설치,미설치,설치,설치,설치
봉안시설,경기도,포천시,다보정사 안미원(봉안탑),경기도 포천시 창수면 옥수로262번길 98 (주원리),031-531-0561,null,www.dabojs.kr,0,사설,0,0,0,미설치,미설치,미설치,미설치,미설치
봉안시설,서울특별시,중구,중구추모의집,경기도 화성시 만세구 향남읍 서봉로755번길 17-15 (동오리),031-354-2325,null,http://seoulskypark.co.kr/,200,공설,15,5,3,미설치,설치,설치,미설치,설치
봉안시설,울산광역시,남구,정토사 극락원,"울산광역시 남구 문수로217번길 15 (옥동, 정토사)",052-212-7000,null,null,50,사설,99,99,0,설치,미설치,설치,설치,미설치
봉안시설,제주특별자치도,제주시,한경면 공설봉안묘(만장),제주특별자치도 제주시 한경면 저지리 산52,064-728-7924,null,null,0,공설,0,0,0,미설치,미설치,미설치,미설치,미설치
봉안시설,대구광역시,대구광역시,대구광역시 낙산제2추모의집,경상북도 칠곡군 지천면 낙산로 87 (낙산리),053-312-0348,null,null,223,공설,10,10,2,미설치,미설치,설치,미설치,미설치
봉안시설,충청남도,보령시,보령시모란공원 봉안당,"충청남도 보령시 성주면 만수로 695-14 (개화리, 모란공원사무실)",041-933-5671,null,www.brsisul.or.kr/kor/sub01_03_01.do,100,공설,30,30,1,설치,설치,설치,미설치,설치
봉안시설,경상북도,안동시,안동하늘공원,"경상북도 안동시 임하면 고곡길 327 (고곡리, 안동하늘공원)",054-823-1090,null,null,50,공설,10,10,99,미설치,미설치,설치,미설치,미설치
봉안시설,전북특별자치도,순창군,금화추모관,"전북특별자치도 순창군 순창읍 담순로 951-67 (백산리, 금화사)",063-652-6022,02-652-6071,금화추모관.com,50,사설,15,0,99,미설치,미설치,설치,미설치,미설치
봉안시설,충청북도,옥천군,옥천군봉안당 선화원,충청북도 옥천군 군서면 성왕로 982 (월전리),043-733-4404,null,null,100,공설,15,3,0,미설치,미설치,설치,설치,설치
봉안시설,경기도,파주시,보광사 봉안당,경기도 파주시 광탄면 보광로474번길 87 (영장리),031-948-4440,null,bogwangsa.co.kr/,0,사설,0,0,0,미설치,미설치,미설치,미설치,미설치
봉안시설,경상남도,거창군,가조공설공원묘지 봉안당,경상남도 거창군 가조면 일부리 산5,055-940-7823,null,null,0,공설,0,0,0,미설치,미설치,미설치,미설치,미설치
봉안시설,전라남도,장성군,백양사 영각당,"전라남도 장성군 북하면 백양로 1239 (약수리, 백양사)",061-392-7502,null,null,0,사설,0,0,0,미설치,미설치,미설치,미설치,미설치
봉안시설,경기도,양평군,갑산공원묘원,"경기도 양평군 양서면 건지미길 5 (양수리, 갑산공원묘원)",031-774-9348,null,null,0,사설,0,0,0,미설치,미설치,미설치,미설치,미설치
봉안시설,경상남도,양산시,대한불교염불선종운수사사홍선원,경상남도 양산시 원동면 원동로 1168-61 (서룡리),055-363-7960,null,null,30,사설,10,1,0,설치,설치,설치,설치,설치
봉안시설,경상북도,영천시,(사)대한불교연화조계종 정림사,경상북도 영천시 화남면 용구길 253-45 (용계리),054-338-6300,null,null,0,사설,0,0,0,미설치,미설치,미설치,미설치,미설치
봉안시설,경상북도,구미시,구미시공설숭조당 제2관,경상북도 구미시 옥성면 선상동로 419-1 (초곡리),054-481-0572,null,null,0,공설,15,15,2,미설치,미설치,미설치,미설치,미설치
봉안시설,경상남도,김해시,대법륜사 극락전,경상남도 김해시 금관대로 1088-28 (흥동),055-322-5457,null,null,0,사설,0,0,0,미설치,미설치,미설치,미설치,미설치
봉안시설,경기도,파주시,상락원 지장영묘전,"경기도 파주시 송화로 136 (야동동, 한국불교상락원)",031-941-3416,null,www.sangrakwon.co.kr,0,사설,0,0,0,미설치,미설치,미설치,미설치,미설치
봉안시설,경기도,파주시,(재)서현추모공원,경기도 파주시 광탄면 명봉산로 277 (용미리),031-947-4114,null,seohyunpark.com/,200,사설,99,99,99,설치,설치,설치,설치,설치
봉안시설,경상남도,함안군,함안하늘공원(봉안담),"경상남도 함안군 가야읍 함마대로 1145 (사내리, 함안하늘공원)",055-585-7182,055-585-7185,null,0,공설,0,0,0,미설치,미설치,미설치,미설치,미설치
봉안시설,경기도,용인시 처인구,동화추모공원,경기도 용인시 처인구 백암면 한택로71번길 19 (옥산리),031-337-3324,null,null,0,사설,0,0,0,미설치,미설치,미설치,미설치,미설치
봉안시설,제주특별자치도,서귀포시,만불사,제주특별자치도 서귀포시 안덕면 산록남로 513-62 (광평리),064-794-9899,null,www.jj-mbs.com,20,사설,99,99,99,미설치,미설치,설치,설치,설치
봉안시설,전북특별자치도,김제시,(재)평화원,전북특별자치도 김제시 공덕면 대산2길 47-22 (공덕리),063-853-1023,null,null,0,사설,15,0,0,미설치,미설치,설치,미설치,미설치
봉안시설,경상북도,칠곡군,용운사 납골당,경상북도 칠곡군 동명면 득명2길 110 (득명리),054-973-3677,null,null,0,사설,0,0,0,미설치,미설치,미설치,미설치,미설치
봉안시설,경기도,포천시,(재)자하연포천(봉안),경기도 포천시 영중면 궁들길 84 (금주리),031-532-6534,null,www.jahayeon.com,0,사설,99,99,99,미설치,미설치,설치,설치,미설치
봉안시설,경기도,양주시,청련사 극락원,경기도 양주시 장흥면 권율로 169 (석현리),031-836-0827,null,www.bluelotus-park.co.kr/,100,사설,99,0,0,설치,설치,설치,설치,설치
봉안시설,제주특별자치도,서귀포시,혜관정사 봉안당,"제주특별자치도 서귀포시 서리오름로 10 (보목동, 혜관정사)",064-733-3918,null,null,0,사설,0,0,0,미설치,미설치,미설치,미설치,미설치
봉안시설,경기도,안성시,대원사 봉안당,"경기도 안성시 공도읍 마정개나리길 16-15 (마정리, 대원사)",031-656-4841,null,www.대원사.kr,20,사설,99,99,99,설치,미설치,설치,설치,미설치
봉안시설,경상남도,사천시,사천시누리원(봉안시설),"경상남도 사천시 해안관광로 208-66 (송포동, 사천공설화장장)",055-831-4590,055-831-6112,https://youthsacheon.com/funeral_main.html,0,공설,15,15,3,설치,미설치,설치,설치,미설치
봉안시설,경상남도,통영시,통영시공설봉안당 제2관,경상남도 통영시 장대길 144 (정량동),055-650-4883,null,null,10,공설,0,0,0,미설치,미설치,설치,설치,미설치
봉안시설,강원특별자치도,원주시,휴마루,"강원특별자치도 원주시 흥업면 복술길 33 (사제리, 원주추모공원하늘나래원)",033-749-4870,null,https://cms.wfmc.kr/web/lay1/S1T195C201/contents.do,70,공설,15,15,2,설치,설치,설치,설치,미설치
봉안시설,경기도,양평군,운휴암 봉안당,"경기도 양평군 강하면 강하1로 612 (항금리, 운휴암)",031-775-1027,null,null,0,사설,0,0,0,미설치,미설치,미설치,미설치,미설치
봉안시설,경상남도,함안군,선약사,경상남도 함안군 산인면 싸리재로 34-2 (운곡리),055-584-6660,null,www.sunyaksa.co.kr,50,사설,0,0,0,설치,미설치,설치,설치,미설치
봉안시설,경기도,이천시,동천교회 납골묘,경기도 이천시 설성면 설성로240번길 285 (장천리),02-831-0070,null,null,0,사설,0,0,0,미설치,미설치,미설치,미설치,미설치
봉안시설,전북특별자치도,익산시,익산시 추모의집 제1관,"전북특별자치도 익산시 무왕로 1471-63 (석왕동, 익산공원묘지)",063-859-3840,null,null,0,공설,0,0,0,미설치,미설치,설치,설치,미설치
봉안시설,경상북도,포항시 남구,원진사 봉안당,경상북도 포항시 남구 동해면 금광로438번길 108 (신정리),054-274-9443,null,null,0,사설,0,0,0,미설치,미설치,미설치,미설치,미설치
봉안시설,인천광역시,서구,천주교 인천교구 하늘의문(봉안담),"인천광역시 서구 드림로 472 (당하동, 하늘의문묘지)",032-765-7251,null,null,0,사설,0,0,0,미설치,미설치,미설치,미설치,미설치
봉안시설,경기도,가평군,성불사 자인당,"경기도 가평군 상면 봉수로 40-108 (봉수리, 성불사)",031-584-3668,null,www.sungbulsa.co.kr,30,사설,0,0,0,미설치,미설치,설치,설치,설치
봉안시설,경상북도,영천시,(재)아미타우스 봉안탑,"경상북도 영천시 북안면 내서로 139-17 (고지리, 만불사)",054-336-9004,null,manbulsa.org,0,사설,0,0,0,미설치,미설치,미설치,미설치,미설치
봉안시설,경상남도,사천시,국원하늘정원,"경상남도 사천시 곤명면 막골길 267-195 (마곡리, 은적납골공원)",055-853-9004,null,null,25,사설,99,99,99,설치,미설치,설치,설치,미설치
봉안시설,경상남도,창원시 마산합포구,법지사,경상남도 창원시 마산합포구 구산면 유산군령로 105 (유산리),055-221-6333,null,www.bubjisa.net/main.htm,0,사설,0,0,0,미설치,미설치,미설치,미설치,미설치
봉안시설,부산광역시,동구,화엄사,부산광역시 동구 구봉중길 48-10 (초량동),051-468-8080,null,www.skybok.kr,30,사설,0,0,0,설치,미설치,설치,설치,미설치
봉안시설,전라남도,구례군,재단법인 세심사하늘공원,"전라남도 구례군 구례읍 섬진강로 348-33 (계산리, 하늘공원)",061-782-0190,null,www.hanulpark.co.kr,0,사설,99,0,0,미설치,미설치,설치,설치,미설치
봉안시설,강원특별자치도,원주시,(재)원주공원묘원 봉안당,강원특별자치도 원주시 귀래면 귀문로 599 (귀래리),033-765-0165,033-765-0165,null,0,사설,0,0,0,미설치,미설치,미설치,미설치,미설치
봉안시설,전북특별자치도,군산시,(재)성산공원 추모관,"전북특별자치도 군산시 성산면 왕골로 239-29 (대명리, 성산공원)",063-453-5510,null,www.ssmemorialpark.co.kr,230,사설,99,99,99,미설치,설치,설치,설치,미설치
봉안시설,충청남도,금산군,(재)평화공원 가족봉안묘,"충청남도 금산군 복수면 신대리 193, 194-1",041-752-8503,null,null,100,사설,30,99,0,미설치,미설치,설치,설치,미설치
봉안시설,부산광역시,금정구,부산영락공원 봉안당,부산광역시 금정구 금정도서관로 108 (두구동),051-790-5000,051-508-6024,https://yeongnakpark.bisco.or.kr/yeongnakpark/index.asp,132,공설,15,5,3,설치,설치,설치,설치,설치
봉안시설,경상북도,성주군,(재)우성공원 봉안당,"경상북도 성주군 선남면 관용로 470-54 (용신리, 우성공원사무소)",054-933-4774,null,null,0,사설,0,0,0,미설치,미설치,설치,미설치,미설치
봉안시설,경상북도,경주시,용주사 봉안당,경상북도 경주시 서면 하늘마루길 328 (도리),054-753-5678,null,blog.naver.com/yongjusa5678,0,사설,99,0,99,미설치,미설치,설치,설치,미설치
봉안시설,경상남도,창원시 성산구,창원시립상복공원 제2봉안당,"경상남도 창원시 성산구 공단로474번길 160 (상복동, 창원시립상복공원)",055-712-0925,null,https://www.cwsisul.or.kr/_sangbok/_sub02/sub02_03_01.html,0,공설,0,0,0,미설치,미설치,미설치,미설치,미설치
봉안시설,경상남도,거창군,해인사 고불암무량수전,경상남도 거창군 가북면 용암리 2184,055-934-0127,null,null,0,사설,0,0,0,미설치,미설치,미설치,미설치,미설치
봉안시설,충청북도,진천군,성림사 연화납골당(봉안당),"충청북도 진천군 덕산읍 인화길 83 (산수리, 성림사)",043-536-4617,null,sungrimsa.com,15,사설,99,99,0,미설치,미설치,미설치,미설치,미설치
봉안시설,강원특별자치도,정선군,정선하늘터,강원특별자치도 정선군 사북읍 소금강로 3500-34 (사북리),033-560-3460,033-592-2847,www.jsimc.or.kr/layout/basic/page/page2/page06.html,16,공설,0,0,0,미설치,미설치,설치,설치,미설치
봉안시설,경상남도,창원시 마산합포구,용광사,"경상남도 창원시 마산합포구 진북면 진북산업로 780 (정현리, 용광사)",055-271-0688,null,null,24,사설,0,0,0,미설치,미설치,설치,미설치,미설치
봉안시설,경상북도,영천시,(재)아미타우스 봉안당,"경상북도 영천시 북안면 내서로 139-17 (고지리, 만불사)",054-336-9004,null,manbulsa.org,0,사설,0,0,0,미설치,미설치,미설치,미설치,미설치
봉안시설,충청북도,보은군,결초보은 추모공원,충청북도 보은군 보은읍 속리산로 37 (누청리),043-542-1232,043-540-3809,null,80,공설,30,30,1,미설치,미설치,설치,설치,미설치
봉안시설,경상북도,청도군,재단법인 효천추모공원,경상북도 청도군 매전면 중앙로 84-500 (송원리),054-372-8900,null,null,0,사설,0,0,0,미설치,미설치,미설치,미설치,미설치
봉안시설,전라남도,완도군,(사)민족불교해동조계종 해동사,전라남도 완도군 약산면 약산일주로 673 (해동리),061-555-0879,061-372-6011,null,100,사설,0,0,0,설치,미설치,설치,설치,설치
봉안시설,충청남도,서천군,서천군영명각 국화관,"충청남도 서천군 판교면 심동길 316-161 (심동리, 영명각납골당)",041-950-4347,041-950-4347,null,0,공설,0,0,0,미설치,미설치,미설치,미설치,미설치
봉안시설,경기도,광주시,분당추모공원휴,경기도 광주시 오포읍 오포로 211-49 (능평리),031-762-3000,null,www.huepark.co.kr,220,사설,0,0,0,미설치,미설치,설치,설치,설치
봉안시설,경기도,동두천시,이담추모공원,경기도 동두천시 탑신로 562 (탑동동),031-867-4491,null,www.idampark.co.kr,30,사설,5,99,99,미설치,미설치,설치,설치,설치
봉안시설,경상북도,성주군,(재)우성공원 추모관,"경상북도 성주군 선남면 관용로 470-54 (용신리, 우성공원사무소)",054-933-1120,null,null,0,사설,0,0,0,미설치,미설치,미설치,미설치,미설치
봉안시설,경상북도,포항시,금강사추모관,경상북도 포항시 북구 침촌마을길 213-7 (양덕동),054-253-3398,null,null,0,사설,0,0,0,미설치,미설치,미설치,미설치,미설치
봉안시설,경상남도,창원시 진해구,창원시립진해천자원,경상남도 창원시 진해구 진해대로 1426-51 (제덕동),055-712-0844,null,https://www.cwsisul.or.kr/_jinhaech/_sub01/sub01_01.html,100,공설,15,15,3,미설치,미설치,설치,미설치,미설치
봉안시설,충청북도,청주시,자선사 봉안담,충청북도 청주시 상당구 미원면 화원길 4-97 (화원리),null,null,null,0,사설,0,0,0,미설치,미설치,미설치,미설치,미설치
봉안시설,경상남도,의령군,의령군공설납골당,"경상남도 의령군 정곡면 법정로 580-9 (예둔리, 공설묘원)",055-574-0694,null,null,0,공설,0,0,0,설치,미설치,설치,설치,미설치
봉안시설,경기도,포천시,광릉 더 크레스트 봉안당,경기도 포천시 내촌면 부마로 341 (마명리),031-532-2520,031-534-3116,www.gmemorialpark.com/,0,사설,0,0,0,미설치,미설치,미설치,미설치,미설치
봉안시설,경기도,김포시,김포연화사추모관,경기도 김포시 하성면 연화봉로 233 (후평리),031-988-3531,null,null,0,사설,0,0,0,미설치,미설치,미설치,미설치,미설치
봉안시설,충청남도,서산시,삼길사 봉안당,충청남도 서산시 대산읍 충의로 2779-45 (화곡리),041-663-7328,null,null,0,사설,0,0,0,미설치,미설치,미설치,미설치,미설치
봉안시설,경기도,평택시,(재)서호추모공원,경기도 평택시 청북읍 고렴길 161-12 (고렴리),031-683-4505,null,www.seohopark.kr,0,사설,0,0,0,설치,미설치,설치,설치,설치
봉안시설,서울특별시,서울특별시,용미리분묘형추모의집,"경기도 파주시 광탄면 명봉산로262번길 290 (용미리, 용미1리1묘지공원안내실)",031-943-1930,null,https://www.sisul.or.kr/open_content/memorial/,0,공설,15,5,3,미설치,미설치,설치,설치,설치
봉안시설,경기도,파주시,파주추모공원 봉안탑,경기도 파주시 파주읍 약수골길 86 (연풍리),031-952-4801,null,www.pajupark.com,0,사설,0,0,0,미설치,미설치,미설치,미설치,미설치
봉안시설,인천광역시,강화군,예수사랑제일교회,"인천광역시 강화군 하점면 창후로 90-35 (창후리, 예수사랑제일교회)",02-6722-2500,null,null,200,사설,99,99,99,미설치,미설치,설치,설치,설치
봉안시설,경상북도,영천시,청통추모관,경상북도 영천시 청통면 구정길 53-56 (죽정리),054-331-1881,054-331-6776,null,200,사설,99,99,99,미설치,미설치,설치,설치,미설치
봉안시설,경상남도,김해시,김해추모의집 제2봉안당,경상남도 김해시 주촌면 서부로1637번길 574 (덕암리),055-337-3946,null,null,0,공설,15,15,2,미설치,미설치,미설치,미설치,미설치
봉안시설,경상남도,진주시,진주안락공원 추모당,"경상남도 진주시 진산로 141-42 (장재동, 진주시안락공원)",055-759-3672,null,null,0,공설,15,15,3,설치,미설치,설치,설치,미설치
봉안시설,경기도,동두천시,안흥동공설묘지 봉안담,경기도 동두천시 안흥동 산62,031-860-2266,null,null,0,공설,0,0,0,미설치,미설치,미설치,미설치,미설치
봉안시설,경상남도,합천군,합천군공설봉안담,경상남도 합천군 율곡면 제내리 산45,055-930-4745,null,null,0,공설,0,0,0,미설치,미설치,미설치,미설치,미설치
봉안시설,경기도,안산시,하늘공원(부곡동공설공원묘지),경기도 안산시 상록구 수인로 1824 (부곡동),031-481-3257,null,null,30,공설,15,15,2,미설치,미설치,설치,미설치,미설치
봉안시설,전북특별자치도,고창군,고창군추모의집,"전북특별자치도 고창군 부안면 복분자로 559 (용산리, 고창군추모의집)",063-563-4994,null,null,40,공설,10,10,5,미설치,미설치,설치,미설치,미설치
봉안시설,충청북도,음성군,무지개추모공원 봉안당(다래원),충청북도 음성군 생극면 오신로445번길 77 (신양리),043-883-4449,null,null,0,사설,0,0,0,미설치,미설치,미설치,미설치,미설치
봉안시설,충청북도,제천시,(재)개나리추모공원 봉안담,충청북도 제천시 송학면 도화로 194 (도화리),043-642-4444,null,null,0,사설,0,0,0,미설치,미설치,미설치,미설치,미설치
봉안시설,강원특별자치도,태백시,태백시납골묘,"강원특별자치도 태백시 백두대간로 844 (창죽동, 태백공동묘지)",033-550-2844,033-550-2961,https://www.taebaek.go.kr/www/contents.do?key=434,0,공설,0,0,0,미설치,미설치,미설치,미설치,미설치
봉안시설,전북특별자치도,전주시 완산구,자임추모공원,"전북특별자치도 전주시 완산구 콩쥐팥쥐로 1705-108 (효자동3가, 대복전)",063-236-2294,null,jaimpark.com,34,사설,99,99,99,미설치,미설치,설치,설치,설치
봉안시설,제주특별자치도,서귀포시,남국선원봉안탑,제주특별자치도 서귀포시 돈내코로 296-127 (상효동),064-733-2278,null,null,0,사설,0,0,0,미설치,미설치,설치,미설치,설치
봉안시설,전라남도,광양시,광양시립영세공원 봉안담,전라남도 광양시 광양읍 직동1길 300 (죽림리),061-762-4449,061-762-4449,null,0,공설,0,0,0,미설치,미설치,미설치,미설치,미설치
봉안시설,경상북도,영천시,영천성당 봉안담,경상북도 영천시 금호읍 원제리 74 천주교 영천성당 봉안담,054-338-3381,054-338-3385,null,15,사설,30,30,1,미설치,미설치,설치,미설치,미설치
봉안시설,서울특별시,관악구,약수사 봉안당,"서울특별시 관악구 약수암1길 28 (신림동, 약수사)",02-877-7514,null,null,0,사설,0,0,0,미설치,미설치,미설치,미설치,미설치
봉안시설,경기도,안산시,(재)안양공원묘원,"경기도 안산시 상록구 오리골길 41 (양상동, 공동묘지관리소)",031-482-2949,null,null,0,사설,0,0,0,미설치,미설치,미설치,미설치,미설치
봉안시설,부산광역시,기장군,부산추모공원 봉안당,"부산광역시 기장군 정관읍 정관로 225 (두명리, 부산추모공원)",051-790-5100,null,https://memorialpark.bisco.or.kr/memorialpark/index.asp,511,공설,15,5,3,미설치,설치,설치,설치,미설치
봉안시설,경기도,안성시,안성시추모공원(봉안담),경기도 안성시 미양면 보촌4길 70 (고지리),031-677-9944,031-677-9966,www.asimc.or.kr/chumo/,155,공설,0,0,0,미설치,미설치,설치,설치,미설치
봉안시설,경기도,이천시,월봉사연화원,경기도 이천시 호법면 덕평로497번길 260 (매곡리),031-638-6796,null,www.wolbongsa.com,20,사설,99,99,99,설치,미설치,설치,설치,미설치
봉안시설,대구광역시,동구,지장선원,"대구광역시 동구 갓바위로 35(진인동, 지장선원)",053-986-0151,null,null,0,사설,0,0,0,미설치,미설치,미설치,미설치,미설치
봉안시설,강원특별자치도,춘천시,(주)광림공원 동산공원묘원(봉안),"강원특별자치도 춘천시 동산면 종자리로 331-50 (군자리, 춘천시공설묘원)",1577-9446,null,www.dongsanpark.co.kr,0,사설,99,99,0,설치,설치,설치,설치,설치
봉안시설,경기도,광주시,(재)자하연분당(봉안),경기도 광주시 오포읍 대명대길 57 (능평리),031-719-2780,null,www.jahayeon.com,200,사설,99,99,99,미설치,미설치,설치,설치,설치
봉안시설,경상남도,창녕군,창녕추모공원,"경상남도 창녕군 창녕읍 탐하로 203 (술정리, 창녕군추모공원)",055-533-2719,null,cfmc.kr/sub.html?code=03_05&Radd=03_05,92,공설,15,15,3,미설치,미설치,설치,미설치,미설치
봉안시설,전라남도,담양군,대덕스카이캐슬 추모관,전라남도 담양군 대덕면 문학리 산 105,061-938-9830,null,ddskycastle.kr,200,사설,45,45,1,미설치,미설치,설치,설치,설치
봉안시설,충청북도,음성군,꽃동네 봉안묘(봉안담),충청북도 음성군 맹동면 원중로 1221 (통동리),043-879-0100,null,null,0,사설,99,99,99,미설치,미설치,설치,설치,미설치
봉안시설,강원특별자치도,홍천군,영원한도움의성모성전 납골당,강원특별자치도 홍천군 남면 물구비길 151 (신대리),null,null,null,0,사설,0,0,0,미설치,미설치,미설치,미설치,미설치
봉안시설,충청남도,보령시,보령시모란공원 봉안묘·담,"충청남도 보령시 성주면 만수로 695-14 (개화리, 모란공원사무실)",041-933-5671,null,www.brsisul.or.kr/kor/sub01_03_01.do,0,공설,0,0,0,미설치,미설치,미설치,미설치,미설치
봉안시설,경상북도,안동시,우각사 봉안당,경상북도 안동시 풍산읍 죽전길 139-75 (죽전리),054-842-3996,null,null,0,사설,0,0,0,미설치,미설치,미설치,미설치,미설치
봉안시설,전북특별자치도,군산시,(재)성산공원 봉안묘,"전북특별자치도 군산시 성산면 왕골로 239-29 (대명리, 성산공원)",063-453-5510,null,null,0,사설,0,0,0,미설치,미설치,미설치,미설치,미설치
봉안시설,경상북도,김천시,김천시립추모공원(봉안당),경상북도 김천시 봉산면 영남대로 431 (신암리),054-421-1616,054-437-1820,https://www.gcfmc.or.kr/gc_memorialpark/page/10014/10008.tc,307,공설,15,2,0,설치,미설치,설치,설치,미설치
봉안시설,경상북도,영천시,대현사 추모관,경상북도 영천시 금호읍 사근달길 137 (대현사 추모관),054-331-1525,054-337-1525,null,50,사설,0,0,0,미설치,미설치,설치,미설치,미설치
봉안시설,경기도,수원시 영통구,수원시연화장 제2추모의집,"경기도 수원시 영통구 광교호수로 278 (하동, 수원시연화장)",031-218-6524,null,https://www.suwonudc.co.kr/suwonyhj/mainPage.do,0,공설,0,0,0,미설치,미설치,미설치,미설치,미설치
봉안시설,경기도,하남시,하남시 마루공원(봉안시설),경기도 하남시 하남대로545번길 22-30 (천현동),031-795-2222,031-795-0987,www.huic.co.kr/www/contents.do?key=103,154,공설,15,15,1,설치,설치,설치,미설치,설치
봉안시설,충청남도,부여군,(재)영호추모공원,충청남도 부여군 세도면 해촌로63번길 43-9 (수고리),041-832-7004,null,null,0,사설,10,99,0,미설치,미설치,미설치,미설치,미설치
봉안시설,충청남도,청양군,청양군추모공원(봉안당),충청남도 청양군 화성면 신수길 142-18 (수정리),041-940-2086,null,https://www.cheongyang.go.kr//kor/sub06_01_11.do,24,공설,30,30,1,미설치,미설치,설치,미설치,미설치
봉안시설,경상남도,거제시,이진암 안양원,경상남도 거제시 일운면 옥녀봉길 48 (옥림리),055-681-3569,null,null,50,사설,99,99,99,미설치,미설치,설치,미설치,미설치
봉안시설,경상북도,영천시,대승불교법왕종 한광사,"경상북도 영천시 신녕면 권응수길 126 (화남리, 한광사)",054-336-3533,null,null,0,사설,0,0,0,미설치,미설치,미설치,미설치,미설치
봉안시설,전북특별자치도,김제시,(재)지평선전북공원묘원(봉안),전북특별자치도 김제시 금구면 선암1길 290 (선암리),063-546-5011,null,blog.naver.com/jb09002,100,사설,10,99,99,미설치,미설치,설치,설치,미설치
봉안시설,경상남도,창원시 성산구,창원시립상복공원 제1봉안당,"경상남도 창원시 성산구 공단로474번길 160 (상복동, 창원시립상복공원)",055-712-0925,null,https://www.cwsisul.or.kr/_sangbok/_sub02/sub02_03_01.html,450,공설,15,15,3,설치,설치,설치,설치,설치
봉안시설,대전광역시,서구,대전추모공원 제3영락원,대전광역시 서구 상보안윗길 160 (괴곡동),042-602-2500,042-602-2500,www.djsiseol.or.kr/portal/sub040203.asp,418,공설,0,0,0,미설치,설치,설치,설치,설치
봉안시설,경기도,의왕시,석예정사,경기도 의왕시 고천동 191-8,031-451-0653,null,null,0,사설,0,0,0,미설치,미설치,설치,설치,설치
봉안시설,경기도,구리시,구리시공설묘지 봉안묘,경기도 구리시 사노동 산175-20,031-550-2955,031-550-2955,null,0,공설,0,0,0,미설치,미설치,미설치,미설치,미설치
봉안시설,인천광역시,부평구,인천가족공원 추모의집,인천광역시 부평구 평온로 61 (부평동),032-456-2320,032-456-2324,www.insiseol.or.kr/life/family,246,공설,10,10,2,설치,설치,설치,설치,설치
봉안시설,서울특별시,서초구,정각사 봉안당,"서울특별시 서초구 과천대로 786 (방배동, 정각사)",02-584-1983,null,https://jeonggaksa.co.kr/,50,사설,99,99,0,미설치,미설치,설치,설치,미설치
봉안시설,충청북도,음성군,생극추모공원,충청북도 음성군 생극면 일생로 497-27 (관성리),080-345-4444,null,www.charnelpark.com,200,사설,0,99,99,설치,설치,설치,설치,설치
봉안시설,경기도,남양주시,화광사 봉안당,"경기도 남양주시 화도읍 경춘로2192번길 107 (월산리, 대한불교화광사)",031-595-0977,null,null,0,사설,0,0,0,미설치,미설치,미설치,미설치,미설치
봉안시설,경상남도,김해시,김해추모의집 제1봉안당,경상남도 김해시 주촌면 서부로1637번길 574 (덕암리),055-337-3946,null,https://www.gimhaememorialpark.or.kr/www/facilities_guide/guide1.html,0,공설,0,0,0,설치,미설치,설치,설치,미설치
봉안시설,전라남도,영광군,영광군 공설추모공원 봉안당,전라남도 영광군 군남면 광암로 174,061-351-9870,061-351-9875,null,0,공설,0,0,0,미설치,미설치,미설치,미설치,미설치
봉안시설,경상남도,의령군,정통불교조계종 총본산 세원사,경상남도 의령군 칠곡면 칠곡로1길 56세원사 (도산리),070-8816-1002,null,null,20,사설,99,99,99,미설치,미설치,설치,미설치,미설치
봉안시설,경상북도,경주시,경주하늘마루봉안당,경상북도 경주시 서면 하늘마루길 330 (도리),054-751-2444,null,www.gyeongju.go.kr/area/page.do?mnu_uid=1291,100,공설,15,15,2,설치,설치,설치,미설치,설치
봉안시설,경기도,화성시,동탄납골추모관,"경기도 화성시 동탄구 동탄기흥로 64-42 (송동, 법왕청)",050-2299-4444,null,null,0,사설,0,0,0,설치,미설치,설치,설치,미설치
봉안시설,세종특별자치시,세종특별자치시,숲속의 부활의집,세종특별자치시 전동면 솔티로 615 (송성리),044-863-8537,null,null,0,사설,0,0,0,미설치,미설치,미설치,미설치,미설치
봉안시설,전라남도,담양군,천주교 광주교구 담양공원묘원,전라남도 담양군 월산면 월광로 512 (광암리),062-227-7124,null,www.gjccp.kr,0,사설,30,30,1,미설치,미설치,설치,설치,미설치
봉안시설,경기도,남양주시,신당동성당 소화묘원(봉안묘),"경기도 남양주시 조안면 다산로 363 (능내리, 천주교신당동교회)",031-576-1461,null,null,0,사설,0,0,0,미설치,미설치,미설치,미설치,미설치
봉안시설,경기도,파주시,파주추모공원 봉안당,경기도 파주시 파주읍 약수골길 67 (연풍리),031-954-1444,null,www.pajupark.com,100,사설,99,0,0,미설치,미설치,설치,설치,설치
봉안시설,경상남도,창원시 마산합포구,창원시립마산영생원,"경상남도 창원시 마산합포구 진동면 공원묘원로 136-106 (인곡리, 영생원)",055-712-0225,null,https://www.cwsisul.or.kr/_masanch/_sub01/sub01_01.html,0,공설,15,15,3,미설치,미설치,설치,설치,미설치
봉안시설,전라남도,담양군,오룡군립묘원(봉안),전라남도 담양군 무정면 오룡리 산29,061-380-3384,null,null,50,공설,15,15,3,미설치,미설치,설치,설치,미설치
봉안시설,대구광역시,달성군,대한불교조계종 광덕사,"대구광역시 달성군 가창면 헐티로 1190 (용계리, 광덕사)",053-763-0068,053-767-2266,null,0,사설,0,0,0,미설치,미설치,미설치,미설치,미설치
봉안시설,경기도,고양시 덕양구,벽제중앙추모공원,경기도 고양시 덕양구 통일로414번길 196 (대자동),031-964-7799,null,www.bjcmp.co.kr,50,사설,99,99,99,미설치,미설치,설치,미설치,설치
봉안시설,경기도,가평군,상락향 봉안탑,"경기도 가평군 청평면 남이터길 65 (대성리, 상락향수도원)",031-584-0657,null,null,30,사설,20,0,0,미설치,미설치,설치,미설치,미설치
봉안시설,충청남도,계룡시,재단법인 아너스홈,"충청남도 계룡시 두마면 제1산단로 132, 재단법인 아너스홈",042-585-0536,null,null,100,사설,0,0,0,미설치,미설치,설치,미설치,미설치
봉안시설,경기도,양평군,새하늘공원,경기도 양평군 지평면 고재길 90 (곡수리),031-775-9544,null,null,0,사설,0,0,0,미설치,미설치,설치,설치,설치
봉안시설,경상남도,양산시,양산 석굴암 극락전 추모관,"경상남도 양산시 호계길 96-71 (호계동, 석굴암)",055-388-0317,055-381-3221,null,20,사설,99,99,99,미설치,미설치,설치,미설치,미설치
봉안시설,충청북도,음성군,(재)대지공원묘원 봉안당,충청북도 음성군 생극면 오신로 504-63 (신양리),043-878-3854,null,https://dmonster1355.cafe24.com/,0,사설,0,0,0,미설치,미설치,설치,미설치,미설치
봉안시설,인천광역시,강화군,강화파라다이스 강화지점,인천광역시 강화군 송해면 강화대로 879-16 (하도리),1599-9442,null,www.prds.kr,300,사설,99,99,99,미설치,설치,설치,설치,설치
봉안시설,충청남도,계룡시,계룡시 정명각,충청남도 계룡시 두마면 제1산단로 132 (입암리),042-840-2271,null,null,0,공설,30,30,1,미설치,미설치,미설치,설치,미설치
봉안시설,경기도,포천시,금호동성당 천보묘원(봉안),경기도 포천시 화합로 116 (동교동),031-541-0098,null,kumho1.enk.co.kr,700,사설,99,0,0,설치,미설치,설치,미설치,미설치
봉안시설,인천광역시,서구,송월교회 봉안묘·탑,인천광역시 서구 마전동 산72-1,032-765-7851,null,null,0,사설,0,0,0,미설치,미설치,미설치,미설치,미설치
봉안시설,충청남도,천안시 서북구,천안노블랜드하늘공원 봉안당,충청남도 천안시 서북구 입장면 시장리2길 77 (시장리),041-587-2100,041-587-2103,www.nobleland.or.kr,0,사설,0,0,0,미설치,미설치,미설치,미설치,미설치
봉안시설,경상남도,남해군,남해추모누리 안락원 봉안담,"경상남도 남해군 서면 연죽로 46-77 (연죽리, 남해공설종합묘원추모누리)",055-860-3681,055-860-3681,null,0,공설,0,0,0,미설치,미설치,미설치,미설치,미설치
봉안시설,경기도,평택시,약천추모공원,경기도 평택시 도일로 164-118 (도일동),031-1811-8093,null,www.약천추모관.net,100,사설,15,99,99,설치,설치,설치,설치,설치
봉안시설,경상남도,밀양시,(재)밀양추모공원묘원,경상남도 밀양시 무안면 창밀로 2890-150 (운정리),070-8230-1009,null,null,50,사설,99,99,99,설치,설치,설치,설치,설치
봉안시설,경기도,용인시 처인구,약천사,"경기도 용인시 처인구 양지면 양지로63번길 9-18 (양지리, 약천사)",031-338-3362,null,null,30,사설,99,99,99,미설치,미설치,설치,설치,미설치
봉안시설,전북특별자치도,전주시 완산구,전주효자공원봉안당,"전북특별자치도 전주시 완산구 콩쥐팥쥐로 1705-138 (효자동3가, 전주승화원)",063-239-2690,null,https://www.jjss.or.kr/index.9is?contentUid=ff8080816c5f9de6016cb28f27280028,10,공설,15,15,1,설치,설치,설치,설치,설치
봉안시설,전라남도,담양군,관음사추모관,전라남도 담양군 담양읍 깊은실길 35 (학동리),061-383-6697,null,불교납골당.km114.kr,30,사설,0,0,0,미설치,미설치,설치,설치,미설치
봉안시설,서울특별시,강동구,강동구추모의집,충청북도 음성군 금왕읍 덕금로 936-61 (용계리),043-881-4700,null,www.yeaeunpark.com/,0,공설,15,30,3,미설치,미설치,설치,설치,미설치
봉안시설,전라남도,여수시,용월사사찰회 봉안당,전라남도 여수시 돌산읍 월전길 129-60 (우두리),061-644-2790,null,null,0,사설,0,0,0,미설치,미설치,미설치,미설치,미설치
봉안시설,충청남도,공주시,공주나래원 봉안당,"충청남도 공주시 이인면 삼배실길 70 (운암리, 나래원)",041-840-8980,null,https://www.gongju.go.kr/naraewon/index.do,297,공설,0,0,0,설치,설치,설치,설치,설치
봉안시설,서울특별시,서울특별시,서울시립승화원 추모의집,경기도 고양시 덕양구 통일로 504 (대자동),031-960-0236,031-964-8772,https://www.sisul.or.kr/open_content/memorial/,154,공설,15,5,3,설치,설치,설치,설치,설치
봉안시설,경기도,김포시,양택공원묘지 봉안묘,경기도 김포시 하성면 양택리 109-6,031-980-2215,null,null,0,공설,0,0,0,미설치,미설치,미설치,미설치,미설치
봉안시설,전라남도,해남군,남도광역추모공원 동백당,전라남도 해남군 황산면 호교길 241-250 (일신리),061-530-5141,061-530-5582,null,189,공설,15,15,2,설치,설치,설치,설치,설치
봉안시설,충청북도,충주시,봉은사 봉안당,"충청북도 충주시 소태면 주치길 135-45 (오량리, 봉은사)",043-854-8120,null,www.bongeun.co.kr/,30,사설,0,0,0,미설치,미설치,설치,미설치,미설치
봉안시설,경기도,파주시,검단사 봉안당,"경기도 파주시 탄현면 필승로 292-33 (성동리, 검단사)",031-949-8729,null,null,0,사설,0,0,0,미설치,미설치,미설치,미설치,미설치
봉안시설,경기도,가평군,청량교회 청량동산,경기도 가평군 청평면 양진길 104 (고성리),02-968-1162,02-960-2262,null,10,사설,99,99,99,미설치,미설치,설치,설치,미설치
봉안시설,제주특별자치도,제주시,천주교 황사평 봉안묘,제주특별자치도 제주시 기와5길 117-22 (화북이동),064-751-0145,null,null,0,사설,0,0,0,미설치,미설치,설치,미설치,미설치
봉안시설,인천광역시,강화군,내리 무연고 봉안묘,인천광역시 강화군 화도면 내리 산18,032-930-3114,null,null,0,공설,0,0,0,미설치,미설치,미설치,미설치,미설치
봉안시설,강원특별자치도,속초시,속초시 제2추모의집,강원특별자치도 속초시 이목로 196 (노학동),033-635-7023,033-635-5023,null,0,공설,0,0,0,미설치,미설치,미설치,미설치,미설치
봉안시설,경상북도,울릉군,울릉하늘섬공원,경상북도 울릉군 서면 태하령길 314 (남서리),054-791-1888,null,null,0,공설,0,0,0,설치,설치,설치,설치,미설치
봉안시설,경기도,용인시 기흥구,(재)용인추모원,"경기도 용인시 기흥구 중부대로 972 (상하동, 재단법인용인추모원)",031-283-1601,null,www.yich.co.kr,100,사설,99,99,99,미설치,설치,설치,설치,설치
봉안시설,경기도,의왕시,성 라자로마을,"경기도 의왕시 원골로 66 (오전동, 성라자로마)",031-452-5655,null,null,0,사설,0,0,0,미설치,미설치,미설치,미설치,미설치
봉안시설,전라남도,완도군,대한불교조계종 신흥사,"전라남도 완도군 완도읍 청해진남로 101-1 (군내리, 신흥사)",061-554-2634,null,www.sinheungsa.net,20,사설,0,0,0,미설치,미설치,설치,미설치,미설치
봉안시설,충청북도,청주시 서원구,대한불교정음사원,"충청북도 청주시 서원구 3순환로644번길 33 (죽림동, 대한불교정음사원)",043-233-0924,null,www.kgf21.co.kr,50,사설,99,99,0,설치,미설치,설치,설치,미설치
봉안시설,경상남도,창원시 마산합포구,만월사,경상남도 창원시 마산합포구 구산면 수정2길 53-400 (수정리),055-221-6327,null,null,30,사설,99,99,99,미설치,미설치,설치,설치,미설치
봉안시설,전라남도,장성군,안양사푸른공원,전라남도 장성군 삼계면 용매골길 79 (화산리),061-394-9999,null,null,0,사설,0,0,0,미설치,미설치,미설치,설치,미설치
봉안시설,전라남도,목포시,목포추모공원 추모의집,전라남도 목포시 고하대로 1140-41 (대양동),061-270-8723,null,http://www.mokpopark.com/,50,공설,99,15,1,미설치,미설치,설치,설치,미설치
봉안시설,인천광역시,미추홀구,석암산수도사 봉안당,"인천광역시 미추홀구 구월로8번길 36-7 (주안동, 수도사)",032-422-1479,null,null,0,사설,0,0,0,미설치,미설치,미설치,미설치,미설치
봉안시설,경기도,남양주시,모란공원(봉안),경기도 남양주시 화도읍 경춘로2110번길 8-102 (월산리),031-594-6362,null,null,0,사설,10,0,0,미설치,미설치,미설치,미설치,미설치
봉안시설,전북특별자치도,익산시,영모묘원 대원전,"전북특별자치도 익산시 왕궁면 호반로 173-45 (동봉리, 영모묘원납골당)",063-836-4311,null,null,1000,사설,30,0,0,설치,미설치,설치,설치,설치
봉안시설,경기도,용인시,용인평온의숲(평온마루 봉안묘·담),"경기도 용인시 처인구 이동읍 평온의숲로 77 (어비리, 용인평온의숲)",031-329-5900,null,https://www.tranquil-forest.or.kr/main_new/m02/2/,0,공설,0,0,0,미설치,미설치,미설치,미설치,미설치
봉안시설,충청남도,서천군,서천군영명각 목련관,충청남도 서천군 판교면 심동리 산 73-1번지,041-950-4347,null,null,50,공설,10,10,5,미설치,미설치,설치,설치,미설치
봉안시설,전북특별자치도,남원시,남원시승화당,전북특별자치도 남원시 솔터길 40-36 (광치동),063-632-5874,null,null,0,공설,0,0,0,미설치,미설치,설치,설치,미설치
봉안시설,서울특별시,구로구,천주교회 구로3동 성당 봉안당,"서울특별시 구로구 디지털로27길 82 (구로동, 구로3동천주교회)",02-857-8541,null,null,0,사설,0,0,0,미설치,미설치,미설치,미설치,미설치
봉안시설,경기도,고양시 일산동구,(주)청아공원,"경기도 고양시 일산동구 은마길 129 (설문동, 청아공원)",031-977-9911,null,chungahpark.co.kr,2000,사설,99,99,99,설치,설치,설치,설치,설치
봉안시설,경기도,고양시 덕양구,유일추모공원,경기도 고양시 덕양구 통일로 582 (대자동),031-962-4144,null,youilpark.com,40,사설,99,0,0,미설치,설치,설치,설치,미설치
봉안시설,경기도,가평군,서강대학교 봉안묘,"경기도 가평군 상면 청군로 1428-92 (원흥리, 서강대학교철우인성교육원)",031-585-3179,null,null,0,사설,0,0,0,미설치,미설치,미설치,미설치,미설치
봉안시설,충청북도,제천시,청풍추모공원,충청북도 제천시 금성면 신담길 46 (월굴리),043-644-4441,null,www.BlueWindPark.com,150,사설,99,99,99,미설치,미설치,설치,설치,설치
봉안시설,경상북도,문경시,쌍용사 봉안탑,"경상북도 문경시 농암면 칠봉로 755 (율수리, 쌍용사)",054-541-6753,null,null,100,사설,99,99,99,미설치,미설치,설치,설치,미설치
봉안시설,강원특별자치도,정선군,정선하늘원 봉안묘,"강원특별자치도 정선군 여량면 서동로 3867-26 (남곡리, 정선하늘공원)",033-560-3437,033-560-3437,null,0,공설,0,0,0,미설치,미설치,미설치,미설치,미설치
봉안시설,강원특별자치도,강릉시,청솔공원 봉안묘,강원특별자치도 강릉시 사천면 석교리 산162,033-660-3857,null,null,0,공설,0,0,0,미설치,미설치,설치,미설치,미설치
봉안시설,강원특별자치도,삼척시,삼척시추모공원 봉안당,"강원특별자치도 삼척시 강원남부로 4541 (등봉동, 삼척시공원묘지)",033-574-7912,null,www.samcheok.go.kr/memorial,50,공설,30,30,1,설치,미설치,설치,미설치,설치
봉안시설,충청북도,음성군,미타사 봉안당,충청북도 음성군 소이면 소이로61번길 164 (비산리),043-873-0330,null,null,0,사설,0,0,0,미설치,미설치,미설치,미설치,미설치
봉안시설,광주광역시,광주광역시,광주영락공원 봉안묘·담,광주광역시 북구 효령동 100-2,062-572-4384,062-572-1702,https://www.cyberyoungrak.or.kr/cms/bbs/dk_content.php?ht_id=cyber_02_2,0,공설,0,0,0,미설치,미설치,미설치,미설치,미설치
봉안시설,경기도,파주시,재단법인 통일로추모공원,"경기도 파주시 조리읍 명봉산로114번길 84 (장곡리, 통일로추모공원)",031-943-3501,031-944-6316,www.tongilro-park.co.kr,100,사설,99,99,99,미설치,설치,설치,설치,설치
봉안시설,충청남도,당진시,대호지공설묘지 어성정,"충청남도 당진시 대호지면 봉선길 123 (장정리, 어성정공동묘지)",041-353-3044,null,https://www.dangjin.go.kr/bokji/sub04_05_03.do,0,공설,0,0,0,미설치,미설치,미설치,미설치,미설치
봉안시설,제주특별자치도,서귀포시,대정읍봉안당(만장),제주특별자치도 서귀포시 대정읍 일주서로2498번길 133-45 (보성리),064-760-4031,null,https://www.jeju.go.kr/wel/burial/sirBurial.htm,0,공설,0,0,0,미설치,미설치,미설치,미설치,미설치
봉안시설,제주특별자치도,서귀포시,성산읍공설봉안당,제주특별자치도 서귀포시 성산읍 금백조로 548 (수산리),064-760-4234,null,https://www.seogwipo.go.kr/local/seongsan/intro/public.htm,30,공설,15,15,3,설치,미설치,설치,설치,미설치
봉안시설,경상북도,성주군,(재)남양공원묘원 추모관,경상북도 성주군 선남면 관용로 401-41 (오도리),054-932-4444,null,null,0,사설,0,0,0,미설치,미설치,미설치,미설치,미설치
봉안시설,경기도,고양시 덕양구,연화추모공원,경기도 고양시 덕양구 성령길 2-1 (대자동),031-963-1141,null,www.yeonhwapark.co.kr,0,사설,0,0,0,미설치,미설치,미설치,미설치,미설치
봉안시설,전라남도,나주시,지장사 봉안당,전라남도 나주시 왕곡면 신포내동길 14-29 (신포리),null,null,null,0,사설,0,0,0,미설치,미설치,미설치,미설치,미설치
봉안시설,충청남도,홍성군,홍성추모공원봉안당,충남 홍성군 금마면 금마로516번길 85,041-633-7780,null,choomo.hongseong.go.kr,0,공설,0,0,0,설치,설치,설치,설치,미설치
봉안시설,강원특별자치도,횡성군,횡성군공설추모공원 추모관,강원특별자치도 횡성군 갑천면 태기로구방8길 132 (구방리),033-340-2904,033-340-2552,null,40,공설,15,60,3,미설치,미설치,설치,설치,미설치
봉안시설,경기도,양평군,예진추모관,"경기도 양평군 양서면 건지미길 75 (양수리, 노적사)",031-771-9004,null,www.가연추모관.com,30,사설,1,0,1,미설치,미설치,설치,설치,미설치
봉안시설,경기도,가평군,가평군공설봉안묘,경기도 가평군 북면 이곡리 산7,031-580-4264,null,null,0,공설,0,0,0,미설치,미설치,미설치,미설치,미설치
봉안시설,경기도,용인시 처인구,전통사찰95호 동도사,"경기도 용인시 처인구 이동읍 어진로 842, 동도사 (어비리)",031-333-7417,null,null,10,사설,99,99,99,미설치,미설치,설치,설치,미설치
봉안시설,경기도,남양주시,봉선사 봉안당,"경기도 남양주시 진접읍 봉선사길 30 (부평리, 봉선사)",031-527-1951,null,www.bongsunsa.net,200,사설,30,99,99,설치,설치,설치,설치,미설치
봉안시설,강원특별자치도,평창군,평창군 공설봉안당,"강원특별자치도 평창군 방림면 서동로 1741-36 (방림리, 평창공원묘지)",033-339-9026,null,www.pcfmc.or.kr/facilities04,120,공설,30,30,1,설치,미설치,설치,미설치,미설치
봉안시설,경상북도,포항시 북구,천주교 대구교구 죽도성당,경상북도 포항시 북구 죽도로 20 (죽도동),054-273-3441,null,null,0,사설,0,0,0,미설치,미설치,미설치,미설치,미설치
봉안시설,경상남도,밀양시,대한불교조계종 천탑사(봉안당),경상남도 밀양시 삼랑진읍 화성길 13-47 (미전리),055-351-4440,null,www.greenpiapark.co.kr,60,사설,60,0,0,미설치,미설치,설치,설치,미설치
봉안시설,경상남도,통영시,안정사 납골당,경상남도 통영시 광도면 안정1길 363 (안정리),055-649-7175,null,null,0,사설,0,0,0,미설치,미설치,미설치,미설치,미설치
봉안시설,경상남도,양산시,천주교하늘공원 봉안당,"경상남도 양산시 상북면 공원로3길 19 (상삼리, 추모관)",055-374-8733,null,www.catholicbusan.or.kr/index.php?mid=hanul_main,0,사설,30,30,1,미설치,미설치,설치,미설치,미설치
봉안시설,강원특별자치도,화천군,화천공원묘원 봉안당,강원특별자치도 화천군 하남면 원천리 9-13,033-440-4556,null,null,0,공설,0,0,0,미설치,미설치,설치,미설치,미설치
봉안시설,경기도,화성시,화성함백산추모공원 봉안담,경기도 화성시 효행구 매송면 서해로 2448-32 (숙곡리),031-240-9200,031-240-9277,null,0,공설,0,0,0,미설치,미설치,미설치,미설치,미설치
봉안시설,경기도,광주시,(재)한남공원묘원(봉안),경기도 광주시 매자리길 185-22 (매산동),031-766-4278,null,null,0,사설,0,0,0,미설치,미설치,설치,설치,미설치
봉안시설,전북특별자치도,남원시,태고종관음사 봉안당,"전북특별자치도 남원시 보절면 관음사길 82 (서치리, 관음사)",063-634-4705,null,null,0,사설,0,0,0,미설치,미설치,미설치,미설치,미설치
봉안시설,전북특별자치도,군산시,(재)봉황공원묘지 봉안묘,전북특별자치도 군산시 임피면 미원리 산100-1,063-453-5533,null,null,0,사설,0,0,0,미설치,미설치,미설치,미설치,미설치
봉안시설,강원특별자치도,영월군,혜운사 봉안탑,강원특별자치도 영월군 무릉도원면 두산길 665-26 (두산리),null,null,null,0,사설,0,0,0,미설치,미설치,미설치,미설치,미설치
봉안시설,경기도,안성시,천주교안성추모공원(봉안),경기도 안성시 보개면 보삼로 319-34 (북가현리),031-672-4276,031-673-9902,www.ampark.co.kr/index.php,0,사설,0,0,0,설치,설치,설치,미설치,미설치
봉안시설,제주특별자치도,제주시,조천읍 공설봉안묘(만장),제주특별자치도 제주시 조천읍 선흘리 4117,064-728-7832,null,null,0,공설,0,0,0,미설치,미설치,미설치,미설치,미설치
봉안시설,전북특별자치도,익산시,익산시 추모의집 제3관,"전북특별자치도 익산시 무왕로 1471-63 (석왕동, 익산공원묘지)",063-859-3847,null,null,0,공설,0,0,0,미설치,미설치,미설치,미설치,미설치
봉안시설,강원특별자치도,고성군,고성군추모의집,"강원특별자치도 고성군 죽왕면 공설묘원길 47 (가진리, 추모의집)",033-682-4448,033-680-3168,null,0,공설,0,0,0,미설치,미설치,설치,설치,미설치
봉안시설,충청북도,충주시,석종사,"충청북도 충주시 직동길 271-56 (직동, 석종사)",043-854-4505,null,null,50,사설,99,99,99,설치,미설치,설치,미설치,미설치
봉안시설,충청남도,논산시,논산시양지추모원,충청남도 논산시 양촌면 중산길 165-11 (중산리),041-746-5338,null,www.nonsan.go.kr/kor/html/sub05/05020406.html,50,공설,10,10,3,미설치,미설치,설치,설치,미설치
봉안시설,강원특별자치도,양구군,양구봉안공원 봉안담,강원특별자치도 양구군 양구읍 금강산로 518-40 (하리),033-480-2577,033-480-2577,null,0,공설,0,0,0,미설치,미설치,미설치,미설치,미설치
봉안시설,인천광역시,부평구,인천가족공원 평온당,인천광역시 부평구 평온로 61 (부평동),032-456-2320,032-456-2324,www.insiseol.or.kr/life/family,45,공설,30,10,2,설치,설치,설치,설치,설치
봉안시설,경상북도,성주군,삼광사추모공원 봉안당,"경상북도 성주군 월항면 지산로 208 (지방리, 삼광사)",054-971-5669,null,samgwangsa.co.kr,200,사설,70,0,0,설치,미설치,설치,미설치,미설치
봉안시설,경상북도,청도군,동국사 영가추모관,경상북도 청도군 각남면 옥산길 248-283 (옥산리),054-373-0072,null,null,0,사설,0,0,0,미설치,미설치,미설치,미설치,미설치
봉안시설,광주광역시,북구,새로나추모관,"광주광역시 북구 동운로52번길 118 (동림동, (재)새로나추모관)",062-531-4444,null,www.saerona-mp.com,55,사설,0,0,0,미설치,미설치,설치,설치,미설치
봉안시설,경기도,이천시,용학사 봉안당,"경기도 이천시 모가면 진상미로1067번길 271 (송곡리, 용학사)",031-632-4885,031-633-4252,yonghaksa.com,0,사설,99,99,0,미설치,미설치,미설치,미설치,미설치
봉안시설,광주광역시,동구,문빈정사 봉안당,"광주광역시 동구 증심사길 81 (운림동, 문빈정사)",062-228-0108,null,null,0,사설,0,0,0,미설치,미설치,미설치,미설치,미설치
봉안시설,강원특별자치도,홍천군,홍천군공설묘원 봉안묘·담,강원특별자치도 홍천군 홍천읍 느리울길 141-22 (하오안리),033-430-2106,null,https://www.law.go.kr/자치법규/홍천군장사시설설치및운영조례/,0,공설,0,0,0,미설치,미설치,미설치,미설치,미설치
봉안시설,전북특별자치도,완주군,(재)호정공원(봉안),전북특별자치도 완주군 화산면 운곡로 381-64 (운곡리),063-214-1009,null,www.hjcloud9.com/,480,사설,99,99,99,미설치,미설치,설치,설치,설치
봉안시설,경기도,여주시,여주추모공원 봉안담,경기도 여주시 가남읍 여주남로 769 (본두리),031-880-4061,031-887-2476,https://yeojuuc.or.kr/sub1/memorial/park.do,137,공설,15,15,2,미설치,설치,설치,미설치,미설치
봉안시설,인천광역시,부평구,인천가족공원 가족봉안담,"인천광역시 부평구 평온로 61 (부평동, 관리사무소및홍보관)",032-456-2320,null,https://www.insiseol.or.kr/life/family/facility/cinerary.jsp,0,공설,0,0,0,미설치,미설치,미설치,미설치,미설치
봉안시설,제주특별자치도,제주시,양지공원 제3추모의집,"제주특별자치도 제주시 516로 2810-31 (영평동, 양지공원)",064-710-6622,null,www.jeju.go.kr/wel/burial/facInfo/yangji/facInfo.htm,0,공설,0,0,0,미설치,미설치,미설치,미설치,미설치
봉안시설,경상북도,경주시,보은사납골당,경상북도 경주시 건천읍 단석로 1803-86 (송선리),054-751-9667,null,null,0,사설,0,0,0,미설치,미설치,미설치,미설치,미설치
봉안시설,인천광역시,부평구,인천가족공원 별빛당,인천광역시 부평구 평온로 61 (부평동),032-456-8950,null,www.insiseol.or.kr/life/family,0,공설,30,0,0,설치,설치,설치,설치,설치
봉안시설,충청북도,증평군,증평군 추모의집,"충청북도 음성군 금왕읍 덕금로 936-61, 예은추모공원 내 (용계리)",043-835-4813,null,https://jp.go.kr/kor/sub05_01_07_03.do,0,공설,15,15,0,미설치,미설치,미설치,설치,미설치
봉안시설,전북특별자치도,무주군,무주추모의집(봉안),"전북특별자치도 무주군 무주읍 괴목로 1359-72 (당산리, 무주추모의집)",063-322-2302,null,null,0,공설,15,10,4,미설치,미설치,설치,미설치,미설치
봉안시설,경기도,김포시,금강사추모공원(봉안당),경기도 김포시 하성면 가금리 284-1,031-984-6544,031-984-6545,null,0,사설,99,99,99,설치,미설치,설치,설치,설치
봉안시설,경상북도,울진군,울진군립추모원(봉안시설),경상북도 울진군 울진읍 대흥신림로 1046-261 (신림리),054-789-6109,054-789-3640,null,85,공설,30,30,1,미설치,미설치,미설치,미설치,미설치
봉안시설,서울특별시,동작구,달마사봉안당,"서울특별시 동작구 서달로 50-26 (흑석동, 달마사)",02-822-8771,null,www.dalmasa.org,30,사설,99,99,99,설치,미설치,설치,설치,미설치
봉안시설,경기도,가평군,설악그리쉼추모관,경기도 가평군 설악면 다락재로118번길 316 (회곡리),02-414-2311,null,www.hvbc.kr,30,사설,99,99,0,미설치,미설치,설치,미설치,미설치
봉안시설,경상남도,통영시,용봉사 납골당,경상남도 통영시 광도면 향교옆길 71-26 (죽림리),055-649-5959,null,null,0,사설,0,0,0,미설치,미설치,미설치,미설치,미설치
봉안시설,서울특별시,서대문구,한국불교태고종 백련사봉안당,"서울특별시 서대문구 백련사길 170-72 (홍은동, 백련사)",02-302-0288,null,null,20,사설,99,99,99,미설치,미설치,설치,미설치,미설치
봉안시설,경기도,안성시,하늘문 봉안당,"경기도 안성시 양성면 미리내성지로 386-27 (미산리, 미리내실버타운)",031-671-0500,null,null,0,사설,0,0,0,미설치,미설치,미설치,미설치,미설치
봉안시설,강원특별자치도,정선군,정선하늘원,"강원특별자치도 정선군 여량면 서동로 3867-26 (남곡리, 정선하늘공원)",033-560-3437,null,www.jsimc.or.kr/layout/basic/page/page2/page07.html,25,공설,15,15,3,설치,미설치,설치,설치,설치
봉안시설,강원특별자치도,인제군,하늘내린 휴공원(부부단),강원특별자치도 인제군 남면 자작나무숲길 444-62 (남전리),033-460-2056,null,https://www.inje.go.kr/portal/field-info/welfare,0,공설,15,15,2,설치,설치,설치,설치,미설치
봉안시설,인천광역시,부평구,인천가족공원 봉안담,인천광역시 부평구 평온로 61 (부평동),032-456-2320,032-456-2324,www.insiseol.or.kr/life/family,0,공설,10,10,2,설치,설치,설치,설치,설치
봉안시설,경기도,이천시,(재)한국SGI이천평화공원,경기도 이천시 마장면 서이천로528번길 115 (목리),031-638-0871,null,null,200,사설,30,30,99,미설치,미설치,설치,설치,설치
봉안시설,제주특별자치도,제주시,애월읍 공설봉안묘(만장),제주특별자치도 제주시 애월읍 고성리 산103,064-728-8821,null,null,0,공설,0,0,0,미설치,미설치,미설치,미설치,미설치
봉안시설,충청북도,단양군,한결재단법인 하늘정원,충청북도 단양군 영춘면 사지원리 445-6,041-545-0601,null,null,0,사설,0,0,0,미설치,미설치,미설치,미설치,미설치
봉안시설,경기도,광주시,삼성개발공원묘원(봉안),경기도 광주시 오포로 211-50 (능평동),031-766-4260,031-767-2483,www.elysium.co.kr,40,사설,99,99,99,미설치,미설치,설치,미설치,미설치
봉안시설,경상남도,창원시 의창구,창원무량사 납골당,경상남도 창원시 의창구 북면 무릉산길 126 (무곡리),055-253-1808,null,null,0,사설,0,0,0,미설치,미설치,미설치,미설치,미설치
봉안시설,전라남도,여수시,(재)예다원,전라남도 여수시 소라면 운암길 6 (봉두리),061-665-1004,null,www.예다원.kr,50,사설,99,99,0,미설치,설치,설치,미설치,미설치
봉안시설,경상남도,창원시 의창구,용주사 봉안당,경상남도 창원시 의창구 동읍 의창대로491번길 176 (용강리),055-251-7542,null,null,0,사설,0,0,0,미설치,미설치,미설치,미설치,미설치
봉안시설,경상북도,영주시,천태사추모공원,경상북도 영주시 순흥면 태장로 179-27 (태장리),054-635-2909,null,null,0,사설,0,0,0,미설치,미설치,미설치,미설치,미설치
봉안시설,강원특별자치도,영월군,물미묘원 봉안당,강원특별자치도 영월군 주천면 솔치로 240-120 (신일리),033-374-4444,033-374-4445,null,0,공설,0,0,0,미설치,미설치,미설치,미설치,미설치
봉안시설,경상남도,창원시 진해구,천자봉공원묘원 봉안묘,"경상남도 창원시 진해구 진해대로 1426-48 (서중동, 천자봉공원묘원관리사무실)",055-545-8200,null,null,0,사설,0,0,0,미설치,미설치,미설치,미설치,미설치
봉안시설,충청남도,홍성군,(재)유명추모공원,충청남도 홍성군 금마면 금마로516번길 64-22 (봉서리),041-631-9971,null,www.hyuon.com,50,사설,99,99,99,미설치,미설치,설치,미설치,설치
봉안시설,경기도,여주시,청운사 봉안당,"경기도 여주시 흥천면 부흥로 698 (귀백리, 청운사)",031-881-3371,null,null,100,사설,99,99,0,설치,미설치,설치,설치,미설치
봉안시설,제주특별자치도,제주시,한라산 옥불사 봉안탑,제주특별자치도 제주시 애월읍 평화로 2016 (소길리),064-799-1783,null,null,0,사설,0,0,0,미설치,미설치,미설치,미설치,미설치
봉안시설,경상남도,의령군,(재)동산공원묘원 봉안당,경상남도 의령군 부림면 함의로 2180-269 (경산리),055-574-8181,null,null,0,사설,0,0,0,설치,미설치,설치,미설치,미설치
봉안시설,경상북도,성주군,(재)우성공원 영남납골당(무연고),"경상북도 성주군 선남면 관용로 470-54 (용신리, 우성공원사무소)",054-933-4774,null,null,0,사설,0,0,0,미설치,미설치,미설치,미설치,미설치
봉안시설,경상북도,영주시,고경사추모공원,경상북도 영주시 평은면 녹지로 216 (지곡리),054-637-8885,null,null,0,사설,0,0,0,미설치,미설치,미설치,미설치,미설치
봉안시설,충청북도,제천시,제천시영원한쉼터봉안당,충청북도 제천시 송학면 포전리 373번지 외,null,null,www.okjc.net/welfare/contents.do?key=771,150,공설,15,15,3,미설치,설치,설치,설치,설치
봉안시설,경상남도,진주시,영광사불지원,"경상남도 진주시 명석면 진주대로 1764-31 (우수리, 영광사)",055-742-3470,null,null,0,사설,0,0,0,미설치,미설치,미설치,미설치,미설치
봉안시설,강원특별자치도,원주시,관음사 추모관,"강원특별자치도 원주시 행구로 533-3 (행구동, 관음사)",033-747-1311,null,null,0,사설,0,0,0,미설치,미설치,미설치,미설치,미설치
봉안시설,경기도,성남시 분당구,(재)분당메모리얼파크,경기도 성남시 분당구 새나리로 79 (야탑동),031-704-6508,031-702-5736,www.bmpark.co.kr,15000,사설,0,0,0,미설치,미설치,설치,미설치,미설치
봉안시설,충청남도,공주시,성공사 지장전,충청남도 공주시 우성면 성곡길 347-30 (방문리),041-853-3355,null,null,0,사설,0,0,0,미설치,미설치,미설치,미설치,미설치
봉안시설,경기도,의왕시,오봉산추모공원 봉안담,경기도 의왕시 고천동 191-6,031-452-4814,null,null,0,사설,0,0,0,미설치,미설치,미설치,미설치,미설치
봉안시설,충청북도,제천시,(재)천주교원주교구 배론성지,충청북도 제천시 봉양읍 배론성지길 296 (구학리),043-651-4527,null,www.baeron.or.kr/,300,사설,2005,30,1,미설치,미설치,설치,미설치,미설치
봉안시설,강원특별자치도,양양군,양양군공설묘원 봉안당,강원특별자치도 양양군 양양읍 남대천로 251-123 (월리),033-670-2341,null,null,0,공설,0,0,0,미설치,미설치,설치,설치,미설치
봉안시설,경기도,고양시 일산동구,재단법인 일산장안추모공원,경기도 고양시 일산동구 백마로502번길 64-13 (풍동),031-903-6650,null,www.janganpark.co.kr,120,사설,99,0,0,설치,미설치,설치,설치,설치
봉안시설,부산광역시,기장군,은진사 봉안당,"부산광역시 기장군 장안읍 고무로 271-47 (길천리, 은진사)",051-727-7668,null,null,0,사설,0,0,0,미설치,미설치,미설치,미설치,미설치
봉안시설,충청남도,보령시,보령시마을단위공원묘지 봉안묘,충청남도 보령시 웅천읍 수부리 산33-1,041-930-4503,041-930-4503,null,0,공설,0,0,0,미설치,미설치,미설치,미설치,미설치
봉안시설,경상북도,울진군,우리추모공원 봉안탑,"경상북도 울진군 기성면 기성로 912-24 (사동리, 영명사)",054-788-9790,null,null,0,사설,0,0,0,미설치,미설치,미설치,미설치,미설치
봉안시설,경기도,용인시,용인평온의숲(평온마루 봉안당),"경기도 용인시 처인구 이동면 평온의숲로 77 (어비리, 용인평온의숲)",031-329-5900,null,https://www.tranquil-forest.or.kr/main_new/m02/2/,611,공설,15,5,3,설치,설치,설치,설치,미설치
봉안시설,강원특별자치도,강릉시,청솔공원 영생의집,"강원특별자치도 강릉시 사천면 청솔공원길 334 (석교리, 청솔공원관리사무소)",033-660-3857,null,https://www.gn.go.kr/www/contents.do?key=1168,100,공설,15,15,99,미설치,미설치,설치,설치,미설치
봉안시설,경기도,용인시 처인구,(재)용인공원(아너스톤),"경기도 용인시 처인구 모현읍 새래로 158-33 (초부리, 용인공원묘지)",031-334-3484,null,www.yongin-park.com,2000,사설,5,99,0,설치,설치,설치,설치,미설치
봉안시설,경기도,김포시,개운사 봉안당,경기도 김포시 월곶면 평화공원로 54-40 (개곡리),031-989-7687,null,null,0,사설,0,0,0,미설치,미설치,미설치,미설치,미설치
봉안시설,충청남도,천안시 서북구,천안노블랜드하늘공원 봉안담,충청남도 천안시 서북구 입장면 시장리2길 77 (시장리),041-587-2100,041-587-2103,null,0,사설,0,0,0,미설치,미설치,미설치,미설치,미설치
봉안시설,대구광역시,남구,극락사추모공원,"대구광역시 남구 명덕로54길 31 (이천동, 서봉극락암)",053-473-2002,null,null,0,사설,0,0,0,미설치,미설치,설치,설치,미설치
봉안시설,충청남도,공주시,정안수목장 봉안당,충청남도 공주시 정안면 차령고개로 17-55 (사현리),1599-9914,null,null,0,사설,0,0,0,미설치,미설치,미설치,미설치,미설치
봉안시설,전라남도,순천시,순천시립추모공원 제1봉안당,전라남도 순천시 양율길 132 (야흥동),061-749-6168,061-749-4644,https://www.suncheon.go.kr/kr/welfare/0002/0010/0003/,0,공설,0,0,0,미설치,미설치,미설치,미설치,미설치
봉안시설,경상북도,문경시,약사사 하늘재추모원,경상북도 문경시 문경읍 관음2길 89 (관음리),054-572-3942,null,www.skyzone.co.kr,50,사설,99,0,0,미설치,미설치,설치,설치,설치
봉안시설,충청남도,금산군,만인산 만인사 봉안당,"충청남도 금산군 복수면 다복로 525-35 (용진리, 만인사)",041-751-3755,null,만인추모관.inter114.com/,100,사설,15,99,99,설치,미설치,설치,설치,설치
봉안시설,강원특별자치도,춘천시,(재)경춘공원묘원 봉안묘,강원특별자치도 춘천시 서면 노동길 181 (안보리),033-263-7300,null,www.gyoungchun.com/,0,사설,0,0,0,미설치,미설치,미설치,미설치,미설치
봉안시설,경상남도,창원시,창원시립상복공원 제3봉안당,"경상남도 창원시 성산구 공단로474번길 160 (상복동, 창원시립상복공원)",055-712-0114,null,https://www.cwsisul.or.kr/_sangbok/index.php,0,공설,0,0,0,미설치,미설치,미설치,미설치,미설치
봉안시설,경기도,동두천시,탑동추모공원,경기도 동두천시 천보산로359번길 22 (탑동동),031-867-5760,null,cafe.naver.com/topdongmemorialpark,50,사설,99,0,0,미설치,미설치,설치,설치,설치
봉안시설,경상북도,칠곡군,극락사추모원 하늘정원,경상북도 칠곡군 지천면 창평로 415 (창평리),054-977-2223,null,null,0,사설,0,0,0,미설치,미설치,미설치,미설치,미설치
봉안시설,전라남도,진도군,보배숲추모공원 봉안담,"전라남도 진도군 진도읍 진도대로 7363-110 (동외리, 관리사무소)",null,null,null,0,공설,0,0,0,미설치,미설치,미설치,미설치,미설치
봉안시설,경기도,광주시,(재)시안 가족추모공원(봉안),경기도 광주시 오포안로 17 (문형동),031-766-2894,null,www.sianpark.co.kr,1500,사설,99,0,0,미설치,미설치,설치,설치,설치
봉안시설,경상북도,경주시,진목정성지 하늘원,경상북도 경주시 산내면 수의길 192 (내일리),054-751-6488,null,null,0,사설,30,0,0,설치,미설치,설치,설치,미설치
봉안시설,경기도,이천시,재단법인 에덴낙원,경기도 이천시 마장면 서이천로 449-82 (목리),031-645-9191,031-633-8993,www.edenparadise.co.kr,50,사설,0,0,0,설치,설치,설치,설치,설치
봉안시설,경기도,화성시,화성시추모공원 봉안당,"경기도 화성시 효행구 비봉면 주석로 545 (청요리, 화성시추모공원)",031-356-9272,null,https://www.hu.or.kr/www/M040000/M040500/M0405003/M04050031.jsp,124,공설,15,15,1,미설치,설치,설치,설치,설치
봉안시설,인천광역시,강화군,갑곶순교성지 천국의 문,"인천광역시 강화군 강화읍 해안동로1366번길 35 (갑곳리, 갑곶순교성지)",032-933-1525,null,www.gabgot.com,50,사설,20,10,2,미설치,미설치,설치,설치,설치
봉안시설,제주특별자치도,제주시,양지공원 제1추모의집,"제주특별자치도 제주시 516로 2810-31 (영평동, 양지공원)",064-710-6622,null,www.jeju.go.kr/wel/burial/facInfo/yangji/facInfo.htm,180,공설,15,15,3,미설치,설치,설치,설치,설치
봉안시설,충청북도,음성군,무지개추모공원 봉안탑(다래원),충청북도 음성군 생극면 오신로445번길 77 (신양리),043-883-4449,null,null,0,사설,0,0,0,미설치,미설치,미설치,미설치,미설치
봉안시설,전라남도,강진군,칠량자연공원봉안시설,"전라남도 강진군 칠량면 삼흥공원길 178-54 (삼흥리, 칠량자연공원묘원)",061-433-2011,061-433-2012,null,0,사설,0,0,0,미설치,미설치,미설치,미설치,미설치
봉안시설,경기도,수원시 영통구,수원시연화장 추모의집,"경기도 수원시 영통구 광교호수로 278 (하동, 수원시연화장)",031-218-6524,null,https://www.suwonudc.co.kr/suwonyhj/mainPage.do,400,공설,15,15,1,미설치,미설치,설치,미설치,설치
봉안시설,경상북도,성주군,삼광사추모공원 봉안탑,"경상북도 성주군 월항면 지산로 208 (지방리, 삼광사)",054-971-5669,null,null,0,사설,0,0,0,미설치,미설치,미설치,미설치,미설치
봉안시설,전북특별자치도,부안군,재단법인 미륵불교 봉안당,전북특별자치도 부안군 상서면 저기양산길 16-3 (가오리),063-582-5509,null,null,20,사설,10,10,6,미설치,미설치,설치,설치,미설치
봉안시설,광주광역시,동구,해원정사,광주광역시 동구 분산길 100 (내남동),062-234-4576,null,null,0,사설,0,0,0,미설치,미설치,미설치,미설치,미설치
봉안시설,강원특별자치도,원주시,운계사 봉안묘,강원특별자치도 원주시 귀래면 북원로 586-107 (운계리),033-763-6355,null,null,0,사설,0,0,0,미설치,미설치,미설치,미설치,미설치
봉안시설,제주특별자치도,제주시,양지공원 제2추모의집,"제주특별자치도 제주시 516로 2810-31 (영평동, 양지공원)",064-710-6622,null,www.jeju.go.kr/wel/burial/facInfo/yangji/facInfo.htm,180,공설,15,15,3,미설치,설치,설치,설치,설치
봉안시설,강원특별자치도,춘천시,일월사추모공원(봉안탑),강원특별자치도 춘천시 남산면 봉의텃골길 149-10 (행촌리),033-243-3654,null,null,0,사설,0,0,0,미설치,미설치,미설치,미설치,미설치
봉안시설,경기도,안성시,영평사 봉안당,경기도 안성시 보개면 신장길 79-42 (신장리),031-676-3960,null,null,0,사설,0,0,0,미설치,미설치,미설치,미설치,미설치
봉안시설,경기도,파주시,동화경모공원(봉안),"경기도 파주시 탄현면 헤이리로 98 (법흥리, 동화경모공원)",031-945-3226,null,donghwapark.co.kr/,0,사설,0,0,0,설치,미설치,설치,설치,미설치
봉안시설,경상남도,거창군,가북공설공원묘지 봉안당,경상남도 거창군 가북면 용암리 산125,055-940-3124,null,null,0,공설,0,0,0,미설치,미설치,미설치,미설치,미설치
봉안시설,경기도,연천군,오봉사 봉안당,경기도 연천군 연천읍 현문로245번길 384 (고문리),031-834-2140,null,www.obongsa.org,100,사설,0,0,0,미설치,미설치,설치,설치,미설치
봉안시설,서울특별시,강남구,강남구추모의집,충청북도 음성군 금왕읍 덕금로 936-61 (용계리),043-881-4700,,www.yeaeunpark.com,0,공설,15,5,3,미설치,설치,설치,설치,미설치
봉안시설,충청남도,금산군,금산군공설봉안당,충청남도 금산군 복수면 복수로 1015-71 (신대리),041-750-2482,041-751-6273,null,0,공설,15,15,3,미설치,미설치,미설치,미설치,미설치
봉안시설,대전광역시,서구,대전추모공원 가족묘원(봉안),대전광역시 서구 상보안윗길 160 (괴곡동),042-602-2500,042-602-2599,null,418,공설,0,0,0,미설치,설치,설치,설치,설치
봉안시설,부산광역시,기장군,메모리얼펠리스추모관(실로암),"부산광역시 기장군 철마면 사등길 181 (고촌리, 실로암공원묘원관리사무소)",051-722-5115,051-722-1268,www.siloami.com,0,사설,99,99,99,미설치,설치,설치,미설치,설치
봉안시설,경기도,의정부시,자일동공설묘지 무연고 봉안당,"경기도 의정부시 호국로1694번길 30-70 (자일동, 의정부시자일동공설묘지)",031-828-4195,031-828-4189,null,0,공설,0,0,0,미설치,미설치,미설치,미설치,미설치
봉안시설,경상남도,김해시,봉안당에데나(낙원추모공원),경상남도 김해시 한림면 김해대로1402번길 148 (신천리),055-343-0656,null,www.edena.co.kr,300,사설,99,99,99,설치,설치,설치,설치,설치
봉안시설,충청북도,충주시,(재)생활불교 봉안당,충청북도 충주시 엄정면 향림길 314 (용산리),043-851-4114,null,www.lifebuddhism.co.kr,0,사설,0,0,0,미설치,미설치,미설치,미설치,미설치
봉안시설,서울특별시,동대문구,동대문구추모의집,충청북도 음성군 금왕읍 덕금로 936-61 (용계리),043-881-4700,null,null,0,공설,15,5,3,설치,설치,설치,설치,설치
봉안시설,대전광역시,동구,(재)대전교구천주교회 산내공원묘원 봉안담,대전광역시 동구 삼괴동 274-6,044-270-3030,null,null,0,사설,0,0,0,미설치,미설치,미설치,미설치,미설치
봉안시설,전북특별자치도,전주시 완산구,효자추모관,"전북특별자치도 전주시 완산구 콩쥐팥쥐로 1705-31 (효자동3가, 효자추모관)",063-227-6811,null,www.hyojas.com/,100,사설,99,0,99,미설치,미설치,설치,설치,설치
봉안시설,충청남도,천안시 동남구,재단법인 로엠(봉안시설),충청남도 천안시 동남구 광덕면 광덕로 383 (신덕리),1544-4471,041-567-0535,www.hurian.com,1000,사설,0,0,0,설치,설치,설치,설치,미설치
봉안시설,충청북도,청주시,장미원,충청북도 청주시 청원구 오창읍 양청3길 88 (양청리),043-251-3164,null,https://www.cjuc.or.kr/home/sub.do?menukey=266,0,공설,0,0,0,미설치,미설치,설치,설치,미설치
봉안시설,전라남도,목포시,보현정사,전라남도 목포시 삼학로 346-1 (용해동),061-279-7388,061-279-7390,null,0,사설,0,0,0,미설치,미설치,미설치,미설치,미설치
봉안시설,충청남도,아산시,(재)대전교구천주교회 성환공원묘원 봉안묘,"충청남도 아산시 음봉면 연암율금로 345-58 (소동리, 성환공원묘지)",042-630-7732,null,null,0,사설,0,0,0,미설치,미설치,미설치,미설치,미설치
봉안시설,경상북도,포항시,용암사 봉안시설,경상북도 포항시 남구 대송면 장동홍계길 321-37 (홍계리),null,null,null,0,사설,0,0,0,미설치,미설치,미설치,미설치,미설치
봉안시설,전북특별자치도,무주군,(재)하늘공원 봉안당,전북특별자치도 무주군 적상면 방이리 산158-1,063-320-4000,null,null,0,사설,0,0,0,미설치,미설치,미설치,미설치,미설치
봉안시설,경상북도,경산시,석장사 봉안당,경상북도 경산시 용성면 구룡마을길 90 (매남리),053-857-2225,null,null,0,사설,0,0,0,미설치,미설치,미설치,미설치,미설치
봉안시설,경상남도,거창군,학천사 봉안당,"경상남도 거창군 가조면 기리5길 15 (기리, 학천사)",055-945-1114,null,null,0,사설,0,0,0,미설치,미설치,미설치,미설치,미설치
봉안시설,경상남도,밀양시,효심추모관,경상남도 밀양시 삼랑진읍 삼랑진로 605 (미전리),02-1644-1103,null,hyosimchoomo.com,120,사설,99,99,99,미설치,설치,설치,설치,설치
봉안시설,충청북도,청주시 상당구,충북불교문화회관 봉안당,충청북도 청주시 상당구 월평로184번길 101 (용암동),043-647-0711,null,null,10,사설,10,3,0,미설치,미설치,설치,설치,설치
봉안시설,강원특별자치도,인제군,하늘내린 보금자리(가족8위),강원특별자치도 인제군 남면 자작나무숲길 444-62 (남전리),033-460-2056,null,https://www.inje.go.kr/portal/field-info/welfare,0,공설,0,15,0,설치,설치,설치,설치,미설치
봉안시설,충청북도,영동군,영동군 공설봉안묘,충청북도 영동군 영동읍 오탄리 산45,043-740-3358,null,null,0,공설,0,0,0,미설치,미설치,미설치,미설치,미설치
봉안시설,서울특별시,도봉구,도봉구추모의집,경기도 화성시 만세구 향남읍 서봉로755번길 17-15 (동오리),031-354-2325,null,http://seoulskypark.co.kr/,200,공설,15,5,3,미설치,설치,설치,미설치,설치
봉안시설,경기도,화성시,구룡사 봉안묘,경기도 화성시 만세구 향남읍 범허리길 107-34 (상신리),null,null,null,0,사설,0,0,0,미설치,미설치,미설치,미설치,미설치
봉안시설,인천광역시,연수구,흥륜사정토원,"인천광역시 연수구 청량로70번길 40-18,흥륜사 정토원 (동춘동)",032-834-1131,null,www.jungtowon.co.kr,0,사설,99,99,99,미설치,설치,설치,설치,설치
봉안시설,경상북도,포항시,무량사추모관,경상북도 포항시 북구 흥해읍 동해대로1393번길 111-99 (초곡리),054-261-7737,null,null,0,사설,0,0,0,미설치,미설치,미설치,미설치,미설치
봉안시설,대구광역시,군위군,실로암추모관,"대구광역시 군위군 효령면 용매로 1011-43 (고곡리, 실로암교회)",054-382-8845,null,www.실로암추모관.com,0,사설,99,99,99,설치,미설치,설치,설치,미설치
봉안시설,경상남도,하동군,하동영신원,경상남도 하동군 적량면 동산리 368-5,null,null,null,0,사설,0,0,0,미설치,미설치,미설치,미설치,미설치
봉안시설,경상남도,산청군,산청군공설묘지 봉안묘,"경상남도 산청군 신등면 신등가회로 357-17 (가술리, 본향원)",055-973-2491,null,null,0,공설,0,0,0,미설치,미설치,미설치,미설치,미설치
봉안시설,강원특별자치도,원주시,하늘원추모관,"강원특별자치도 원주시 흥업면 사제로 539 (사제리, 하늘원장례예식장)",033-763-0999,null,hanulwon.com,300,사설,99,0,0,설치,설치,설치,설치,미설치
봉안시설,전라남도,여수시,지장대사 극락전봉안당,"전라남도 여수시 돌산읍 몰둠벙길 165(평사리, 지장대사)",061-644-1244,null,0616441244.okqr.co.kr/,50,사설,0,0,0,설치,미설치,설치,설치,미설치
봉안시설,경기도,고양시 덕양구,예원추모관,경기도 고양시 덕양구 통일로 502-1 (대자동),1544-4054,null,www.e-yewon.co.kr,0,사설,99,0,0,미설치,미설치,설치,설치,설치
봉안시설,경상남도,하동군,금오영당,경상남도 하동군 진교면 달구지길 95-5 (술상리),055-883-9508,null,null,50,공설,15,0,0,미설치,미설치,설치,설치,설치
봉안시설,경기도,양주시,대한불교조계종 육지장사,경기도 양주시 백석읍 기산로471번길 190 (기산리),031-871-0101,null,www.yukjijangsa.org/,50,사설,99,99,99,설치,미설치,설치,미설치,미설치
봉안시설,전라남도,해남군,추모관 천상의집,"전라남도 해남군 해남읍 해남로 160-83 (신안리, 선각사)",061-534-1304,null,null,0,사설,0,0,0,미설치,미설치,미설치,미설치,미설치
봉안시설,전라남도,목포시,목포추모관 휴,전라남도 목포시 고하대로 1140-41 (대양동),061-246-1001,null,www.mokpopark.com,0,사설,99,0,0,미설치,미설치,미설치,미설치,미설치
봉안시설,경상북도,청도군,보현사 무량수공원,"경상북도 청도군 청도읍 앞산공원길 14 (고수리, 보현사)",054-372-1434,null,null,0,사설,0,0,0,미설치,미설치,미설치,미설치,미설치
봉안시설,충청북도,충주시,대한불교조계종 화암사,충청북도 충주시 동량면 화암양목길 139 (화암리),043-856-1895,null,null,100,사설,0,0,0,미설치,미설치,설치,미설치,미설치
봉안시설,전라남도,나주시,(재)남도추모공원,전라남도 나주시 문평면 월암로 1050 (학교리),062-1544-6061,null,www.namdopark.kr,500,사설,99,99,0,미설치,설치,설치,설치,설치
봉안시설,경상북도,영천시,나자렛집,경상북도 영천시 화산면 가일길 118 (연계리),054-033-0125,null,null,0,사설,0,0,0,미설치,미설치,미설치,미설치,미설치
봉안시설,경상북도,영주시,(재)영봉추모공원,경상북도 영주시 이산면 봉화로 140-42 (신암리),054-633-8700,null,blog.naver.com/ybmp8700,100,사설,0,0,0,미설치,미설치,설치,설치,미설치
봉안시설,경상북도,성주군,(재)우성공원 봉안묘·담,"경상북도 성주군 선남면 관용로 470-54 (용신리, 우성공원사무소)",054-933-4774,null,null,0,사설,0,0,0,미설치,미설치,미설치,미설치,미설치
봉안시설,서울특별시,동작구,흑석동성당 평화의쉼터,"서울특별시 동작구 흑석로13길 3 (흑석동, 흑석동천주교회)",02-816-2919,null,null,0,사설,0,0,0,미설치,미설치,설치,미설치,미설치
봉안시설,경기도,양평군,사랑의동산,"경기도 양평군 지평면 금의길 36-27 사랑의동산 (망미리, 양평금식기도원)",031-775-0096,null,www.memorypark.org,100,사설,5,10,0,미설치,미설치,설치,설치,설치
봉안시설,인천광역시,부평구,인천가족공원 만월당,인천광역시 부평구 평온로 61 (부평동),032-456-2320,032-456-2324,www.insiseol.or.kr/life/family,63,공설,10,10,2,설치,설치,설치,설치,설치
봉안시설,경기도,광주시,오향중흥교회 봉안당,경기도 광주시 곤지암읍 가마을길 83-19 (오향리),031-764-4005,null,www.부활동산.com,100,사설,99,99,99,미설치,미설치,설치,설치,설치
봉안시설,경기도,가평군,백련사 봉안탑,"경기도 가평군 상면 샘골길 159-50 (연하리, 백련사)",031-585-3855,null,www.baekryunsa.com/,50,사설,99,0,0,설치,미설치,설치,미설치,미설치
봉안시설,경상북도,경산시,(재)금곡장미공원 봉안당,경상북도 경산시 남천면 금곡길 28-75 (금곡리),053-814-8800,null,null,0,사설,0,0,0,미설치,미설치,미설치,미설치,미설치
봉안시설,경상북도,안동시,(재)안동추모공원(봉안당),경상북도 안동시 풍산읍 본마을길 36-69 (노리),054-843-7023,null,www.andongpark.net,100,사설,0,0,0,미설치,설치,설치,미설치,미설치
봉안시설,경상남도,밀양시,대한불교조계종 삼봉사 봉안당,경상남도 밀양시 삼랑진읍 단장로 379-8 (우곡리),1577-3444,055-356-0125,www.sbsmpark.com,80,사설,99,99,99,미설치,미설치,설치,설치,설치
봉안시설,충청북도,음성군,꽃동네 정진석센타(봉안당),충청북도 음성군 맹동면 원중로 1221 (통동리),043-872-0101,null,null,0,사설,99,99,99,미설치,미설치,설치,미설치,미설치
봉안시설,경기도,화성시,(재)효원가족공원 봉안탑,경기도 화성시 만세구 향남읍 서봉로755번길 17-15 (동오리),031-354-2325,031-354-2327,null,0,사설,0,0,0,미설치,미설치,미설치,미설치,미설치
봉안시설,충청북도,진천군,보현사 납골공원,"충청북도 진천군 초평면 초평로 1001 (화산리, 보현사)",043-532-6178,null,bohyunsa.modoo.at/,50,사설,99,99,99,설치,미설치,설치,설치,미설치
봉안시설,대구광역시,군위군,가톨릭군위묘원 봉안담,대구광역시 군위군 군위읍 용대2길 258 (용대리),053-250-3000,null,null,100,사설,30,30,99,설치,미설치,설치,미설치,미설치
봉안시설,강원특별자치도,춘천시,천주교 춘천교구 부활성당 추모관,강원특별자치도 춘천시 신동면 김유정로 1727 (정족리),033-240-6022,null,null,0,사설,0,0,0,미설치,미설치,미설치,미설치,미설치
봉안시설,경상북도,경주시,대원사추모공원 봉안당,"경상북도 경주시 양남면 명주길 864-5 (효동리, 대원사)",054-743-1944,null,www.daeonesa.com,0,사설,99,99,99,미설치,미설치,미설치,미설치,미설치
봉안시설,충청남도,금산군,(재)평화공원 파라다이스 추모관,충청남도 금산군 복수면 앞재길 21-48 (신대리),041-752-8503,null,null,300,사설,99,99,0,미설치,미설치,설치,설치,미설치
봉안시설,전라남도,광양시,광양시립영세공원 봉안당,전라남도 광양시 광양읍 직동1길 300 (죽림리),061-762-4449,null,null,0,공설,0,0,0,설치,미설치,설치,설치,미설치
봉안시설,충청북도,진천군,성림사 연화납골당(봉안탑),"충청북도 진천군 덕산읍 인화길 83 (산수리, 성림사)",043-536-4617,null,null,0,사설,0,0,0,미설치,미설치,미설치,미설치,미설치
봉안시설,경기도,양평군,양평군공설봉안시설,"경기도 양평군 양평읍 중앙로111번길 54 (공흥리, 쉼터공원관리사무실)",031-770-3027,031-770-3036,https://www.law.go.kr/자치법규/양평군장사시설의설치및운영조례,0,공설,0,0,0,미설치,미설치,미설치,미설치,미설치
봉안시설,경상남도,김해시,(재)신어공원추모관,경상남도 김해시 상동면 소락로 23 신어공원추모관,055-329-4844,055-329-4853,wwwsineoparkcokr,450,사설,99,99,99,미설치,설치,설치,미설치,미설치
봉안시설,충청북도,영동군,고당사 효자당,"충청북도 영동군 심천면 옥계폭포길 126 (고당리, 천국사)",043-742-5966,null,null,0,사설,0,0,0,미설치,미설치,미설치,미설치,미설치
봉안시설,부산광역시,기장군,대정공원묘원 봉안묘,"부산광역시 기장군 정관읍 양수길 76 (용수리, 대정공원묘원관리소)",051-728-4949,null,null,0,사설,0,0,0,설치,설치,설치,미설치,미설치
봉안시설,경상남도,진주시,진주내동공원묘원 봉안당,"경상남도 진주시 내동면 유수길75번길 8-214 (유수리, 진주내동공동묘원)",055-756-1500,null,null,0,사설,0,0,0,미설치,미설치,미설치,미설치,미설치
봉안시설,경상북도,경산시,삼성사 봉안당,경상북도 경산시 상대로 423 (유곡동),053-856-1110,null,null,0,사설,0,0,0,미설치,미설치,미설치,미설치,미설치
봉안시설,경상북도,성주군,삼광사추모공원 아미타봉안탑,"경상북도 성주군 월항면 지산로 208 (지방리, 삼광사)",054-971-5669,null,null,0,사설,0,0,0,미설치,미설치,미설치,미설치,미설치
봉안시설,충청북도,청주시 상당구,늘푸른안식관,충청북도 청주시 상당구 미원면 운암계원로 189-29 (운암리),043-295-5004,null,null,0,사설,0,0,0,미설치,미설치,미설치,미설치,미설치
봉안시설,전라남도,장성군,장성군추모공원,전라남도 장성군 삼계면 영장로 900 (부성리),061-393-0985,061-390-7050,null,140,공설,15,15,3,미설치,미설치,설치,설치,미설치
봉안시설,경기도,양평군,양평추모공원 더포레,경기도 양평군 청운면 벗고갯길 45-20 (가현리),031-774-4415,null,www.theforeyp.co.kr/,100,사설,99,0,0,미설치,미설치,설치,설치,설치
봉안시설,강원특별자치도,홍천군,홍천군공설묘원 봉안당,강원특별자치도 홍천군 홍천읍 느리울길 141-22 (하오안리),033-430-2106,null,https://www.hongcheon.go.kr/www/contents.do?key=451,100,공설,15,15,3,설치,미설치,설치,설치,미설치
봉안시설,충청남도,아산시,아산메모리얼파크 휴온 봉안묘,충청남도 아산시 송악면 외암로 55-15 (거산리),02-502-9984,null,null,0,사설,0,0,0,미설치,미설치,미설치,미설치,미설치
봉안시설,충청남도,당진시,하늘소망추모관,충청남도 당진시 송악읍 조비실길 43-26 (영천리),041-353-9882,041-357-6161,shmp9882.modoo.at/,48,사설,99,99,99,설치,미설치,설치,설치,설치
봉안시설,경기도,동두천시,예래원(봉안시설),경기도 동두천시 탑신로 668 (탑동동),031-867-8707,null,www.erehwon.or.kr,200,사설,99,99,99,설치,설치,설치,설치,설치
봉안시설,경상남도,밀양시,(재)밀양추모공원묘원 봉안담,경상남도 밀양시 무안면 창밀로 2890-150,070-8230-1009,null,null,0,사설,0,0,0,미설치,미설치,미설치,미설치,미설치
봉안시설,경기도,여주시,남한강공원묘원(봉안),경기도 여주시 가남읍 송삼로 459-35 (금곡리),031-882-6689,null,www.nhg.co.kr,500,사설,0,0,0,설치,설치,설치,미설치,미설치
봉안시설,충청북도,충주시,천등산 봉안영묘전,충청북도 충주시 산척면 천등박달로 771 (송강리),043-853-4741,null,www.skymemo.co.kr,50,사설,30,30,99,미설치,미설치,설치,설치,미설치
봉안시설,경기도,고양시 덕양구,해인사미타원,경기도 고양시 덕양구 대양로 84-80 (대자동),031-963-7588,null,mitawon.or.kr,0,사설,0,0,99,미설치,미설치,설치,설치,미설치
봉안시설,경기도,양주시,경신하늘뜰공원 봉안당,"경기도 양주시 남면 화합로430번길 98(경신리, 경신하늘뜰공원)",031-861-5791,null,https://changucchin.yangju.go.kr/www/contents.do?key=503,10,공설,0,0,0,미설치,설치,설치,설치,설치
봉안시설,경상북도,영천시,정안사 봉안탑,경상북도 영천시 신녕면 치산관광길 33-101 (치산리),null,null,null,0,사설,0,0,0,미설치,미설치,미설치,미설치,미설치
봉안시설,충청남도,예산군,예산군추모의집 제1관,"충청남도 예산군 응봉면 예당로 1345-12 (평촌리, 예산군추모공원)",041-339-8252,041-339-8259,https://www.yesan.go.kr/kor/sub06_13_04_03_01.do,0,공설,0,0,0,미설치,미설치,미설치,미설치,미설치
봉안시설,경기도,포천시,도성사 봉안당,경기도 포천시 화현면 화동로596번길 90 (화현리),031-533-8815,null,null,300,사설,99,99,99,설치,미설치,설치,설치,설치
봉안시설,경상남도,거제시,삼우추모공원,경상남도 거제시 장목면 거제북로 919 (장목리),055-730-9678,null,m.blog.naver.com/PostView.naver?blogId=jiinni1&logNo=223662143819&navType=by,50,사설,99,99,99,미설치,미설치,설치,설치,설치
봉안시설,경기도,남양주시,재단법인청림공원(봉안당),"경기도 남양주시 진건읍 사릉로156번길 295 (송능리, 봉인사)",031-527-5678,null,null,100,사설,99,99,99,설치,설치,설치,설치,설치
봉안시설,경기도,김포시,연꽃피우는 행복도량 용문사,"경기도 김포시 월곶면 대곶로 570 (갈산리, 용문사)",031-984-5449,null,null,20,사설,30,30,99,미설치,미설치,미설치,설치,미설치
봉안시설,충청남도,당진시,솔뫼공설묘지 가족봉안묘,충청남도 당진시 우강면 우강송산로 64 (송산리),041-363-4786,null,https://www.dangjin.go.kr/bokji/sub04_05_03.do,0,공설,0,0,0,미설치,설치,설치,설치,미설치
봉안시설,경기도,화성시,화성시추모공원 봉안묘,"경기도 화성시 효행구 비봉면 주석로 545 (청요리, 화성시추모공원)",031-356-9272,031-356-9272,https://www.hu.or.kr/www/M040000/M040500/M0405003/M04050031.jsp,124,공설,0,0,0,미설치,미설치,설치,미설치,미설치
봉안시설,세종특별자치시,세종특별자치시,영평사 추모공원,"세종특별자치시   장군면 영평사길 124 (산학리, 영평사)",044-862-0015,null,www.youngpyungsapark.co.kr,30,사설,99,99,99,설치,미설치,설치,설치,설치
봉안시설,대구광역시,달성군,한국불교원각종 장수사,"대구광역시 달성군 옥포면 옥계길 16-1(본리리, 장수사)",053-615-9004,null,null,0,사설,0,0,0,설치,미설치,설치,설치,미설치
봉안시설,서울특별시,종로구,종로구추모의집,경기도 화성시 만세구 향남읍 서봉로755번길 17-15 (동오리),031-354-2325,null,http://skypark2002.cafe24.com/smpark/jongno/standard.asp,200,공설,15,5,3,미설치,설치,설치,미설치,설치
봉안시설,전라남도,무안군,천주교 청계묘원 봉안당,전라남도 무안군 청계면 해안로 752 (도대리),061-454-0735,null,null,0,사설,0,0,0,미설치,미설치,미설치,미설치,미설치
봉안시설,경상남도,통영시,통영시공설봉안당 제1관,경상남도 통영시 장대길 144 (정량동),055-650-4883,null,null,10,공설,15,15,1,미설치,미설치,설치,설치,설치
봉안시설,경기도,양주시,대한불교덕성종 성보사 봉안탑,경기도 양주시 백석읍 부흥로397번길 46 (연곡리),031-879-4691,null,null,0,사설,0,0,0,미설치,미설치,미설치,미설치,미설치
봉안시설,경상남도,진주시,감로복지원 진주추모공원,경상남도 진주시 대평면 원당길158번길 6 (당촌리),055-758-0090,null,blog.naver.com/gamro1002,0,사설,15,15,4,설치,설치,설치,설치,설치
봉안시설,경상북도,예천군,천주교안동교구 봉안경당,"경상북도 예천군 지보면 지풍로 983-41 (암천리, 농은수련관)",054-655-1781,null,안동봉안경당.com,0,사설,20,99,99,미설치,미설치,설치,설치,설치
봉안시설,전라남도,해남군,화원관광단지공설봉안당,전라남도 해남군 화원면 신덕리 산250,061-530-5541,null,null,0,공설,0,0,0,미설치,미설치,설치,미설치,미설치
봉안시설,서울특별시,서울특별시,용미리왕릉벽식추모의집,"경기도 파주시 광탄면 명봉산로262번길 290 (용미리, 용미1리1묘지공원안내실)",031-943-1930,null,https://www.sisul.or.kr/open_content/memorial/,0,공설,15,5,3,미설치,미설치,설치,설치,설치
봉안시설,경상남도,사천시,묘통사 납골공원,경상남도 사천시 곤명면 세종태실로 106 (은사리),055-855-4050,null,www.myotongsa.co.kr,0,사설,0,0,0,설치,미설치,설치,설치,설치
봉안시설,경상남도,사천시,불교문화단체총연합회 봉안당,"경상남도 사천시 백천길 326-2 (백천동, 백천사)",055-834-4041,055-835-4271,null,50,사설,99,99,99,설치,설치,설치,미설치,미설치
봉안시설,전북특별자치도,군산시,군산시추모관,"전북특별자치도 군산시 임피면 서원석곡로 436-34 (보석리, 승화원)",063-454-7952,null,null,0,공설,0,0,0,미설치,미설치,설치,설치,미설치
봉안시설,전라남도,보성군,봉갑사 납골묘,전라남도 보성군 문덕면 단양길 296-6 (봉갑리),061-853-9979,null,null,0,사설,0,0,0,미설치,미설치,미설치,미설치,미설치
봉안시설,경상북도,김천시,김천추모공원,경상북도 김천시 농공단지길 20-26 (신음동),054-437-3119,null,gimcheonpark.co.kr/,0,사설,0,0,0,미설치,설치,설치,설치,설치
봉안시설,세종특별자치시,세종특별자치시,세종시추모의집,세종특별자치시 전동면 전동로 538 (봉대리),044-850-1346,null,null,0,공설,0,0,0,미설치,미설치,설치,미설치,미설치
봉안시설,부산광역시,연제구,정수사,부산광역시 연제구 톳고개로 60 (연산동),051-758-6022,null,null,80,사설,9999,99,0,미설치,미설치,설치,설치,미설치
봉안시설,경상남도,창원시 마산합포구,법계사 봉안묘,경상남도 창원시 마산합포구 진전면 옥방내동길 215-25 (여양리),null,null,null,0,사설,0,0,0,미설치,미설치,미설치,미설치,미설치
봉안시설,경기도,용인시 처인구,구룡사추모공원,"경기도 용인시 처인구 이동읍 삼배울로92번길 30-6 (덕성리, 구룡사)",031-333-4006,null,null,0,사설,0,0,0,미설치,미설치,설치,설치,미설치
봉안시설,전라남도,담양군,갑향군립묘원(봉안),"전라남도 담양군 대전면 추성로 468 (갑향리, 갑향공원)",061-380-3383,null,null,50,공설,15,15,3,미설치,미설치,설치,설치,미설치
봉안시설,충청북도,제천시,월명사 봉안탑,충청북도 제천시 송학면 시곡길 81 (시곡리),043-643-4733,null,null,0,사설,0,0,0,미설치,미설치,미설치,미설치,미설치
봉안시설,충청북도,음성군,(재)대지공원묘원 봉안묘,충청북도 음성군 생극면 오신로 504-63 (신양리),043-878-3854,null,null,0,사설,0,0,0,미설치,미설치,미설치,미설치,미설치
봉안시설,충청남도,예산군,(재)화산추모공원(봉안),충청남도 예산군 대술면 대술로 574-57 (화산리),041-332-2284,null,www.hwasanpark.co.kr,60,사설,99,99,99,설치,미설치,설치,미설치,설치
봉안시설,경기도,연천군,수불사추모공원,"경기도 연천군 청산면 전영로215번길 153-16, 수불사추모공원",031-832-6222,null,subulsa.kr/greeting,20,사설,99,99,99,미설치,미설치,설치,설치,설치
봉안시설,전라남도,고흥군,고흥군립하늘공원 봉안당,전라남도 고흥군 고흥읍 호형리 399,061-830-5643,061-830-5880,null,0,공설,0,0,0,미설치,미설치,미설치,미설치,미설치
봉안시설,경상북도,영천시,생활불교밝은마음 봉안탑,"경상북도 영천시 화북면 탑들소일길 232 (죽전리, 덕흥사)",054-336-7126,null,null,0,사설,0,0,0,미설치,미설치,미설치,미설치,미설치
봉안시설,강원특별자치도,속초시,속초시추모의집,강원특별자치도 속초시 이목로 196 (노학동),033-635-7023,033-635-5023,https://www.sokchosiseol.or.kr/biz/welfare.do,0,공설,15,15,2,설치,설치,설치,설치,미설치
봉안시설,경기도,양주시,대한불교덕성종 성보사 봉안당,경기도 양주시 백석읍 부흥로397번길 46 (연곡리),031-879-4691,null,null,0,사설,0,0,0,미설치,미설치,미설치,미설치,미설치
봉안시설,충청남도,아산시,(재)대전교구천주교회 성환공원묘원 봉안당,"충청남도 아산시 음봉면 연암율금로 345-58 (소동리, 성환공원묘지)",042-630-7732,null,null,350,사설,0,0,0,설치,설치,설치,설치,설치
봉안시설,대구광역시,군위군,(재)신세계공원묘원 봉안묘·담,대구광역시 군위군 효령면 녹동길 129-190 (장군리),054-382-5250,054-382-9818,null,0,사설,0,0,0,미설치,미설치,설치,미설치,미설치
봉안시설,경기도,의왕시,의왕하늘쉼터(봉안담),경기도 의왕시 오매기백운산길 41-57 (오전동),031-345-2831,null,www.uiwang.go.kr/UWKORWEL0901,274,공설,15,10,3,미설치,미설치,설치,설치,설치
봉안시설,충청남도,아산시,혜명사 봉안당,충청남도 아산시 염치읍 쌍죽길 133-7 (쌍죽리),041-543-1477,null,null,0,사설,0,0,0,미설치,미설치,미설치,미설치,미설치
봉안시설,경기도,안성시,유토피아추모공원(헤리티지별관),경기도 안성시 일죽면 화곡길 93 (화곡리),031-673-7904,031-674-7904,utopia.co.kr,49,사설,0,0,0,미설치,미설치,설치,설치,설치
봉안시설,대구광역시,남구,대한불교조계종 대관음사 봉안당,"대구광역시 남구 중앙대로 126, 한국불교대학 대관음사 (봉덕동)",053-474-8228,null,null,0,사설,0,0,0,미설치,미설치,미설치,미설치,미설치
봉안시설,경상북도,영주시,실로암추모관,경상북도 영주시 평은면 녹지로 216 (지곡리),054-382-8845,null,null,0,사설,0,0,0,미설치,미설치,미설치,미설치,미설치
봉안시설,전라남도,해남군,남도광역추모공원 매화당,전라남도 해남군 황산면 호교길 241-250 (원호리),061-530-5141,061-530-5582,null,0,공설,0,0,0,미설치,미설치,미설치,미설치,미설치
봉안시설,경기도,연천군,오봉사 봉안묘,경기도 연천군 연천읍 현문로245번길 384 (고문리),031-834-2140,null,www.obongsa.org,0,사설,0,0,0,미설치,미설치,미설치,미설치,미설치
봉안시설,경기도,양주시,재단법인조안공원양주지사,경기도 양주시 평화로1261번길 372-146 (산북동),031-856-3111,031-856-7111,www.haneulan.co.kr,200,사설,99,99,99,설치,설치,설치,미설치,미설치
봉안시설,부산광역시,금정구,부산영락공원 제2영락원,"부산광역시 금정구 금정도서관로 108 (두구동, 영락공원)",051-790-5000,051-508-6024,null,0,공설,0,0,0,미설치,미설치,미설치,미설치,미설치
봉안시설,충청북도,청주시 상당구,풍주선원 봉안탑,"충청북도 청주시 상당구 명암로98번길 116 (명암동, 풍주사)",043-256-5585,null,www.pungjusa.or.kr/,30,사설,99,10,99,설치,설치,설치,미설치,미설치
봉안시설,제주특별자치도,제주시,한국불교태고종 극락사 안양원,제주특별자치도 제주시 애월읍 중산간서로 6322 (상귀리),064-713-1682,null,null,0,사설,60,0,0,미설치,미설치,미설치,미설치,미설치
봉안시설,경상북도,문경시,천주사 영탑공원,"경상북도 문경시 동로면 천주사길 108 (간송리, 천주사)",054-553-0336,null,null,50,사설,99,0,0,설치,설치,설치,설치,설치
봉안시설,강원특별자치도,속초시,속초시공설봉안묘,강원특별자치도 속초시 이목로 196 (노학동),033-635-7023,033-635-5023,null,0,공설,0,0,0,미설치,미설치,미설치,미설치,미설치
봉안시설,경상남도,산청군,산청군공설묘지 본향원,"경상남도 산청군 신등면 신등가회로 357-17 (가술리, 본향원)",055-973-2491,null,null,50,공설,30,0,1,설치,미설치,설치,미설치,설치
봉안시설,강원특별자치도,춘천시,춘천안식공원(안식의집),"강원특별자치도 춘천시 동산면 종자리로 331-50 (군자리, 춘천시공설묘원)",033-263-6454,null,https://www.cuc.or.kr/ansikPark.do,10,공설,30,30,1,설치,설치,설치,설치,설치
봉안시설,전북특별자치도,완주군,완주군 추모의집,전북특별자치도 완주군 봉동읍 우주로 270-68 (구암리),063-290-2208,null,null,0,공설,2004,10,2,미설치,미설치,설치,설치,미설치
봉안시설,경기도,구리시,밀알교회 CATACOMB,경기도 구리시 코스모스길215번길 96 (토평동),031-556-1005,null,null,300,사설,0,0,0,미설치,미설치,설치,설치,설치
봉안시설,대전광역시,유성구,대한불교조계종 해운봉안당,대전광역시 유성구 북유성대로 487번길 130 (안산동),042-822-2377,null,www.guamsa.org,120,사설,0,0,0,설치,미설치,설치,설치,미설치
봉안시설,대전광역시,유성구,녹야원추모관,대전광역시 유성구 현충원로 389-20 (구암동),042-824-0801,null,www.녹야원추모관.kr,80,사설,99,99,99,설치,미설치,설치,설치,설치
봉안시설,경기도,포천시,도성사 봉안탑,경기도 포천시 화현면 화동로596번길 90 (화현리),031-533-8815,null,null,0,사설,0,0,0,미설치,미설치,미설치,미설치,미설치
봉안시설,서울특별시,광진구,광진구추모의집,경기도 화성시 만세구 향남읍 서봉로755번길 17-15 (동오리),031-354-2325,null,http://seoulskypark.co.kr/,200,공설,15,5,3,미설치,설치,설치,미설치,설치
봉안시설,충청북도,청주시,법왕청추모관,충청북도 청주시 상당구 미원면 단재로 2776 (쌍이리),null,null,null,0,사설,0,0,0,미설치,미설치,미설치,미설치,미설치
봉안시설,경상남도,함안군,함안군공설 봉안당,경상남도 함안군 군북면 하림리 하림2길181-78 (마애사),055-585-5114,055-584-2102,null,0,공설,15,15,3,미설치,미설치,설치,미설치,미설치
봉안시설,충청북도,옥천군,대한불교 조계종 보륜사 봉안당,충청북도 옥천군 군북면 감로길 55 (증약리),043-732-6545,null,null,150,사설,99,99,99,설치,미설치,설치,설치,설치
봉안시설,경기도,남양주시,재단법인북한강공원,"경기도 남양주시 화도읍 모꼬지로17번길 202 (구암리, 북한강공원)",031-592-0081,null,www.bhgpark.co.kr,0,사설,0,0,0,미설치,미설치,설치,미설치,미설치
봉안시설,충청북도,충주시,(재)생활불교 봉안탑,충청북도 충주시 엄정면 향림길 314 (용산리),043-851-4114,null,www.lifebuddhism.co.kr,0,사설,0,0,0,미설치,미설치,미설치,미설치,미설치
봉안시설,경상북도,구미시,(재)선산납골당,경상북도 구미시 옥성면 선상동로 419 (초곡리),054-481-0409,null,null,0,사설,0,0,0,미설치,미설치,미설치,미설치,미설치
봉안시설,경상남도,거제시,거제시추모의집,경상남도 거제시 사등면 지석로 219-38 (지석리),055-639-8350,070-7614-3095,www.gmdc.co.kr/_chumo/,0,공설,15,15,1,미설치,미설치,설치,설치,미설치
봉안시설,경상북도,영천시,개원추모공원 봉안탑,경상북도 영천시 신녕면 장수로 2238-28 (화남리),054-336-0992,null,www.gwmita.com,0,사설,0,0,0,미설치,미설치,미설치,미설치,미설치
시설종류,시도,시군구,시설명,주소,전화번호,팩스번호,홈페이지,주차대수,공설/사설,허가면적(㎡),묘지면적(㎡),총 매장가능기수,식당,매점,주차장,유족대기실,장애인편의시설
묘지현황,경상남도,함양군,구룡공설공원묘지,경상남도 함양군 함양읍 구룡리 산11,055-960-4920,null,null,5,공설,0,5498,1061,미설치,미설치,설치,미설치,미설치
묘지현황,충청북도,청주시,매화공원묘지,충청북도 청주시 상당구 가덕면 상장인차로 460 (청용리),043-251-3560,null,www.cjsisul.or.kr/home/sub.do?menukey=272,0,공설,2876,2876,19,미설치,미설치,미설치,미설치,미설치
묘지현황,경기도,용인시 수지구,정자공원묘원,경기도 용인시 수지구 대지로 313 (죽전동),031-264-8481,null,null,0,사설,2281,2281,50,미설치,미설치,설치,미설치,미설치
묘지현황,인천광역시,강화군,내리공설묘지(화도면),인천광역시 강화군 화도면 안골길 27-40 (내리),032-930-3605,null,null,0,공설,0,0,0,미설치,미설치,미설치,미설치,미설치
묘지현황,전라남도,해남군,황산병온공설묘지,전라남도 해남군 황산면 송호리 890,061-531-3473,null,null,0,공설,25388,25388,801,미설치,미설치,미설치,미설치,미설치
묘지현황,경기도,포천시,내촌면 제2공설묘지,경기도 포천시 내촌면 진목리 산292,031-538-4261,null,null,0,공설,0,0,0,미설치,미설치,미설치,미설치,미설치
묘지현황,경상북도,성주군,(재)남양공원묘원,경상북도 성주군 선남면 관용로 401-41 (오도리),054-932-4444,null,www.nypark.co.kr,0,사설,450000,430000,2500,설치,설치,설치,미설치,미설치
묘지현황,경기도,포천시,신북면 제6공설묘지,경기도 포천시 신북면 삼정리 산179,031-538-4361,null,null,0,공설,0,0,0,미설치,미설치,미설치,미설치,미설치
묘지현황,인천광역시,강화군,넙성리공설묘지,인천광역시 강화군 불은면 넙성리 산5,032-937-5301,null,null,0,공설,3871,3871,68,미설치,미설치,미설치,미설치,미설치
묘지현황,경기도,여주시,하다리공설공원묘지,경기도 여주시 흥천면 하다리 78-3,031-887-3884,null,null,0,공설,4363,4363,220,미설치,미설치,미설치,미설치,미설치
묘지현황,인천광역시,강화군,상리공설묘지,인천광역시 강화군 삼산면 상리 산177,032-930-3342,null,null,0,공설,9132,5977,588,미설치,미설치,미설치,미설치,미설치
묘지현황,강원특별자치도,정선군,정선하늘공원,"강원특별자치도 정선군 여량면 서동로 3867-26 (남곡리, 정선하늘공원)",033-560-3437,null,www.jsimc.or.kr/layout/basic/page/page2/page07.html,25,공설,129500,19400,1429,설치,미설치,설치,설치,설치
묘지현황,제주특별자치도,제주시,애향묘지,제주특별자치도 제주시 노형동 산18-1,064-728-2563,null,null,0,공설,22810,22810,2074,미설치,미설치,미설치,미설치,미설치
묘지현황,경상북도,경산시,대구공원,경상북도 경산시 남천면 하도리 산185,053-816-0834,null,null,0,사설,4747,4747,395,미설치,미설치,미설치,미설치,미설치
묘지현황,경기도,가평군,서울노회유지재단 법인묘지,"경기도 가평군 상면 물골길 393 (봉수리, 남부교회수양관)",02-763-7279,null,null,0,사설,0,0,0,미설치,미설치,미설치,미설치,미설치
묘지현황,울산광역시,남구,재단법인울산공원묘원,울산광역시 남구 문수로217번길 34 (옥동),052-994-4004,null,www.ulsanpark.org/,200,사설,674541,230940,14992,설치,미설치,설치,미설치,미설치
묘지현황,경기도,양주시,우고리공설묘지,경기도 양주시 광적면 우고리 산1,031-8082-7610,null,null,0,공설,0,0,0,미설치,미설치,미설치,미설치,미설치
묘지현황,경기도,파주시,중림동성당묘원,"경기도 파주시 광탄면 혜음로 818-39 (분수리, 천주교중림공동묘지관리실)",031-947-0430,null,null,0,사설,0,0,4000,미설치,미설치,미설치,미설치,미설치
묘지현황,강원특별자치도,춘천시,춘천안식공원(묘지),"강원특별자치도 춘천시 동산면 종자리로 331-50 (군자리, 춘천시공설묘원)",033-263-6454,null,ccansikwon.co.kr/?c=2/13,10,공설,357797,247408,26500,설치,미설치,설치,설치,미설치
묘지현황,경기도,가평군,설악면공설묘지,경기도 가평군 설악면 선촌리 산50,031-580-4055,null,null,0,공설,16760,16760,1388,미설치,미설치,설치,미설치,설치
묘지현황,충청남도,보령시,보령시모란공원,충청남도 보령시 성주면 만수로 693 (개화리),041-933-5671,null,www.brsisul.or.kr/kor/sub01_03_01.do,0,공설,10642,10642,280,설치,설치,설치,미설치,설치
묘지현황,전라남도,나주시,금천면공설묘지(폐쇄),전라남도 나주시 금천면 오강리 산33,061-339-8475,null,null,0,공설,50083,50083,587,미설치,미설치,미설치,미설치,미설치
묘지현황,강원특별자치도,영월군,대야리공설묘지,강원특별자치도 영월군 김삿갓면 대야리 산56,033-370-2315,null,null,0,공설,0,0,0,미설치,미설치,미설치,미설치,미설치
묘지현황,인천광역시,강화군,초지리공설묘지,인천광역시 강화군 길상면 초지리 산20,032-930-3604,null,null,0,공설,295606,94956,8957,미설치,미설치,설치,미설치,미설치
묘지현황,충청북도,충주시,(재)충주공원묘원,충청북도 충주시 두루봉길 57 (목행동),043-853-3414,null,null,0,사설,0,132485,4560,설치,미설치,설치,설치,설치
묘지현황,경상북도,울진군,죽변화성리공설묘지,"경상북도 울진군 죽변면 성내길 116-9 (화성리, 울진공설묘지관리사무소)",054-789-6681,null,null,0,공설,320727,192430,10140,미설치,미설치,미설치,미설치,미설치
묘지현황,경기도,양주시,마전동공설묘지,경기도 양주시 마전동 산3,031-8082-7714,null,null,0,공설,0,0,0,미설치,미설치,미설치,미설치,미설치
묘지현황,경기도,평택시,안중공설묘지,경기도 평택시 안중읍 학현리 산12-1,031-8024-8526,null,null,0,공설,20589,20589,1768,미설치,미설치,설치,미설치,미설치
묘지현황,전북특별자치도,임실군,임실군공설묘지,전북특별자치도 임실군 성수면 월평리 산193,063-640-2605,null,null,0,공설,14073,14073,312,미설치,미설치,설치,미설치,미설치
묘지현황,전라남도,담양군,오룡군립묘원(묘지),전라남도 담양군 무정면 오룡리 산29,061-380-3384,null,null,50,공설,10347,4656,344,미설치,미설치,설치,설치,미설치
묘지현황,전북특별자치도,정읍시,정읍시립묘지,전북특별자치도 정읍시 입암면 연월리 산159,063-539-7153,null,null,0,공설,22131,22131,491,미설치,미설치,설치,미설치,미설치
묘지현황,경기도,포천시,가산면 제1공설묘지,경기도 포천시 가산면 감암리 산12,031-538-4311,null,null,0,공설,0,0,0,미설치,미설치,미설치,미설치,미설치
묘지현황,경기도,양주시,신산리공설묘지,경기도 양주시 남면 신산리 산13,031-8082-7580,null,null,0,공설,0,0,0,미설치,미설치,미설치,미설치,미설치
묘지현황,충청남도,예산군,예산군추모공원,"충청남도 예산군 응봉면 예당로 1345-12 (평촌리, 예산군추모공원)",041-339-8252,041-339-8259,null,0,공설,336561,148088,7493,설치,설치,설치,미설치,미설치
묘지현황,부산광역시,남구,천주교용호동공원묘지,부산광역시 남구 용호동 산232,051-629-8730,null,null,0,사설,5619,5619,0,미설치,미설치,미설치,미설치,미설치
묘지현황,제주특별자치도,제주시,어승생공설묘지,제주특별자치도 제주시 연동 2488-1,064-728-2563,null,null,0,공설,184265,101345,5067,미설치,미설치,설치,미설치,미설치
묘지현황,전북특별자치도,전주시,전주효자공원,"전북특별자치도 전주시 완산구 콩쥐팥쥐로 1705-138 (효자동3가, 전주승화원)",063-239-2694,null,www.jjss.or.kr/content02/02_02.asp,1000,공설,127600,109999,0,미설치,미설치,설치,미설치,미설치
묘지현황,대구광역시,대구광역시,대구시립공원묘지,경상북도 칠곡군 지천면 낙산로 87 (낙산리),053-312-0348,null,null,223,공설,89170,89170,4220,미설치,미설치,설치,미설치,미설치
묘지현황,경상북도,영덕군,삼계공설묘지,경상북도 영덕군 영덕읍 삼계리 산66,054-730-7104,null,null,0,공설,6611,6600,300,설치,미설치,설치,설치,미설치
묘지현황,경상북도,경주시,(재)대명공원묘원,경상북도 경주시 강동면 비학로 50-126 (단구리),054-762-3810,054-752-3811,null,1000,사설,177559,147581,13000,설치,미설치,설치,미설치,미설치
묘지현황,부산광역시,금정구,부산영락공원묘지,"부산광역시 금정구 금정도서관로 108 (두구동, 영락공원)",051-790-5000,051-508-6024,yeongnakpark.bisco.or.kr/burial/burial01/index.asp,0,공설,5,750932,29021,설치,설치,설치,설치,설치
묘지현황,경기도,포천시,재림공원묘원,경기도 포천시 소흘읍 송우로 101-16 (송우리),031-542-1081,null,null,250,사설,178067,133550,5980,설치,미설치,설치,미설치,미설치
묘지현황,인천광역시,강화군,삼성리공설묘지,인천광역시 강화군 불은면 삼성리 산77-2,032-937-5301,null,null,0,공설,194674,133564,60000,미설치,미설치,미설치,미설치,미설치
묘지현황,경기도,남양주시,(재)천주교평내공원묘원,경기도 남양주시 평내동 산45-1,02-727-2225,null,null,0,사설,145768,145768,3500,미설치,미설치,미설치,미설치,미설치
묘지현황,인천광역시,강화군,숭뢰리공설묘지,인천광역시 강화군 송해면 숭뢰리 산63,032-934-4302,null,null,0,공설,17157,17157,500,미설치,미설치,미설치,미설치,미설치
묘지현황,경기도,파주시,종로성당 나자렛묘원,경기도 파주시 광탄면 혜음로 1276-25 (신산리),031-947-0173,031-947-0173,www.jongnocc.com,150,사설,288387,288387,10000,미설치,미설치,설치,미설치,미설치
묘지현황,인천광역시,강화군,서검리공설묘지,인천광역시 강화군 삼산면 서검리 산50,032-930-3612,null,null,0,공설,160760,160760,4300,미설치,미설치,미설치,미설치,미설치
묘지현황,경상북도,칠곡군,(재)학명묘원,경상북도 칠곡군 동명면 학명리 산81-1,054-972-5560,null,null,200,사설,165000,99000,6689,설치,미설치,설치,설치,미설치
묘지현황,경기도,양주시,삼상리공설묘지,경기도 양주시 장흥면 삼상리 산34-1,031-8082-7634,null,null,0,공설,0,0,0,미설치,미설치,미설치,미설치,미설치
묘지현황,충청남도,논산시,진달래공원묘원,충청남도 논산시 벌곡면 벌곡로 234-161 (신양리),042-253-5770,042-256-5159,null,0,사설,0,0,0,미설치,미설치,설치,미설치,미설치
묘지현황,경기도,포천시,천주교혜화동성당 포천묘원,경기도 포천시 소흘읍 윗용상길 68 (이동교리),031-542-1410,null,null,150,사설,891000,44550,8000,미설치,미설치,설치,미설치,미설치
묘지현황,인천광역시,서구,양우회,인천광역시 서구 당하동  산161-1,032-563-5663,null,null,0,사설,19800,19800,1200,미설치,미설치,미설치,미설치,미설치
묘지현황,경기도,김포시,김포성당 매괴의모후묘원,경기도 김포시 승가로19번길 64 (풍무동),031-983-8811,null,null,0,사설,0,0,0,미설치,미설치,미설치,미설치,미설치
묘지현황,경기도,양주시,상수리공설묘지,경기도 양주시 남면 상수리 산21,031-8082-7580,null,null,0,공설,0,0,0,미설치,미설치,미설치,미설치,미설치
묘지현황,강원특별자치도,강릉시,(재)영동공원묘원,"강원특별자치도 강릉시 강동면 율곡로 2118-45 (안인리, 영동공원관리묘원사무소)",033-645-7444,null,null,150,사설,195479,1195479,5846,미설치,미설치,설치,미설치,미설치
묘지현황,전라남도,영암군,영암군덕진공설묘지,전라남도 영암군 덕진면 영보리 산24,061-470-2642,null,null,0,공설,20765,20765,200,미설치,미설치,미설치,미설치,미설치
묘지현황,경기도,남양주시,모란공원(묘지),경기도 남양주시 화도읍 경춘로2110번길 8-102 (월산리),031-594-6363,null,null,0,사설,103366,88456,13500,미설치,미설치,미설치,미설치,미설치
묘지현황,인천광역시,강화군,선두리공설묘지,인천광역시 강화군 길상면 선두리 산204,032-930-3604,null,null,0,공설,4959,4959,330,미설치,미설치,미설치,미설치,미설치
묘지현황,강원특별자치도,영월군,물미묘원,강원특별자치도 영월군 주천면 솔치로 240-120 (신일리),033-370-2823,null,null,0,공설,66998,6687,2444,미설치,설치,설치,미설치,미설치
묘지현황,충청북도,청주시,청주시목련공원묘지,충청북도 청주시 상당구 목련로 731 (월오동),043-270-8578,null,www.cjsisul.or.kr/home/sub.do?menukey=262,180,공설,108900,90000,6500,설치,설치,설치,설치,설치
묘지현황,경기도,광주시,문형공설묘지(만장),경기도 광주시 문형동 산65,031-760-2844,null,null,0,공설,19736,5457,574,미설치,미설치,미설치,미설치,미설치
묘지현황,경기도,포천시,내촌면 제3공설묘지,경기도 포천시 내촌면 마명리 산38,031-538-4261,null,null,0,공설,0,0,0,미설치,미설치,미설치,미설치,미설치
묘지현황,강원특별자치도,양양군,양양군공설묘원,"강원특별자치도 양양군 양양읍 남대천로 251-121 (월리, 양양군공설묘원)",033-670-2163,null,null,0,공설,114369,114369,3600,미설치,미설치,설치,설치,미설치
묘지현황,경기도,양주시,비암리공설묘지,경기도 양주시 광적면 비암리 산18,031-8082-7610,null,null,0,공설,0,0,0,미설치,미설치,미설치,미설치,미설치
묘지현황,전라남도,장흥군,장흥공설공원묘지,"전라남도 장흥군 장흥읍 금산신기길 131 (금산리, 공원묘지관리실)",061-863-0454,null,null,30,공설,73758,73758,5966,미설치,미설치,설치,미설치,미설치
묘지현황,경기도,의정부시,의정부시공설묘지,경기도 양주시 광적면 석우리 산19,031-828-4195,null,www.15774129.go.kr/portal/fnlfac/facList.do,30,공설,17415,17415,1118,미설치,미설치,설치,미설치,미설치
묘지현황,경기도,양평군,(재)자하연팔당(묘지),경기도 양평군 양서면 목왕로688번길 71 (목왕리),031-772-7102,031-719-2739,www.jahayeon.com,60,사설,333886,228230,1000,미설치,미설치,설치,설치,미설치
묘지현황,전라남도,나주시,남평읍공설묘지,전라남도 나주시 남평읍 교원리 산10-1,061-339-3527,null,null,0,공설,135150,135150,1954,미설치,미설치,미설치,미설치,미설치
묘지현황,인천광역시,부평구,인천가족공원 묘지,인천광역시 부평구 평온로 61 (부평동),032-456-2320,032-456-2324,www.insiseol.or.kr/life/family,0,공설,1553036,1553036,37748,설치,설치,설치,설치,설치
묘지현황,경상북도,경산시,경산공원묘원,경상북도 경산시 남천면 남성현로 1011-208 (하도리),053-814-9900,null,null,0,사설,6248,6248,18,미설치,미설치,미설치,미설치,미설치
묘지현황,경상남도,고성군,(재)이화공원묘원,경상남도 고성군 상리면 장치로 220-107 (자은리),055-674-0909,null,null,0,사설,217301,204860,13330,설치,미설치,설치,미설치,미설치
묘지현황,경기도,포천시,신북면 제3공설묘지,경기도 포천시 신북면 삼성당리 산83,031-538-4361,null,null,0,공설,0,0,0,미설치,미설치,미설치,미설치,미설치
묘지현황,인천광역시,옹진군,연평리공설묘지,인천광역시 옹진군 연평면 연평리 산10-113,032-899-2333,null,null,0,공설,0,0,0,미설치,미설치,미설치,미설치,미설치
묘지현황,경기도,양주시,천주교길음동성당 묘원,경기도 양주시 장흥면 호국로785번길 18-96 (울대리),02-912-4611,null,null,0,사설,0,0,0,미설치,미설치,미설치,미설치,미설치
묘지현황,전북특별자치도,고창군,부안용산공설묘지,전북특별자치도 고창군 부안면 복분자로 567-2 (용산리),063-560-2614,null,null,0,공설,114444,86133,4205,설치,설치,설치,설치,미설치
묘지현황,전북특별자치도,군산시,(재)봉황공원묘지,전북특별자치도 군산시 임피면 미원리 산100-1,063-453-5533,null,null,100,사설,89171,89171,5017,설치,미설치,설치,설치,미설치
묘지현황,인천광역시,강화군,주문공설묘지,인천광역시 강화군 서도면 주문도리 산33,032-934-2183,null,null,0,공설,19851,19851,2816,미설치,미설치,미설치,미설치,미설치
묘지현황,경기도,김포시,김포공원법인묘지(풍무),경기도 김포시 장릉로 75 (풍무동),031-984-5941,null,null,0,사설,110880,110880,3,미설치,미설치,설치,미설치,미설치
묘지현황,제주특별자치도,서귀포시,색달동공설묘지,제주특별자치도 서귀포시 색달동 산2-1,064-760-6522,null,null,0,공설,147023,109420,10450,설치,설치,설치,설치,미설치
묘지현황,전북특별자치도,진안군,후방산 공설묘지,"전북특별자치도 진안군 진안읍 중앙로 67 (군하리, 진안군청)",063-430-2314,null,null,0,공설,0,0,0,미설치,미설치,미설치,미설치,미설치
묘지현황,제주특별자치도,제주시,조천장로교회묘지,제주특별자치도 제주시 조천읍 와산리 462,064-783-6078,null,null,0,사설,165000,99000,6689,미설치,미설치,설치,미설치,미설치
묘지현황,경기도,양주시,도하리공설묘지,경기도 양주시 은현면 도하리 산47,031-8082-7550,null,null,0,공설,0,0,0,미설치,미설치,미설치,미설치,미설치
묘지현황,전라남도,여수시,여수시공설묘지공원,전라남도 여수시 소라면 봉두리 산190,061-685-8100,061-659-5889,yeosu.go.kr,4,공설,595830,595830,22846,미설치,설치,설치,설치,미설치
묘지현황,전라남도,완도군,완도군추모공원,전라남도 완도군 군외면 청해진서로 1702 (삼두리),061-550-5328,null,null,40,공설,116474,27740,1000,미설치,미설치,설치,설치,미설치
묘지현황,인천광역시,강화군,외포리공설묘지,인천광역시 강화군 내가면 외포리 산98-1,032-930-3607,null,null,0,공설,112397,9200,2000,미설치,미설치,미설치,미설치,미설치
묘지현황,인천광역시,강화군,덕하1리공설묘지,인천광역시 강화군 양사면 덕하리 산304,032-934-2183,null,null,0,공설,324376,205855,9896,미설치,미설치,미설치,미설치,미설치
묘지현황,인천광역시,강화군,당산리공설묘지,인천광역시 강화군 송해면 당산리 산58,032-934-4302,null,null,0,공설,236230,78804,3667,미설치,미설치,미설치,미설치,미설치
묘지현황,제주특별자치도,제주시,우도면공설묘지,제주특별자치도 제주시 우도면 연평리 394,064-728-4331,null,null,0,공설,152580,15420,939,미설치,미설치,미설치,미설치,미설치
묘지현황,경기도,포천시,금호동성당 천보묘원(묘지),경기도 포천시 화합로 116 (동교동),031-541-0098,null,"kumho1.enk.co,kr",700,사설,225124,68100,8000,미설치,미설치,설치,미설치,미설치
묘지현황,경상북도,안동시,(재)안동추모공원(묘지),경상북도 안동시 풍산읍 본마을길 36-69 (노리),054-843-7023,null,www.andongpark.net,0,사설,0,0,0,미설치,설치,설치,설치,미설치
묘지현황,강원특별자치도,철원군,(재)목련공원묘원,"강원특별자치도 철원군 서면 싸리골길 133 (자등리, 목련공원)",033-458-4444,null,www.mrmpark.co.kr,200,사설,340000,152000,15000,미설치,설치,설치,미설치,미설치
묘지현황,인천광역시,중구,영종공설묘지(신규매장불가),인천광역시 중구 운북동 132-80,032-746-1672,null,null,10,공설,116003,47223,2150,설치,미설치,설치,설치,미설치
묘지현황,전북특별자치도,익산시,익산하늘공원묘지,"전북특별자치도 익산시 무왕로 1471-63 (석왕동, 익산공원묘지)",063-859-3847,063-859-5072,null,0,공설,0,56436,4948,미설치,설치,설치,설치,미설치
묘지현황,서울특별시,서울특별시,용미리제2묘지,"경기도 파주시 광탄면 진지로 151 (용미리, 추모의집)",031-943-3937,null,www.memorial-zone.or.kr,100,공설,199980,198347,12000,설치,설치,설치,설치,설치
묘지현황,경기도,구리시,구리시공설묘지,경기도 구리시 사노동 산175-20,031-550-2955,null,null,0,공설,2466,2466,25,미설치,미설치,미설치,미설치,미설치
묘지현황,경상북도,경산시,(재)금곡장미공원,경상북도 경산시 남천면 금곡길 28-75 (금곡리),053-814-8800,null,null,0,사설,7119,7119,45,미설치,미설치,미설치,미설치,미설치
묘지현황,인천광역시,옹진군,신도리공설묘지,인천광역시 옹진군 북도면 신도리 산153-1,032-899-2333,null,null,0,공설,29058,29058,852,미설치,미설치,미설치,미설치,미설치
묘지현황,제주특별자치도,서귀포시,표선면공설묘지,제주특별자치도 서귀포시 표선면 서성일로189번길 313 (성읍리),064-760-4431,null,null,0,공설,28628,28628,2711,설치,미설치,설치,설치,미설치
묘지현황,전라남도,나주시,문평면공설묘지,전라남도 나주시 문평면 북동리 산119-3,061-339-8474,null,null,0,공설,1320,109,109,미설치,미설치,미설치,미설치,미설치
묘지현황,경기도,파주시,통일촌공설묘지,경기도 파주시 군내면 백연리 산27,031-940-8246,null,null,0,공설,0,80722,5128,미설치,미설치,설치,미설치,미설치
묘지현황,경상남도,거창군,북상공설공원묘지,경상남도 거창군 북상면 월성리 산150,055-940-3892,null,www.geochang.go.kr/welfare/Index.do?c=WL0306040200,0,공설,39140,39140,360,미설치,미설치,미설치,미설치,미설치
묘지현황,인천광역시,강화군,볼음공설묘지,인천광역시 강화군 서도면 볼음도리 산82,032-934-2183,null,null,0,공설,290876,211785,12120,미설치,미설치,설치,미설치,미설치
묘지현황,전라남도,나주시,동강면공설묘지,전라남도 나주시 동강면 월양리 15-11,061-339-3538,null,null,0,공설,65240,65240,827,미설치,미설치,미설치,미설치,미설치
묘지현황,충청남도,보령시,보령시마을단위공원묘지,충청남도 보령시 웅천읍 수부리 산33-1,043-930-4503,043-930-4503,null,0,공설,0,0,0,미설치,미설치,미설치,미설치,미설치
묘지현황,경상북도,경주시,(재)경주공원묘원,경상북도 경주시 강동면 오금큰길 505 (왕신리),054-763-4444,null,www.gjpark.co.kr,0,사설,645457,949710,26940,설치,설치,설치,설치,설치
묘지현황,경상남도,양산시,(재)석계공원묘원,"경상남도 양산시 상북면 오룡길 148-45 (외석리, 석계공원묘지)",055-374-8436,null,www.skpark.co.kr,500,사설,2836118,2826118,43866,미설치,설치,설치,설치,미설치
묘지현황,인천광역시,강화군,망월리공설묘지,인천광역시 강화군 하점면 망월리 산 44,032-930-4473,null,null,0,공설,16661,5000,399,미설치,미설치,설치,미설치,미설치
묘지현황,인천광역시,강화군,인화리공설묘지,인천광역시 강화군 양사면 인화리 산336,032-934-2183,null,null,0,공설,13290,13290,295,미설치,미설치,미설치,미설치,미설치
묘지현황,서울특별시,서울특별시,내곡리묘지,경기도 남양주시 진접읍 내곡리 558-3,02-434-3337,,,0,공설,218745,218745,6900,미설치,미설치,미설치,미설치,미설치
묘지현황,강원특별자치도,원주시,(재)원주공원묘원,강원특별자치도 원주시 귀래면 귀문로 599 (귀래리),033-765-0165,null,null,0,사설,150081,0,9000,미설치,미설치,미설치,미설치,미설치
묘지현황,충청남도,당진시,남부권공설묘지,"충청남도 당진시 대호지면 봉선길 123 (장정리, 어성정공동묘지)",041-362-7387,null,www.dangjin.go.kr/html/welf/old/old_07_05.html,0,공설,29554,29554,0,미설치,미설치,미설치,미설치,미설치
묘지현황,인천광역시,옹진군,이작리공설묘지,"인천광역시 옹진군 자월면 대이작로42번길 90 (이작리, 이작리공설묘지공원)",032-899-2333,null,null,0,공설,3967,3967,88,미설치,미설치,미설치,미설치,미설치
묘지현황,제주특별자치도,제주시,(재)대한예수교장로회 기독교공동묘원,제주특별자치도 제주시 아라일동 296,064-753-1231,null,null,0,사설,9620,9620,213,미설치,미설치,미설치,미설치,미설치
묘지현황,강원특별자치도,동해시,동해시하늘정원묘지,"강원특별자치도 동해시 강원남부로 4589 (단봉동, 동해시하늘정원)",033-530-2796,033-530-2735,null,0,공설,240383,240383,12903,미설치,미설치,설치,미설치,미설치
묘지현황,경상남도,고성군,장기공설공원묘원,경상남도 고성군 동해면 장기리 산209-2,055-670-2372,null,null,0,공설,10090,10090,15372,미설치,미설치,미설치,미설치,미설치
묘지현황,충청남도,천안시,(재)풍산공원묘원,"충청남도 천안시 동남구 병천면 풍산공원길 70 (봉항리, 풍산공원묘역)",041-554-4199,041-554-4197,www.pungsanpark.co.kr,800,사설,484131,484131,18043,미설치,미설치,설치,설치,미설치
묘지현황,인천광역시,서구,인천기독교장로회묘지,인천광역시 서구 당하동 산178-2,null,null,null,0,사설,281785,281785,12505,미설치,미설치,미설치,미설치,미설치
묘지현황,대구광역시,북구,대구중앙교회 부활의동산,대구광역시 북구 읍내동 산58,053-341-2511,null,null,0,사설,0,0,0,미설치,미설치,미설치,미설치,미설치
묘지현황,경기도,가평군,가평추모공원(구 제2공설묘지),경기도 가평군 가평읍 읍내리 산125,031-580-2583,null,null,0,공설,0,0,0,미설치,미설치,미설치,미설치,미설치
묘지현황,경기도,광주시,(재)충현동산,경기도 광주시 용샘길 115-25 (목현동),031-764-9617,null,www.충현교회.net,100,사설,115042,0,4747,설치,미설치,설치,설치,설치
묘지현황,경상북도,김천시,천주교 김천공원묘지,경상북도 김천시 개령면 황계길 280-41 (황계리),054-433-3880,null,null,100,사설,0,0,0,미설치,미설치,설치,설치,미설치
묘지현황,대구광역시,북구,대구중부교회묘지,대구광역시 북구 관음동 산74-1,053-424-5381,null,null,0,사설,43371,38385,3487,미설치,미설치,설치,설치,미설치
묘지현황,경상남도,창원시 마산합포구,창원공원묘원(묘지),경상남도 창원시 마산합포구 진동면 공원묘원로 134 (인곡리),055-271-1700,055-271-3545,www.changwonpark.kr,3800,사설,1553617,645258,34217,미설치,설치,설치,미설치,미설치
묘지현황,강원특별자치도,횡성군,횡성군공설추모공원(묘지),강원특별자치도 횡성군 갑천면 태기로구방8길 132 (구방리),033-340-2904,null,null,0,공설,10020,10020,66,미설치,설치,설치,설치,미설치
묘지현황,인천광역시,서구,하늘의문(당하동),인천광역시 서구 당하동 산152,032-564-4131,null,null,0,사설,14479,14479,50,미설치,미설치,설치,미설치,미설치
묘지현황,대구광역시,군위군,재단법인금산공원묘원,대구광역시 군위군 효령면 점말길 23-55 (고곡리),054-382-9623,054-383-9623,null,0,사설,20839,20839,1569,미설치,미설치,설치,미설치,미설치
묘지현황,인천광역시,강화군,아차공설묘지,인천광역시 강화군 서도면 아차도리 산13,032-934-2183,null,null,0,공설,8033,8033,300,미설치,미설치,미설치,미설치,미설치
묘지현황,제주특별자치도,서귀포시,모슬포교회 공동묘지,제주특별자치도 서귀포시 대정읍 동일리 1277,064-794-9427,null,null,0,사설,234220,234220,30000,미설치,미설치,설치,미설치,미설치
묘지현황,인천광역시,강화군,두운리공설묘지,인천광역시 강화군 불은면 두운리 산243,032-937-5301,null,null,0,공설,3372,2698,246,미설치,미설치,설치,미설치,미설치
묘지현황,강원특별자치도,강릉시,청솔공원,"강원특별자치도 강릉시 사천면 청솔공원길 334 (석교리, 청솔공원관리사무소)",033-660-3857,null,www.gangneung.go.kr/sub/department/contents.jsp?dcod=department/020004/menu_7/menu_7_3,336,공설,248000,248000,19094,설치,설치,설치,설치,설치
묘지현황,경상남도,양산시,신불산공원묘원,경상남도 양산시 어실로 604 (어곡동),055-388-4567,055-363-0590,www.shinbulsanpark.co.kr,0,사설,0,0,12903,설치,설치,설치,미설치,미설치
묘지현황,충청북도,청주시,천주교가덕공원묘지,충청북도 청주시 상당구 가덕면 시동리 산15,043-298-5880,null,null,0,사설,61436,61304,6543,미설치,미설치,설치,미설치,미설치
묘지현황,인천광역시,강화군,고능리공설묘지,인천광역시 강화군 불은면 고능리 172,032-937-5301,null,null,0,공설,18446,18446,155,미설치,미설치,미설치,미설치,미설치
묘지현황,경기도,여주시,점봉동 공원묘지,경기도 여주시 점봉동 산11-3,031-887-3771,null,null,0,공설,5752,5752,127,미설치,미설치,설치,미설치,미설치
묘지현황,인천광역시,강화군,길직2리공설묘지,인천광역시 강화군 길상면 길직리 1164-2,032-930-3604,null,null,0,공설,9083,9083,92,미설치,미설치,미설치,미설치,미설치
묘지현황,경기도,연천군,답곡리공설묘지,경기도 연천군 신서면 답곡리 산269,031-839-2217,null,null,0,공설,15821,15821,1237,미설치,미설치,미설치,미설치,미설치
묘지현황,인천광역시,강화군,장화리공설묘지,인천광역시 강화군 화도면 장화리 산354,032-930-3605,null,null,0,공설,1983,1983,44,미설치,미설치,미설치,미설치,미설치
묘지현황,경기도,연천군,군남면공설묘지,경기도 연천군 군남면 선곡리 산193,031-839-2723,null,null,0,공설,9016,9016,178,미설치,미설치,미설치,미설치,미설치
묘지현황,경기도,파주시,대한예수교장로회 서대문교회묘지,경기도 파주시 탄현면 법흥리 산59-4,02-360-8900,02-360-8900,null,0,사설,0,0,0,미설치,미설치,미설치,미설치,미설치
묘지현황,경기도,시흥시,정왕공설묘지,경기도 시흥시 정왕동 산2-1,031-310-2265,null,null,0,공설,83029,83029,500,미설치,미설치,설치,미설치,미설치
묘지현황,경기도,양주시,광석리공설묘지,경기도 양주시 광적면 광석리 산1,031-8082-7610,null,null,0,공설,0,0,0,미설치,미설치,미설치,미설치,미설치
묘지현황,경기도,파주시,청암교회(청암동산),경기 파주시 조리읍 뇌조리 568-5,02-702-6761,null,null,0,사설,0,0,0,미설치,미설치,미설치,미설치,미설치
묘지현황,전북특별자치도,정읍시,(재)화신공원묘원,"전북특별자치도 정읍시 옹동면 옹동용호길 110-76 (용호리, 화신묘원)",063-538-4905,null,null,200,사설,139523,139523,7992,설치,미설치,설치,설치,미설치
묘지현황,경기도,양주시,광사동공설묘지,경기도 양주시 광사동 산137-1,031-8082-7750,null,null,0,공설,0,0,0,미설치,미설치,미설치,미설치,미설치
묘지현황,대구광역시,대구광역시,동명가족묘지,경상북도 칠곡군 동명면 경북대로 456-6 (금암리),054-977-6377,null,null,20,공설,931627,931627,2864,미설치,미설치,설치,미설치,미설치
묘지현황,인천광역시,강화군,봉소리공설묘지,인천광역시 강화군 교동면 봉소리 180-1,032-930-3611,null,null,0,공설,177559,147587,11160,미설치,미설치,미설치,미설치,미설치
묘지현황,대구광역시,북구,대구칠곡교회묘지,대구광역시 북구 국우동 산84,053-324-9191,null,null,0,사설,0,0,0,미설치,미설치,미설치,미설치,미설치
묘지현황,경기도,광주시,(재)자하연분당(묘지),"경기도 광주시 대명대길 57 (능평동, 판교공원묘지)",031-719-2780,null,www.jahayeon.com,200,사설,227935,117160,1000,미설치,미설치,설치,설치,설치
묘지현황,경기도,양주시,한산리공설묘지,경기도 양주시 남면 한산리 220,031-8082-7580,null,null,0,공설,0,0,0,미설치,미설치,미설치,미설치,미설치
묘지현황,전라남도,나주시,반남면공설묘지,전라남도 나주시 반남면 흥덕리 302-33,061-339-3658,null,null,0,공설,12872,12872,108,미설치,미설치,미설치,미설치,미설치
묘지현황,전라남도,나주시,왕곡면공설묘지,전라남도 나주시 왕곡면 덕산리 산74,061-339-3639,null,null,0,공설,99141,99142,875,미설치,미설치,설치,미설치,미설치
묘지현황,경기도,광주시,(재)한남공원묘원,경기도 광주시 매자리길 185-22 (매산동),031-765-0076,null,www.hannampark.com,500,사설,187042,300,7465,미설치,미설치,설치,설치,미설치
묘지현황,경상남도,거창군,가조공설공원묘지,경상남도 거창군 가조면 일부리 산5,055-940-3892,null,www.geochang.go.kr/welfare/Index.do?c=WL0306040200,0,공설,13107,13107,3540,미설치,미설치,미설치,미설치,미설치
묘지현황,경기도,포천시,신북면 제5공설묘지,경기도 포천시 신북면 삼정리 산181,031-538-4361,null,null,0,공설,0,0,0,미설치,미설치,미설치,미설치,미설치
묘지현황,인천광역시,강화군,동검리공설묘지,인천광역시 강화군 길상면 동검리 산122,032-930-3604,null,null,0,공설,13075,13075,660,미설치,미설치,미설치,미설치,미설치
묘지현황,인천광역시,강화군,양오리공설묘지,인천광역시 강화군 송해면 양오리 산184,032-930-3342,null,null,0,공설,12099,12099,611,미설치,미설치,미설치,미설치,미설치
묘지현황,경기도,양주시,선암리공설묘지,경기도 양주시 은현면 선암리 산66-1,031-8082-7550,null,null,0,공설,0,0,0,미설치,미설치,미설치,미설치,미설치
묘지현황,강원특별자치도,화천군,화천공원묘원,강원특별자치도 화천군 하남면 원천리 9-13,033-440-2316,null,www.provin.gangwon.kr/gw/portal/sub07_02_07_01,0,공설,1749,1749,58,미설치,미설치,미설치,미설치,미설치
묘지현황,인천광역시,서구,인천호남향우회,인천광역시 서구 당하동  산179-1,032-439-6767,null,null,50,사설,1668729,1668729,1000,미설치,미설치,설치,미설치,미설치
묘지현황,대구광역시,수성구,가톨릭 범물공원묘원,대구광역시 수성구 범안로 120 (범물동),053-250-3000,null,null,30,사설,101960,45726,5102,미설치,미설치,설치,미설치,미설치
묘지현황,경상남도,사천시,사천시공설묘지,경상남도 사천시 사천읍 구암리 산15-2,055-831-2652,null,null,0,공설,58796,58796,4300,미설치,미설치,미설치,미설치,미설치
묘지현황,경기도,파주시,탄현면공설묘지,경기도 파주시 탄현면 금승리 산22,031-940-8085,null,null,0,공설,0,16699,650,미설치,미설치,설치,미설치,미설치
묘지현황,강원특별자치도,평창군,평창군 공설묘지,"강원특별자치도 평창군 방림면 서동로 1741-36 (방림리, 평창공원묘지)",033-339-9026,null,www.pcfmc.or.kr/facilities04,120,공설,0,65687,2140,설치,미설치,설치,미설치,미설치
묘지현황,경기도,남양주시,신당동성당 소화묘원,"경기도 남양주시 조안면 다산로 363 (능내리, 천주교신당동교회)",031-576-1461,null,null,0,사설,218745,218745,6900,미설치,미설치,설치,미설치,미설치
묘지현황,광주광역시,북구,망월묘지공원,광주광역시 북구 민주로 285 (운정동),062-266-8170,null,null,0,공설,17020,17020,932,미설치,미설치,설치,미설치,미설치
묘지현황,경기도,남양주시,(재)천주교세종로묘원,경기도 남양주시 별내동 산193-1,031-571-8800,null,www.sejonglo.org,50,사설,205965,150612,3500,미설치,미설치,설치,설치,미설치
묘지현황,인천광역시,강화군,남산리공설묘지,인천광역시 강화군 강화읍 남산리 산50,032-934-0003,null,null,0,공설,12496,12496,47,미설치,미설치,미설치,미설치,미설치
묘지현황,경기도,포천시,낙원공원 의정부묘원,경기도 포천시 소흘읍 무봉로 9-94 (무봉리),031-542-1058,null,null,150,사설,191505,191505,7370,미설치,미설치,설치,설치,미설치
묘지현황,경기도,파주시,동화경모공원(묘지),"경기도 파주시 탄현면 헤이리로 98 (법흥리, 동화경모공원)",031-945-3226,null,donghwapark.co.kr/,0,사설,779925,779925,30130,설치,미설치,설치,미설치,미설치
묘지현황,인천광역시,강화군,미법리공설묘지,인천광역시 강화군 삼산면 미법리 산12,032-930-3342,null,null,0,공설,58314,19835,1800,미설치,미설치,미설치,미설치,미설치
묘지현황,인천광역시,강화군,신현리공설묘지,인천광역시 강화군 불은면 신현리 산59,032-937-5301,null,null,0,공설,10413,10413,922,미설치,미설치,미설치,미설치,미설치
묘지현황,충청남도,당진시,솔뫼공설묘지,충청남도 당진시 우강면 우강송산로 64 (송산리),041-363-4786,null,www.dangjin.go.kr/html/welf/old/old_07_04.html,0,공설,9620,9620,85,미설치,미설치,설치,미설치,미설치
묘지현황,경기도,포천시,영중면 제1공설묘지,경기도 포천시 영중면 금주리 산180,031-538-4461,null,null,0,공설,0,0,0,미설치,미설치,미설치,미설치,미설치
묘지현황,전라남도,장흥군,유치공설공원묘지,전라남도 장흥군 유치면 대리 산105-1,061-863-0454,null,null,10,공설,25811,25811,2400,미설치,미설치,설치,미설치,미설치
묘지현황,경상북도,상주시,상주시공설묘지(만장),경상북도 상주시 낙동면 신상리 산8-1,054-532-5704,null,null,0,공설,694,694,174,미설치,미설치,미설치,미설치,미설치
묘지현황,경상북도,경주시,서라벌공원묘원,경상북도 경주시 서면 갠버불길 183-119 (운대리),054-751-1444,null,www.seorabolpark.com,0,사설,154860,95430,4747,설치,설치,설치,미설치,미설치
묘지현황,경상남도,거창군,월평공설공원묘지,경상남도 거창군 남상면 월평리 산201,055-940-3892,null,www.geochang.go.kr/welfare/Index.do?c=WL0306040200,0,공설,4129,4129,313,미설치,미설치,미설치,미설치,미설치
묘지현황,전라남도,여수시,(재)광주대교구 여수천주교공원묘원,전라남도 여수시 소라면 봉두리 산190-6,061-666-5004,null,null,50,사설,127747,101960,5567,설치,미설치,설치,미설치,미설치
묘지현황,경기도,김포시,김포공원법인묘지(대곶),경기도 김포시 대곶면 상마신기로 82-58 (상마리),031-987-2075,null,null,0,사설,65327,65327,120,미설치,미설치,설치,미설치,미설치
묘지현황,경기도,안성시,금광공설묘지,경기도 안성시 금광면 금광리 산29,031-678-2232,null,null,0,공설,1190,1190,81,미설치,미설치,미설치,미설치,미설치
묘지현황,인천광역시,서구,하늘의문(마전동),인천광역시 서구 마전동 산164,032-564-4131,null,null,0,사설,3963,3963,448,미설치,미설치,설치,미설치,미설치
묘지현황,제주특별자치도,제주시,신동아교회묘지,제주특별자치도 제주시 해안동 195,064-799-5272,null,null,0,사설,17554,17554,520,미설치,미설치,미설치,미설치,미설치
묘지현황,충청남도,천안시 동남구,재단법인 로엠(묘지),충청남도 천안시 동남구 광덕면 광덕로 383 (신덕리),1544-4471,041-567-0535,www.hurian.com,1000,사설,1083527,1005969,41542,설치,설치,설치,설치,미설치
묘지현황,전북특별자치도,익산시,여산공설묘지,"전북특별자치도 익산시 여산면 가람로 515-50 (두여리, 국군유공자위령공원묘지)",063-833-3657,null,null,0,공설,30625,30625,2425,미설치,미설치,설치,미설치,미설치
묘지현황,경기도,파주시,최자실기도원 공원묘지,경기도 파주시 조리읍 오산리 산86,031-947-0091,null,null,0,사설,0,0,0,미설치,미설치,미설치,미설치,미설치
묘지현황,대구광역시,대구광역시,성서공동묘지,대구광역시 달서구 달구벌대로276길 122 (장동),053-586-6444,null,null,5,공설,144724,144724,3221,미설치,미설치,설치,미설치,미설치
묘지현황,대구광역시,중구,천주교 대구대교구청 성직자묘지,"대구광역시 중구 남산로4길 112 (남산동, 신관)",053-250-3002,null,null,0,사설,1322,1322,79,설치,미설치,설치,미설치,미설치
묘지현황,인천광역시,강화군,말도공설묘지,인천광역시 강화군 서도면 말도리 산21,032-934-2183,null,null,0,공설,8265,6612,916,미설치,미설치,미설치,미설치,미설치
묘지현황,경기도,양평군,별그리다(THE HILL),"경기도 양평군 양동면 양동금곡1길 331 (삼산리, 양평공원묘원)",031-333-1111,031-774-4710,www.star4ever.com,1300,사설,496200,180491,13499,설치,미설치,설치,설치,설치
묘지현황,경기도,평택시,송탄공설묘지,경기도 평택시 가재동 산64-1,031-8024-6273,null,null,0,공설,10413,10413,115,미설치,미설치,설치,미설치,미설치
묘지현황,전북특별자치도,완주군,(재)호정공원(묘지),전북특별자치도 완주군 화산면 운곡로 381-64 (운곡리),063-214-1009,null,www.hjcloud9.com/,480,사설,103763,24934,2968,미설치,미설치,설치,설치,설치
묘지현황,강원특별자치도,삼척시,삼척시추모공원 묘지 제2단지,강원특별자치도 삼척시 강원남부로 4540 (등봉동),033-574-7912,033-574-7912,null,0,공설,0,0,0,미설치,미설치,미설치,미설치,미설치
묘지현황,전라남도,나주시,영산동공설묘지,전라남도 나주시 평산동 산65-4,061-339-8475,null,null,0,공설,285322,142661,9415,미설치,미설치,미설치,미설치,미설치
묘지현황,인천광역시,옹진군,선재리공설묘지,인천광역시 옹진군 영흥면 선재로226번길 85 (선재리),032-899-2333,null,null,0,공설,1653,1653,70,미설치,미설치,미설치,미설치,미설치
묘지현황,경상북도,경산시,(재)경맥백합공원,경상북도 경산시 남천면 남천로 188-60 (흥산리),053-813-6044,null,null,80,사설,109807,98000,10895,미설치,미설치,설치,미설치,미설치
묘지현황,충청북도,충주시,(재)진달래문화재단,충청북도 충주시 앙성면 와평2길 84 (지당리),043-855-4444,null,www.jindallae.kr,30,사설,68628,27192,18000,미설치,설치,설치,미설치,미설치
묘지현황,경기도,김포시,양택공원묘지,"경기도 김포시 하성면 애기봉로681번길 87-30 (양택리, 양택공원묘지)",031-980-2215,null,null,0,공설,25938,19638,847,미설치,미설치,설치,미설치,미설치
묘지현황,경기도,포천시,전농동성당 평화묘원,경기도 포천시 화현면 영일로368번길 66 (지현리),031-532-9723,null,null,500,사설,0,0,0,설치,미설치,설치,설치,설치
묘지현황,전라남도,구례군,구례군공설묘지,전라남도 구례군 마산면 사도리 산34,061-781-6095,null,gurye.go.kr,15,공설,10489,10489,77,미설치,미설치,미설치,미설치,미설치
묘지현황,강원특별자치도,양구군,양구군공설묘지,"강원특별자치도 양구군 양구읍 금강산로 518-25 (하리, 양구군장례식장,장례식장)",033-480-2576,null,null,30,공설,6744,6744,280,미설치,미설치,설치,미설치,미설치
묘지현황,경상남도,함안군,함안군공설추모공원,"경상남도 함안군 가야읍 봉수로 609 (도항리, 함안군공설추모공원)",055-582-1207,null,hamanhaneul.or.kr/,0,공설,50816,16150,6400,설치,미설치,설치,미설치,설치
묘지현황,전북특별자치도,고창군,아산주진공설묘지,전북특별자치도 고창군 아산면 주진리 산16,063-560-2603,null,null,0,공설,33952,33952,1415,미설치,미설치,설치,미설치,미설치
묘지현황,경상남도,거창군,가북공설공원묘지,경상남도 거창군 가북면 용암리 산125,055-940-3892,null,www.geochang.go.kr/welfare/Index.do?c=WL0306040200,0,공설,4165,4165,4,미설치,미설치,미설치,미설치,미설치
묘지현황,제주특별자치도,서귀포시,상효동공설묘지,제주특별자치도 서귀포시 상효동 1927,064-760-6521,null,null,0,공설,0,0,0,미설치,미설치,미설치,미설치,미설치
묘지현황,강원특별자치도,원주시,충효공원묘원,강원특별자치도 원주시 문막읍 만디길 62-58 (궁촌리),033-732-0044,null,null,0,사설,323399,323399,20000,설치,미설치,설치,미설치,미설치
묘지현황,경기도,의왕시,이동공설묘지(만장),경기도 의왕시 이동 산57,031-345-2833,null,null,0,공설,0,0,0,미설치,미설치,미설치,미설치,미설치
묘지현황,경기도,가평군,북면공설묘지,경기도 가평군 북면 제령리 산78-3,031-580-4255,null,null,0,공설,41500,28265,2689,미설치,미설치,미설치,미설치,미설치
묘지현황,인천광역시,강화군,신정리공설묘지,인천광역시 강화군 선원면 신정리 산63,032-930-3702,null,null,0,공설,6248,6248,840,미설치,미설치,미설치,미설치,미설치
묘지현황,서울특별시,중랑구,망우역사문화공원,"서울특별시 중랑구 망우로91길 2 (망우동, 중랑망우공간)",02-496-8976,null,manguripark.or.kr,28,공설,785554,0,47631,미설치,설치,설치,미설치,미설치
묘지현황,전라남도,나주시,영강동공설묘지,전라남도 나주시 안창동 97,061-339-8473,null,null,0,공설,9818,2969,14,미설치,미설치,미설치,미설치,미설치
묘지현황,인천광역시,강화군,덕포리공설묘지,인천광역시 강화군 화도면 덕포리 산83,032-930-3605,null,null,0,공설,17851,17851,344,미설치,미설치,설치,미설치,미설치
묘지현황,경상북도,경주시,천부교추모공원,경상북도 경주시 양남면 효동리 1779,051-721-4130,null,null,213,사설,157976,157976,10529,설치,미설치,설치,설치,미설치
묘지현황,경기도,여주시,광대리 공원묘지,경기도 여주시 세종대왕면 광대리 198-18,031-887-2264,null,null,0,공설,0,0,0,미설치,미설치,미설치,미설치,미설치
묘지현황,제주특별자치도,제주시,천아오름공원묘지,제주특별자치도 제주시 한림읍 광산로 11-50 (상대리),064-796-4044,null,null,0,사설,24080,24080,450,미설치,미설치,설치,미설치,미설치
묘지현황,제주특별자치도,제주시,조천읍공설묘지,제주특별자치도 제주시 조천읍 선흘리 4116,064-728-7831,null,null,0,공설,969620,292386,19690,미설치,미설치,미설치,미설치,미설치
묘지현황,경기도,포천시,관인면 제1공설묘지,경기도 포천시 관인면 사정리 산11,031-538-4661,null,null,0,공설,2621,2621,2621,미설치,미설치,미설치,미설치,미설치
묘지현황,경상남도,거창군,웅양공설공원묘지,경상남도 거창군 웅양면 죽림리 산108,055-940-3892,null,www.geochang.go.kr/welfare/Index.do?c=WL0306040200,0,공설,2381,2381,382,미설치,미설치,설치,미설치,미설치
묘지현황,경상남도,창원시 진해구,천자봉공원묘원,"경상남도 창원시 진해구 진해대로 1426-48 (서중동, 천자봉공원묘원관리사무실)",055-545-8200,null,null,0,사설,412147,332320,35000,설치,설치,설치,미설치,미설치
묘지현황,경기도,가평군,상면공설묘지,경기도 가평군 상면 연하리 산88-6,031-580-4170,null,null,0,공설,101157,63090,3850,미설치,미설치,설치,미설치,미설치
묘지현황,광주광역시,북구,천주교 양산동묘원,광주광역시 북구 양산동  산87-6,062-227-7124,null,null,0,사설,16386,16386,1057,미설치,미설치,미설치,미설치,미설치
묘지현황,인천광역시,남동구,장수동공설묘지(매장불가),인천광역시 남동구 장수동 산133,032-453-5502,null,null,0,공설,2975,2975,66,미설치,미설치,미설치,미설치,미설치
묘지현황,경기도,양주시,복지리 공설묘지,경기도 양주시 백석읍 복지리 산21,031-8082-7510,null,null,0,공설,0,0,0,미설치,미설치,미설치,미설치,미설치
묘지현황,제주특별자치도,제주시,천주교황사평공원묘지,제주특별자치도 제주시 기와5길 117-22 (화북이동),064-756-5531,null,null,0,사설,58192,58192,1939,설치,미설치,설치,미설치,미설치
묘지현황,제주특별자치도,서귀포시,성산읍공설묘지,제주특별자치도 서귀포시 성산읍 금백조로 548 (수산리),064-760-4234,null,www.seogwipo.go.kr/contents/index.php?mid=010203&mcidx=94,0,공설,11900,11900,492,설치,미설치,설치,설치,미설치
묘지현황,경기도,양주시,용암리공설묘지,경기도 양주시 은현면 용암리 산65-1,031-8082-7550,null,null,0,공설,0,0,0,미설치,미설치,미설치,미설치,미설치
묘지현황,전라남도,담양군,(재)광주구천주교공원묘원,전라남도 담양군 월산면 월광로 512 (광암리),062-227-7124,null,www.gjccp.kr,0,사설,181944,109455,13795,미설치,미설치,설치,미설치,미설치
묘지현황,경기도,포천시,관인면 제2공설묘지,경기도 포천시 관인면 냉정리 산149-1,031-538-4661,null,null,0,공설,0,0,0,미설치,미설치,미설치,미설치,미설치
묘지현황,인천광역시,강화군,월곳리공설묘지,인천광역시 강화군 강화읍 월곳리 산8,032-930-3342,null,null,0,공설,17596,17596,1600,미설치,미설치,미설치,미설치,미설치
묘지현황,경기도,포천시,신북면 제2공설묘지,경기도 포천시 신북면 갈월리 산222,031-538-4361,null,null,0,공설,0,0,0,미설치,미설치,미설치,미설치,미설치
묘지현황,전라남도,강진군,칠량자연공원묘원,전라남도 강진군 칠량면 삼흥공원길 178-54 (삼흥리),061-433-2011,null,www.chilryang.com,50,사설,194674,92430,15000,미설치,미설치,설치,미설치,미설치
묘지현황,경상남도,의령군,(재)동산공원묘원 묘지,경상남도 의령군 부림면 함의로 2180-269 (경산리),055-574-8181,null,null,0,사설,0,0,0,미설치,미설치,미설치,미설치,미설치
묘지현황,충청남도,서산시,서산시희망공원(묘지),충청남도 서산시 인지면 무학재2길 106 (산동리),041-660-2719,null,www.seosan.go.kr/welfare/move.do?usr_menu_cd=2302080000,0,공설,109883,28560,1096,미설치,미설치,설치,미설치,미설치
묘지현황,경기도,포천시,내촌면 제4공설묘지,경기도 포천시 내촌면 신팔리 산167,031-538-4261,null,null,0,공설,0,0,0,미설치,미설치,미설치,미설치,미설치
묘지현황,인천광역시,강화군,석모리공설묘지,인천광역시 강화군 삼산면 석모리 산308,032-930-3612,null,null,0,공설,45512,20000,3742,미설치,미설치,미설치,미설치,미설치
묘지현황,경기도,광주시,(재)시안 가족추모공원(매장묘),경기도 광주시 오포안로 17 (문형동),031-766-2894,null,www.sianpark.co.kr,1500,사설,6942,6942,320,미설치,미설치,설치,설치,설치
묘지현황,경상북도,김천시,금릉공원묘원,경상북도 김천시 봉산면 광천4길 155-200 (광천리),054-430-0333,null,www.grpark.co.kr,100,사설,569707,1143353,25000,설치,설치,설치,설치,설치
묘지현황,경기도,김포시,고려공원법인묘지,경기도 김포시 감정동 629-21,031-983-8433,null,null,0,사설,185357,185357,4825,설치,미설치,설치,미설치,미설치
묘지현황,제주특별자치도,제주시,서부공설묘지,제주특별자치도 제주시 연동 1203,064-728-2563,null,null,0,공설,467671,178883,8944,미설치,미설치,설치,미설치,미설치
묘지현황,전라남도,보성군,보성공설묘지,전라남도 보성군 보성읍 대야리 1644-1,061-850-5614,null,null,0,공설,240273,1305,132,미설치,미설치,설치,미설치,미설치
묘지현황,전라남도,순천시,순천시립공원묘지,전라남도 순천시 용수동길 920 (삼거동),061-749-4520,061-749-4520,www.suncheon.go.kr,0,공설,210862,210862,6476,미설치,미설치,설치,미설치,미설치
묘지현황,강원특별자치도,인제군,인제종합장묘센터 하늘공원,강원특별자치도 인제군 남면 자작나무숲길 56 (남전리),033-462-6989,null,null,0,공설,4959,4959,110,미설치,미설치,설치,미설치,미설치
묘지현황,경기도,양주시,두곡리공설묘지,경기도 양주시 남면 두곡리 산44,031-8082-7580,null,null,0,공설,0,0,0,미설치,미설치,미설치,미설치,미설치
묘지현황,전라남도,나주시,다시면공설묘지,전라남도 나주시 다시면 회진리 산35,061-339-3710,null,null,0,공설,92321,92321,1111,미설치,미설치,미설치,미설치,미설치
묘지현황,충청북도,충주시,충주성요셉공원묘원,충청북도 충주시 단월동 산33-1,043-845-1010,null,null,0,사설,0,0,0,미설치,미설치,미설치,미설치,미설치
묘지현황,경기도,고양시 덕양구,백란공원묘원,경기도 고양시 덕양구 내유길131번길 123 (내유동),031-962-8391,null,null,30,사설,19240,7087,488,설치,미설치,설치,미설치,미설치
묘지현황,경상북도,칠곡군,현대공원2묘원,경상북도 칠곡군 동명면 다부거문1길 51-75 (가천리),054-972-6375,054-973-6375,www.hdpark.co.kr,300,사설,292386,213280,14337,설치,미설치,설치,설치,미설치
묘지현황,경상남도,거제시,충해공원묘지,경상남도 거제시 연초면 천곡리 산71,055-639-3806,null,null,40,공설,61436,61436,6500,미설치,미설치,설치,설치,미설치
묘지현황,전북특별자치도,진안군,(재)전주공원묘원,"전북특별자치도 진안군 부귀면 모래재로 571 (세동리, 모래공원)",063-433-9104,null,null,0,사설,11107,11107,55,미설치,미설치,미설치,미설치,미설치
묘지현황,강원특별자치도,고성군,고성군 공설묘원,강원특별자치도 고성군 죽왕면 공설묘원길 32 (가진리),033-682-4448,033-680-3168,null,0,공설,13422,13422,13587,미설치,미설치,미설치,미설치,미설치
묘지현황,전라남도,나주시,산포면공설묘지,전라남도 나주시 산포면 매성리 산55-1,061-339-8473,null,null,0,공설,118710,47484,2500,미설치,미설치,미설치,미설치,미설치
묘지현황,경기도,동두천시,안흥동공설묘지(만장),경기도 동두천시 안흥동 산62,031-860-2218,null,null,0,공설,8227,8227,300,미설치,미설치,설치,미설치,미설치
묘지현황,경기도,남양주시,화도공설묘지(만장),경기도 남양주시 화도읍 묵현리 산151,031-590-4287,null,null,0,공설,476,476,0,미설치,미설치,미설치,미설치,미설치
묘지현황,인천광역시,강화군,창리공설묘지,인천광역시 강화군 선원면 창리 산84,032-930-3702,null,null,0,공설,23702,10446,342,미설치,미설치,미설치,미설치,미설치
묘지현황,광주광역시,광주광역시,영락공원묘지,광주광역시 북구 영락공원로 170 (효령동),062-572-4384,null,www.cyberyoungrak.or.kr/cms/bbs/dk_content.php?ht_id=cyber_02_6,0,공설,126888,85337,7934,설치,설치,설치,설치,설치
묘지현황,경기도,고양시 일산동구,성석동공설묘지(만장),경기도 고양시 일산동구 성석동 973-23,031-8075-3305,null,null,0,공설,4860,4860,179,미설치,미설치,설치,미설치,미설치
묘지현황,경기도,성남시 분당구,(재)분당메모리얼파크,경기도 성남시 분당구 새나리로 79 (야탑동),031-704-6508,031-702-5736,www.bmpark.co.kr,15000,사설,391453,913936,0,설치,설치,설치,미설치,미설치
묘지현황,충청남도,당진시,석문공설묘지,"충청남도 당진시 석문면 통정1길 86-38 (삼화리, 공설묘지관리사)",041-353-5944,null,www.dangjin.go.kr/html/welf/old/old_07_04.html,0,공설,6611,6611,295,미설치,미설치,설치,미설치,미설치
묘지현황,경기도,포천시,천도교 무봉공원,경기도 포천시 소흘읍 무봉리 산141-1,02-732-3956,null,null,0,사설,72794,72794,1454,미설치,미설치,미설치,미설치,미설치
묘지현황,대구광역시,달성군,삼덕교회동산,대구광역시 달성군 가창면 옥분리 산35-3,053-423-3271,null,null,0,사설,156938,62916,10499,미설치,미설치,미설치,미설치,미설치
묘지현황,경기도,양주시,하패리공설묘지,경기도 양주시 은현면 하패리 산77,031-8082-7550,null,null,0,공설,0,0,0,미설치,미설치,미설치,미설치,미설치
묘지현황,제주특별자치도,서귀포시,모슬포 천주교공동묘지,제주특별자치도 서귀포시 대정읍 동일리 1249-4,064-794-2074,null,null,0,사설,24882,24882,1500,미설치,미설치,설치,미설치,미설치
묘지현황,인천광역시,강화군,국화리공설묘지,인천광역시 강화군 강화읍 국화리 산291,032-934-0003,null,null,0,공설,2321,2321,109,미설치,미설치,미설치,미설치,미설치
묘지현황,경기도,양주시,황방리공설묘지,경기도 양주시 남면 황방리 산8,031-8082-7580,null,null,0,공설,0,0,0,미설치,미설치,미설치,미설치,미설치
묘지현황,경기도,파주시,낙원공원묘원,경기도 파주시 송화로 118 (야동동),031-941-6200,031-944-7322,www.nagwon.co.kr,350,사설,215444,215444,1100,미설치,미설치,설치,설치,미설치
묘지현황,전라남도,나주시,세지면공설묘지,전라남도 나주시 세지면 대산리 산108,061-339-3621,null,null,0,공설,39654,39654,300,미설치,미설치,미설치,미설치,미설치
묘지현황,경상북도,포항시 남구,(재)동산공원묘원,경상북도 포항시 남구 동해면 동해안로 5294-90 (상정리),054-248-4444,null,null,125,사설,170284,32660,3514,설치,미설치,설치,설치,미설치
묘지현황,제주특별자치도,제주시,구좌읍공설묘지,제주특별자치도 제주시 구좌읍 송당리 54-1,064-728-7723,null,null,0,공설,397,397,43,미설치,미설치,미설치,미설치,미설치
묘지현황,전북특별자치도,완주군,완주군 공설공원묘지,전북특별자치도 완주군 봉동읍 우주로 270-68 (구암리),063-290-2208,null,www.wanju.go.kr/index.wanju?menuCd=DOM_000000104002005005,1500,공설,101593,101593,10900,미설치,미설치,설치,설치,미설치
묘지현황,경기도,포천시,소흘읍제2공설묘지,경기도 포천시 소흘읍 무림리 산41번지,031-538-4122,null,null,0,공설,0,0,0,미설치,미설치,미설치,미설치,미설치
묘지현황,강원특별자치도,태백시,태백공원묘원,"강원특별자치도 태백시 백두대간로 844 (창죽동, 태백공동묘지)",033-550-2844,033-550-2961,null,0,공설,155447,123520,2627,설치,미설치,설치,설치,설치
묘지현황,경기도,파주시,서소문교회동산,경기도 파주시 조리읍 오산리 산5,02-755-4635,null,null,0,사설,0,0,0,미설치,미설치,미설치,미설치,미설치
묘지현황,충청북도,옥천군,옥천군공설묘지,충청북도 옥천군 군서면 월전리 산19-1,043-733-4404,null,null,0,공설,98611,1800,220,미설치,미설치,미설치,미설치,미설치
묘지현황,인천광역시,강화군,장흥리공설묘지,인천광역시 강화군 길상면 장흥리 산69-1,032-930-3604,null,null,0,공설,12079,12079,268,미설치,미설치,설치,미설치,미설치
묘지현황,전북특별자치도,김제시,(재)지평선전북공원묘원(묘지),전북특별자치도 김제시 금구면 선암1길 290 (선암리),063-546-5011,null,blog.naver.com/jb09002,100,사설,190560,47940,500,미설치,미설치,설치,설치,설치
묘지현황,인천광역시,강화군,부근리공설묘지,인천광역시 강화군 하점면 부근리 산148,032-930-4473,null,null,0,공설,22611,13567,1466,미설치,미설치,미설치,미설치,미설치
묘지현황,경기도,안산시 상록구,(재)안양공원묘원,"경기도 안산시 상록구 오리골길 41 (양상동, 공동묘지관리소)",031-482-2949,null,null,0,사설,7735,7735,290,미설치,미설치,미설치,미설치,미설치
묘지현황,경기도,안성시,천주교안성추모공원(묘원),경기도 안성시 보개면 보삼로 319-34 (북가현리),031-672-4276,031-673-9902,www.ampark.co.kr/index.php,0,사설,292386,213280,14337,설치,설치,설치,미설치,미설치
묘지현황,강원특별자치도,홍천군,홍천군공설묘원,강원특별자치도 홍천군 홍천읍 느리울길 141-22 (하오안리),033-430-2106,null,null,100,공설,995,0,104,미설치,미설치,설치,설치,미설치
묘지현황,대구광역시,군위군,(재)신세계공원묘원,대구광역시 군위군 효령면 녹동길 129-190 (장군리),054-382-5250,054-382-9818,www.신세계공원묘원.kr,0,사설,365344,365344,5000,미설치,미설치,설치,미설치,미설치
묘지현황,경기도,안성시,초동교회공원묘원,경기도 안성시 삼죽면 음촌길 36-77 (배태리),031-672-4049,null,null,0,사설,446204,400025,30000,설치,미설치,설치,설치,미설치
묘지현황,경기도,의왕시,용산성당 청계묘원,경기도 의왕시 학의동 산12-1,02-713-7508,null,null,0,사설,0,0,0,미설치,미설치,미설치,미설치,미설치
묘지현황,인천광역시,강화군,상용리공설묘지,인천광역시 강화군 교동면 상용리 산215,032-930-3611,null,null,0,공설,499440,112000,6871,미설치,미설치,미설치,미설치,미설치
묘지현황,경기도,양주시,삼하리공설묘지,경기도 양주시 장흥면 삼하리 산35,031-8082-7634,null,null,0,공설,0,0,0,미설치,미설치,미설치,미설치,미설치
묘지현황,전라남도,담양군,갑향군립묘원(묘지),"전라남도 담양군 대전면 추성로 468 (갑향리, 갑향공원)",061-380-3383,null,null,50,공설,7438,7438,200,미설치,미설치,설치,설치,미설치
묘지현황,인천광역시,강화군,지석리공설묘지,인천광역시 강화군 교동면 지석리 산155,032-930-3611,null,null,0,공설,260565,167388,12655,미설치,미설치,미설치,미설치,미설치
묘지현황,경기도,포천시,창수면 제2공설묘지,경기도 포천시 창수면 주원리 산128,031-538-4411,null,null,0,공설,0,0,0,미설치,미설치,미설치,미설치,미설치
묘지현황,전라남도,나주시,봉황면공설묘지,전라남도 나주시 봉황면 철천리 산132,061-339-8473,null,null,0,공설,428590,215067,15186,미설치,미설치,미설치,미설치,미설치
묘지현황,경기도,양주시,유양동공설묘지,경기도 양주시 유양동 산99,031-8082-7714,null,null,0,공설,0,0,0,미설치,미설치,미설치,미설치,미설치
묘지현황,경상남도,양산시,재단법인 솥발산공원묘원,경상남도 양산시 하북면 삼덕로 288 (답곡리),055-382-7714,055-382-7720,www.sotbalsan.co.kr,150,사설,399571,320423,23000,설치,설치,설치,미설치,미설치
묘지현황,충청북도,음성군,꽃동네 낙원묘지,충청북도 음성군 맹동면 원중로 1221 (통동리),043-879-0106,null,null,0,사설,18585,18585,18585,미설치,미설치,미설치,미설치,미설치
묘지현황,전북특별자치도,군산시,(재)성산공원(묘지),"전북특별자치도 군산시 성산면 왕골로 239-29 (대명리, 성산공원)",063-453-5510,null,www.ssmemorialpark.co.kr,0,사설,0,0,0,미설치,미설치,미설치,미설치,미설치
묘지현황,울산광역시,울주군,(재)삼덕공원묘원,"울산광역시 울주군 삼동면 삼덕로 426 (조일리, 삼덕공원관리사무소)",1522-4144,null,null,0,사설,350000,181126,18800,미설치,설치,설치,설치,미설치
묘지현황,경상북도,칠곡군,(재)청구공원,경상북도 칠곡군 지천면 백송로 197 (백운리),054-972-1382,null,null,500,사설,969620,149217,16500,설치,설치,설치,미설치,미설치
묘지현황,경기도,이천시,이천시장호원공설공원묘지(만장),경기도 이천시 장호원읍 방추리 산64-7,031-644-8411,null,null,0,공설,2678,2678,59,설치,설치,설치,설치,미설치
묘지현황,경기도,포천시,영중면 제2공설묘지,경기도 포천시 영중면 거사리 산151,031-538-4461,null,null,0,공설,0,0,0,미설치,미설치,미설치,미설치,미설치
묘지현황,경기도,양주시,(재)운경공원묘원,경기도 양주시 장흥면 호국로709번길 93-60 (울대리),031-826-4821,031-826-4821,null,0,사설,132198,111828,8360,설치,미설치,설치,설치,미설치
묘지현황,충청북도,진천군,진천군공설묘지,"충청북도 진천군 진천읍 백곡로 1465-34 (장관리, 진천군공설묘지)",043-539-3868,null,null,0,공설,69107,28628,3000,설치,미설치,설치,설치,설치
묘지현황,제주특별자치도,서귀포시,대정읍공설묘지,제주특별자치도 서귀포시 대정읍 보성리 2135,064-760-4031,null,www.jeju.go.kr/wel/sir/sirBurial.htm,0,공설,99500,99500,1450,미설치,미설치,설치,미설치,미설치
묘지현황,전라남도,나주시,금남동공설묘지,전라남도 나주시 보산동 산3,061-339-8475,null,null,0,공설,18140,18140,2143,미설치,미설치,미설치,미설치,미설치
묘지현황,경기도,파주시,해방교회공원묘원,경기도 파주시 월롱면 도내리 산30-1,02-793-8830,null,null,0,사설,12716,12716,1086,미설치,미설치,설치,설치,미설치
묘지현황,경기도,안성시,안성시공설공원묘지(사곡동),경기도 안성시 안성맞춤대로 1423-19 (사곡동),031-675-3766,null,null,0,공설,40780,40780,1892,미설치,미설치,설치,미설치,미설치
묘지현황,경상남도,의령군,의령군공설묘지,"경상남도 의령군 정곡면 법정로 580-9 (예둔리, 공설묘원)",055-574-0967,null,null,0,공설,166595,166595,6660,미설치,미설치,설치,미설치,미설치
묘지현황,경기도,파주시,청파동성당 평화묘원,경기도 파주시 탄현면 월롱산로 503-66 (금승리),031-942-9475,null,www.cpd.or.kr,150,사설,0,0,0,미설치,미설치,설치,설치,미설치
묘지현황,전라남도,해남군,해남신안공설묘지,전라남도 해남군 해남읍 신안리 467-3,061-533-8806,null,null,0,공설,11802,11802,352,미설치,미설치,미설치,미설치,미설치
묘지현황,강원특별자치도,춘천시,재단법인 춘천공원묘원,강원특별자치도 춘천시 신북읍 배후령길 154-18 (천전리),033-252-4444,null,www.ccpark.co.kr,100,사설,106751,106751,3305,미설치,미설치,설치,설치,미설치
묘지현황,인천광역시,강화군,길정리공설묘지,인천광역시 강화군 양도면 길정리 산228-1,032-937-2001,null,null,0,공설,7332,7332,58,미설치,미설치,미설치,미설치,미설치
묘지현황,인천광역시,강화군,매음리공설묘지,인천광역시 강화군 삼산면 매음리 산296,032-930-3612,null,null,0,공설,117711,82249,4768,미설치,미설치,미설치,미설치,미설치
묘지현황,경상남도,진주시,진주내동공원묘원,"경상남도 진주시 내동면 유수길75번길 8-214 (유수리, 진주내동공동묘원)",055-756-1500,null,www.ndpark.co.kr,100,사설,562925,396937,20380,설치,설치,설치,설치,설치
묘지현황,대구광역시,군위군,가톨릭군위묘원,대구광역시 군위군 군위읍 용대2길 258 (용대리),053-250-3000,null,null,100,사설,0,850977,30000,설치,미설치,설치,미설치,미설치
묘지현황,경기도,동두천시,예래원(묘지),경기도 동두천시 탑신로 668 (탑동동),031-867-8707,null,www.erehwon.or.kr,200,사설,192300,17443,4504,설치,설치,설치,설치,설치
묘지현황,경상남도,거창군,거창공설공원묘지,경상남도 거창군 거창읍 가지리 산170,055-942-6836,null,www.geochang.go.kr/welfare/Index.do?c=WL0306040200,0,공설,3387,3387,115,미설치,미설치,미설치,미설치,미설치
묘지현황,전라남도,무안군,유달공원묘지,전라남도 무안군 삼향읍 수련길 255 (지산리),061-282-4437,null,null,0,사설,104856,18156,1200,미설치,설치,설치,설치,미설치
묘지현황,경상남도,창원시,천주교 창원공원묘원,경상남도 창원시 진해구 경화동 산1-2,055-547-3552,null,null,0,사설,3136,3136,694,미설치,미설치,미설치,미설치,미설치
묘지현황,경기도,양주시,(재)삼성공원묘원,경기도 양주시 평화로1261번길 328-50 (산북동),031-843-8444,null,null,0,사설,237337,237337,7760,미설치,설치,설치,미설치,미설치
묘지현황,전라남도,나주시,다도면공설묘지,전라남도 나주시 다도면 풍산리 산26,061-339-8473,null,null,0,공설,29950,29950,3200,미설치,미설치,미설치,미설치,미설치
묘지현황,경상남도,거창군,고제공설공원묘지,경상남도 거창군 고제면 봉산리 1314,055-940-3892,null,www.geochang.go.kr/welfare/Index.do?c=WL0306040200,0,공설,251188,251188,6284,미설치,미설치,미설치,미설치,미설치
묘지현황,서울특별시,도봉구,혜화동성당 방학동묘원,서울특별시 도봉구 방학동 산65-1,02-764-0221,02-3672-1197,www.hyehwa.org/cemetery/cemetery.asp?goCemetery=2,0,사설,159232,71784,6682,미설치,미설치,설치,미설치,미설치
묘지현황,경기도,여주시,남한강공원묘원,경기도 여주시 가남읍 송삼로 459-35 (금곡리),031-882-6689,null,nhgpark.co.kr/,500,사설,324376,205903,11230,미설치,미설치,설치,미설치,미설치
묘지현황,인천광역시,남동구,수산동공설묘지(매장불가),인천광역시 남동구 수산동 산14,032-453-5522,null,null,0,공설,29157,29157,220,미설치,미설치,설치,미설치,미설치
묘지현황,경기도,포천시,영북면 제1공설묘지,경기도 포천시 영북면 운천리 산25,031-538-4611,null,null,0,공설,0,0,0,미설치,미설치,미설치,미설치,미설치
묘지현황,경기도,양주시,청파동성당 청파묘원,경기도 양주시 장흥면 호국로 8 (일영리),031-855-5660,null,CPD.OR.KR,50,사설,0,0,0,미설치,미설치,설치,미설치,미설치
묘지현황,전북특별자치도,고창군,신림덕화공설묘지,전북특별자치도 고창군 신림면 가평로 576 (덕화리),063-560-2613,null,null,0,공설,22017,22017,650,미설치,미설치,미설치,미설치,미설치
묘지현황,경상남도,김해시,영락공원묘원,경상남도 김해시 주촌면 서부로1637번길 546 (덕암리),055-337-3223,null,null,0,사설,286515,84245,11000,미설치,미설치,설치,설치,미설치
묘지현황,강원특별자치도,강릉시,강릉공원묘원(묘지),강원특별자치도 강릉시 사천면 청솔공원길 400 (석교리),033-644-0533,033-644-1027,null,0,사설,210273,210273,50000,미설치,미설치,설치,미설치,미설치
묘지현황,경기도,가평군,가평읍 공설묘지(구 제1공설묘지),경기도 가평군 가평읍 상색리 산64-3,031-580-4010,null,null,0,공설,8608,8608,84,미설치,미설치,미설치,미설치,미설치
묘지현황,경기도,여주시,처리공원묘지,경기도 여주시 점동면 처리 산6,031-887-3816,null,null,0,공설,30485,30485,847,미설치,미설치,미설치,미설치,미설치
묘지현황,대구광역시,대구광역시,동명공동묘지,경상북도 칠곡군 동명면 학명리 산145-1,054-977-6377,null,null,0,공설,760960,760960,2137,미설치,미설치,미설치,미설치,미설치
묘지현황,충청북도,제천시,(재)개나리추모공원,충청북도 제천시 송학면 도화로 194 (도화리),043-642-4444,null,null,0,사설,158484,0,7630,미설치,미설치,설치,설치,미설치
묘지현황,전북특별자치도,무주군,(재)하늘공원 묘원,전북특별자치도 무주군 적상면 방이리 산158-1,063-320-4000,null,null,0,사설,31636,18981,2560,미설치,미설치,미설치,미설치,미설치
묘지현황,경기도,포천시,(재)자하연포천(묘지),경기도 포천시 영중면 궁들길 84 (금주리),031-532-6534,null,www.jahayeon.com,200,사설,214893,80702,1000,미설치,미설치,설치,설치,미설치
묘지현황,인천광역시,강화군,교산리공설묘지(별립산),인천광역시 강화군 양사면 교산리 산355-1,032-934-2183,null,null,0,공설,881,881,0,미설치,미설치,미설치,미설치,미설치
묘지현황,충청남도,예산군,(재)화산추모공원(묘지),충청남도 예산군 대술면 대술로 574-57 (화산리),041-332-2284,null,www.hwasanpark.co.kr,60,사설,204696,103033,8952,설치,미설치,설치,미설치,미설치
묘지현황,경기도,포천시,신북면 제4공설묘지,경기도 포천시 신북면 고일리 산83,031-538-4361,null,null,0,공설,0,0,0,미설치,미설치,미설치,미설치,미설치
묘지현황,경기도,안산시,하늘공원(부곡동공설공원묘지),경기도 안산시 상록구 수인로 1824 (부곡동),031-481-3257,null,null,0,공설,0,8264,495,미설치,미설치,설치,미설치,미설치
묘지현황,강원특별자치도,춘천시,(주)광림공원 동산공원묘원(묘지),"강원특별자치도 춘천시 동산면 종자리로 331-50 (군자리, 춘천시공설묘원)",033-263-9446,null,www.dongsanpark.co.kr,100,사설,433900,74723,8584,설치,설치,설치,설치,설치
묘지현황,경기도,파주시,화교화원,경기도 파주시 광탄면 샘말길 102 (용미리),031-942-0451,null,null,300,사설,0,97290,300,미설치,미설치,설치,미설치,미설치
묘지현황,전북특별자치도,군산시,오식도공설묘지(민간위탁),전북특별자치도 군산시 오식도동 503-2,063-445-3400,null,null,0,공설,0,0,0,미설치,미설치,미설치,미설치,미설치
묘지현황,대구광역시,달성군,대구화교협회묘지,대구광역시 달성군 가창면 주리 산212-4,053-255-0561,null,null,0,사설,12846,12846,1466,미설치,미설치,설치,미설치,미설치
묘지현황,인천광역시,강화군,도장리공설묘지,인천광역시 강화군 양도면 도장리 산121,032-937-2001,null,null,0,공설,14619,14619,709,미설치,미설치,미설치,미설치,미설치
묘지현황,경기도,포천시,선단동공설묘지,경기도 포천시 원동교길 259 (동교동),031-538-4811,null,null,0,공설,10016,10016,347,미설치,미설치,미설치,미설치,미설치
묘지현황,경기도,연천군,신서면공설묘지,경기도 연천군 신서면 도신리 산37-1,031-839-2595,null,null,0,공설,16165,16165,479,미설치,미설치,미설치,미설치,미설치
묘지현황,전라남도,나주시,이창동공설묘지,전라남도 나주시 이창동 산19-1,061-339-8474,null,null,0,공설,23802,23802,528,미설치,미설치,미설치,미설치,미설치
묘지현황,경기도,파주시,불광동성당 바다의별묘원,경기도 파주시 광탄면 신산리 산3-1,02-355-0545,null,null,0,사설,0,0,0,미설치,미설치,미설치,미설치,미설치
묘지현황,경상북도,구미시,구미시선산공설묘지(만장),경상북도 구미시 선산읍 봉곡리 산41,054-480-5188,null,null,0,공설,0,0,0,미설치,미설치,미설치,미설치,미설치
묘지현황,전라남도,영암군,영암군신북공설묘지,전라남도 영암군 신북면 월평리 산35,061-470-2644,null,null,0,공설,0,0,0,미설치,미설치,미설치,미설치,미설치
묘지현황,경기도,광주시,신월공설묘지(만장),경기도 광주시 초월읍 신월리 산68,031-760-2844,031-760-1438,null,0,공설,25488,7709,1113,미설치,미설치,미설치,미설치,미설치
묘지현황,전라남도,영암군,영암군시종공설묘지,전라남도 영암군 시종면 월송리 산1,061-470-2645,null,null,0,공설,0,0,0,미설치,미설치,미설치,미설치,미설치
묘지현황,경기도,남양주시,수동공설묘지(만장),경기도 남양주시 수동면 운수리 400-1,031-590-4287,null,null,0,공설,12184,12184,0,미설치,미설치,미설치,미설치,미설치
묘지현황,전라남도,해남군,화산연정공설묘지,전라남도 해남군 화산면 연정리 산61,061-531-3072,null,null,0,공설,156761,156761,2100,미설치,미설치,미설치,미설치,미설치
묘지현황,제주특별자치도,서귀포시,안덕면공설묘지,제주특별자치도 서귀포시 안덕면 상창리 1119,064-760-4331,null,null,0,공설,5653,5653,350,미설치,미설치,미설치,미설치,미설치
묘지현황,인천광역시,강화군,삼동암공설묘지,인천광역시 강화군 불은면 삼동암리 산217,032-937-5301,null,null,0,공설,3306,1737,48,미설치,미설치,미설치,미설치,미설치
묘지현황,경기도,안산시 단원구,와동꽃빛공원(공설묘지),경기도 안산시 단원구 순환로 390 (와동),031-481-3359,null,null,0,공설,4086,4086,6682,설치,설치,설치,미설치,미설치
묘지현황,인천광역시,강화군,석포리공설묘지,인천광역시 강화군 삼산면 석포리 산83,032-930-3612,null,null,0,공설,11603,11603,340,미설치,미설치,미설치,미설치,미설치
묘지현황,인천광역시,강화군,인산리공설묘지,인천광역시 강화군 양도면 인산리 산225,032-937-2001,null,null,0,공설,4165,4165,200,미설치,미설치,미설치,미설치,미설치
묘지현황,경상북도,성주군,성주군공설묘지,경상북도 성주군 선남면 관화리 산31-1,054-930-6231,null,null,0,공설,11504,11504,345,미설치,미설치,미설치,미설치,미설치
묘지현황,경기도,김포시,초원지공설묘지,경기도 김포시 대곶면 초원지리 산14,031-980-5338,null,null,0,공설,141818,141818,7600,미설치,미설치,미설치,미설치,미설치
묘지현황,인천광역시,옹진군,진촌리공설묘지,인천광역시 옹진군 백령면 진촌리 산128-1,032-899-2333,null,null,0,공설,61992,61992,5700,미설치,미설치,미설치,미설치,미설치
묘지현황,경상북도,포항시 북구,포항공원묘원,"경상북도 포항시 북구 흥해읍 도음로 764-100 (대련리, 포항공원묘원관리사무실)",054-262-5453,null,null,0,사설,4866,4866,388,미설치,미설치,설치,설치,미설치
묘지현황,경기도,이천시,이천시대월공설공원묘지(만장),경기도 이천시 대월면 초지리 산107-1,031-644-8611,null,null,0,공설,11702,11702,260,설치,설치,설치,설치,미설치
묘지현황,경기도,포천시,가산면 제4공설묘지,경기도 포천시 가산면 우금리 산6-1,031-538-4311,null,null,0,공설,0,0,0,미설치,미설치,미설치,미설치,미설치
묘지현황,충청북도,증평군,증평성요셉공원묘원,충청북도 증평군 증평읍 미암리 산114-1,043-838-8141,null,null,0,사설,0,0,0,미설치,미설치,미설치,미설치,미설치
묘지현황,전라남도,나주시,노안면공설묘지(폐쇄),전라남도 나주시 노안면 유곡리 산163,061-061-8604,null,null,0,공설,6856,6856,72,미설치,미설치,미설치,미설치,미설치
묘지현황,경기도,김포시,포내공설묘지,경기도 김포시 월곶면 포내리 산36,031-980-5347,null,null,0,공설,10643,9046,339,미설치,미설치,미설치,미설치,미설치
묘지현황,제주특별자치도,제주시,제주향교묘지,제주특별자치도 제주시 동샘길 44-14 (영평동),064-757-2249,null,null,0,사설,19093,19093,424,미설치,미설치,설치,설치,미설치
묘지현황,전라남도,영암군,영암군학산공설묘지,전라남도 영암군 학산면 상월리 산139-13,061-470-2649,null,null,0,공설,0,0,0,미설치,미설치,미설치,미설치,미설치
묘지현황,경기도,양주시,청량리성당 다볼산묘원,경기도 양주시 산북동 산73,02-966-6761,null,null,0,사설,0,0,0,미설치,미설치,미설치,미설치,미설치
묘지현황,인천광역시,강화군,신삼리공설묘지,인천광역시 강화군 하점면 신삼리 산107,032-930-4473,null,null,0,공설,7736,7736,227,미설치,미설치,미설치,미설치,미설치
묘지현황,경기도,고양시 덕양구,내유동공설묘지(만장),경기도 고양시 덕양구 내유동  산82,031-8075-3305,null,null,0,공설,0,0,0,미설치,미설치,미설치,미설치,미설치
묘지현황,경기도,안양시,안양시청계공설묘지(만장),경기도 의왕시 청계동 산8-5,031-421-9165,null,null,0,공설,359178,359178,5000,미설치,미설치,설치,미설치,미설치
묘지현황,강원특별자치도,삼척시,삼척시추모공원 묘지 제1단지,"강원특별자치도 삼척시 강원남부로 4541 (등봉동, 삼척시공원묘지)",033-574-7912,null,www.samcheok.go.kr/memorial,500,공설,93727,43371,3103,설치,미설치,설치,미설치,설치
묘지현황,인천광역시,옹진군,장봉리공설묘지,"인천광역시 옹진군 북도면 장봉로582번길 103 (장봉리, 장봉리공설묘지공원)",032-899-2333,null,null,0,공설,2380,2380,52,미설치,미설치,미설치,미설치,미설치
묘지현황,인천광역시,강화군,덕성리공설묘지,인천광역시 강화군 불은면 덕성리 737-8,032-937-5301,null,null,0,공설,211736,185357,4739,미설치,미설치,미설치,미설치,미설치
묘지현황,제주특별자치도,제주시,애월읍공설묘지,제주특별자치도 제주시 애월읍 광령리 산157,064-728-8831,null,null,0,공설,18645,18645,556,미설치,미설치,미설치,미설치,미설치
묘지현황,인천광역시,강화군,길직1리공설묘지,인천광역시 강화군 길상면 길직리 산247,032-930-3604,null,null,0,공설,8231,8231,5,미설치,미설치,미설치,미설치,미설치
묘지현황,대전광역시,서구,대전추모공원 가족묘원,대전광역시 서구 상보안윗길 160 (괴곡동),042-602-2500,null,www.djsiseol.or.kr/portal/sub040204.asp,418,공설,500616,112000,10482,미설치,설치,설치,설치,설치
묘지현황,경상남도,김해시,김해공원묘원,"경상남도 김해시 생림대로 93-103 (삼계동, 김해공원묘원)",055-331-0823,null,null,500,사설,190889,188063,20319,설치,설치,설치,미설치,미설치
묘지현황,서울특별시,도봉구,혜화동성당 도봉동묘원,서울특별시 도봉구 도봉동 산66-9,02-764-0221,02-3672-1197,www.hyehwa.org/cemetery/cemetery.asp?goCemetery=3,0,사설,15000,10678,600,미설치,미설치,설치,미설치,미설치
묘지현황,경기도,양평군,무궁화공원묘원,경기도 양평군 서종면 잠실2길 120 (도장리),031-771-1400,null,www.gravepark.co.kr,200,사설,320727,192436,9500,설치,설치,설치,미설치,미설치
묘지현황,경기도,양주시,봉양동공설묘지,경기도 양주시 봉양동 산87,031-8082-7750,null,null,0,공설,0,0,0,미설치,미설치,미설치,미설치,미설치
묘지현황,세종특별자치시,세종특별자치시,대전공원묘원,"세종특별자치시 장군면 정동길 31-30 (금암리, 대전공원묘원)",041-856-8851,null,null,0,사설,184400,17100,5305,설치,설치,설치,미설치,미설치
묘지현황,경기도,파주시,월롱면공설묘지,경기도 파주시 월롱면 덕은리 169-3,031-940-8065,null,null,0,공설,13805,13805,822,미설치,미설치,설치,미설치,미설치
묘지현황,인천광역시,강화군,고천리공설묘지,인천광역시 강화군 내가면 고천리 산11,032-930-3607,null,null,0,공설,16230,16230,2410,미설치,미설치,미설치,미설치,미설치
묘지현황,인천광역시,서구,왕길공설묘지(만장),인천광역시 서구 왕길동 산120,032-560-4544,null,null,0,공설,200133,95868,4043,설치,설치,설치,설치,설치
묘지현황,경기도,포천시,군내면 제1공설묘지,경기도 포천시 군내면 구읍리 산2-1,031-538-4211,null,null,0,공설,0,0,0,미설치,미설치,미설치,미설치,미설치
묘지현황,충청북도,음성군,(재)대지공원묘원,충청북도 음성군 생극면 오신로 504-63 (신양리),043-878-3854,null,https://dmonster1355.cafe24.com/,1000,사설,582414,0,6009,미설치,미설치,설치,설치,미설치
묘지현황,경기도,용인시 처인구,천주교용인공원묘원,"경기도 용인시 처인구 모현읍 오산로 154-62 (오산리, 천주교공원묘지)",031-334-0807,031-334-0854,yi.catholic.or.kr,0,사설,3820,3820,480,설치,미설치,설치,설치,설치
묘지현황,경상남도,거창군,남상공설공원묘지,경상남도 거창군 남상면 무촌리 산253,055-940-3892,null,www.geochang.go.kr/welfare/Index.do?c=WL0306040200,0,공설,13385,13385,110,미설치,미설치,미설치,미설치,미설치
묘지현황,경기도,포천시,화현면공설묘지,경기도 포천시 화현면 지현리 산24,031-538-3836,null,null,0,공설,9904,690,4951,미설치,설치,설치,미설치,미설치
묘지현황,경기도,양주시,구암리공설묘지,경기도 양주시 남면 구암리 산16,031-8082-7580,null,null,0,공설,0,0,0,미설치,미설치,미설치,미설치,미설치
묘지현황,충청남도,금산군,(재)평화공원,충청남도 금산군 복수면 복수로 1015-81 (신대리),041-752-8503,null,null,1000,사설,260565,570884,15000,미설치,미설치,설치,설치,미설치
묘지현황,경기도,양평군,양평군공설공원묘지,"경기도 양평군 양평읍 중앙로111번길 54 (공흥리, 쉼터공원관리사무실)",031-770-3027,null,null,0,공설,39174,39174,3295,미설치,미설치,설치,미설치,미설치
묘지현황,인천광역시,강화군,삼흥리공설묘지,인천광역시 강화군 양도면 삼흥리 산171,032-937-2001,null,null,0,공설,501408,484131,18043,미설치,미설치,미설치,미설치,미설치
묘지현황,경기도,광주시,(재)삼성개발공원묘원 엘리시움,경기도 광주시 오포로 211-50 (능평동),031-766-4260,031-767-2483,www.elysium.co.kr/,100,사설,117792,117792,3070,미설치,미설치,설치,미설치,미설치
묘지현황,경상남도,남해군,남해추모누리 공설종합묘원,"경상남도 남해군 서면 연죽로 46-77 (연죽리, 남해공설종합묘원추모누리)",055-860-3681,null,www.namhae.go.kr/welfare/Index.do?c=WL0601020000,100,공설,44786,44786,1455,설치,설치,설치,설치,설치
묘지현황,경상북도,칠곡군,현대공원1묘원,경상북도 칠곡군 지천면 낙산로3길 34-22 (낙산리),053-312-1755,053-312-1756,www.hdpark.co.kr,300,사설,562234,393564,26456,설치,미설치,설치,설치,미설치
묘지현황,경기도,양주시,입암리공설묘지,경기도 양주시 남면 입암리 352-11,031-8082-7580,null,null,0,공설,0,0,0,미설치,미설치,미설치,미설치,미설치
묘지현황,경기도,파주시,신광교회 묘지,경기도 파주시 파주읍 백석리 산40-9,031-952-5306,null,www.saebiti.org,0,사설,0,0,0,미설치,미설치,미설치,미설치,미설치
묘지현황,경기도,평택시,청북공설묘지,경기도 평택시 청북읍 청북로 457-6 (율북리),031-8024-8897,null,null,0,공설,8690,8690,2200,설치,미설치,설치,설치,설치
묘지현황,경기도,포천시,창수면 제1공설묘지,경기도 포천시 창수면 추동리 산20,031-538-4411,null,null,0,공설,0,0,0,미설치,미설치,미설치,미설치,미설치
묘지현황,대구광역시,북구,칠곡성당공동묘원,대구광역시 북구 읍내동 산83,053-323-1501,null,null,0,사설,0,0,0,미설치,미설치,미설치,미설치,미설치
묘지현황,경기도,광주시,(재)광주공원묘원,경기도 광주시 매자리길 235 (매산동),031-762-0077,null,null,1500,사설,768079,504140,20000,미설치,미설치,설치,미설치,미설치
묘지현황,경기도,포천시,군내면 제2공설묘지,경기도 포천시 군내면 구읍리 131-14,031-538-4211,null,null,0,공설,0,0,0,미설치,미설치,미설치,미설치,미설치
묘지현황,충청남도,청양군,청양군추모공원(묘지),충청남도 청양군 화성면 신수길 142-18 (수정리),041-940-2086,null,null,80,공설,95554,20247,1060,미설치,미설치,설치,미설치,미설치
묘지현황,인천광역시,강화군,동산리공설묘지,인천광역시 강화군 교동면 동산리 산5,032-930-3611,null,null,0,공설,94957,94957,8800,미설치,미설치,미설치,미설치,미설치
묘지현황,충청북도,충주시,충주시공설묘지,충청북도 충주시 주덕읍 화곡1길 430 (화곡리),043-850-2301,null,null,0,공설,25884,25884,1100,설치,미설치,설치,설치,설치
묘지현황,부산광역시,기장군,백운공원묘원 제2묘원,"부산광역시 기장군 정관읍 양수1길 17-5 (모전리, 백운묘원관리소)",051-727-3188,null,null,50,사설,126888,126888,7934,미설치,미설치,설치,미설치,미설치
묘지현황,인천광역시,옹진군,자월리공설묘지,인천광역시 옹진군 자월면 자월리 산308,032-899-2333,null,null,0,공설,19794,19794,439,미설치,미설치,미설치,미설치,미설치
묘지현황,경상남도,김해시,(재)낙원추모공원,경상남도 김해시 한림면 김해대로1402번길 148 (신천리),055-343-0656,055-343-0650,www.nakwonpark.co.kr,0,사설,446204,273894,30000,설치,설치,설치,미설치,미설치
묘지현황,인천광역시,강화군,덕하2리공설묘지,인천광역시 강화군 양사면 덕하리 산352,032-934-2183,null,null,0,공설,155447,130000,3239,미설치,미설치,미설치,미설치,미설치
묘지현황,인천광역시,남동구,도림동공설묘지(매장불가),인천광역시 남동구 도림동 산33,032-453-5522,null,null,0,공설,10512,10512,600,미설치,미설치,설치,미설치,미설치
묘지현황,인천광역시,서구,왕길조성묘지,인천광역시 서구 왕길동 산116,032-522-0507,null,null,0,공설,357430,150546,9049,설치,설치,설치,설치,설치
묘지현황,경기도,연천군,정주동산,경기도 연천군 청산면 긴여울길 165-20 (장탄리),02-982-1135,null,null,0,사설,136165,136165,3025,미설치,미설치,설치,미설치,미설치
묘지현황,경기도,양주시,(재)신세계공원,경기도 양주시 장흥면 권율로29번길 170 (일영리),031-855-1241,null,null,0,사설,4562,4562,133,미설치,미설치,설치,미설치,미설치
묘지현황,인천광역시,서구,인천지구황해도민묘지,인천광역시 서구 마전동 산197-1,032-885-7473,null,null,0,사설,20421,18760,625,미설치,미설치,미설치,미설치,미설치
묘지현황,경기도,안양시,안양시안산공설묘지(만장),경기도 안산시 단원구 화정동 산116-1,null,null,null,0,공설,0,0,0,미설치,미설치,미설치,미설치,미설치
묘지현황,전북특별자치도,군산시,군산시공설묘지,"전북특별자치도 군산시 임피면 서원석곡로 436-34 (보석리, 승화원)",063-453-4055,null,null,0,공설,1496,1496,0,미설치,미설치,미설치,미설치,미설치
묘지현황,경기도,오산시,오산시공설공원묘지,경기도 오산시 가장동 산72-2,031-370-3226,null,null,0,공설,839612,159075,25000,미설치,미설치,미설치,미설치,미설치
묘지현황,경기도,용인시 처인구,(재)용인공원(묘지),"경기도 용인시 처인구 모현읍 새래로 158-33 (초부리, 용인공원묘지)",031-334-3484,null,www.yongin-park.com,0,사설,1307080,913017,30950,설치,설치,설치,설치,미설치
묘지현황,인천광역시,남동구,운연동공설묘지(매장불가),"인천광역시 남동구 운연동 산45, 산89",032-453-5502,null,null,0,공설,178400,25678,603,미설치,미설치,미설치,미설치,미설치
묘지현황,경기도,양주시,어둔동공설묘지,경기도 양주시 어둔동 산102,031-8082-7714,null,null,0,공설,0,0,0,미설치,미설치,미설치,미설치,미설치
묘지현황,서울특별시,서울특별시,용미리제1묘지,"경기도 파주시 광탄면 명봉산로262번길 290 (용미리, 용미1리1묘지공원안내실)",031-943-1930,null,www.memorial-zone.or.kr,100,공설,212886,212886,1200,설치,설치,설치,설치,설치
묘지현황,경기도,포천시,창수면 제3공설묘지,경기도 포천시 창수면 가양리 산208,031-538-4411,null,null,0,공설,0,0,0,미설치,미설치,미설치,미설치,미설치
묘지현황,경기도,양주시,가납리공설묘지,경기도 양주시 광적면 가납리 산14,031-8082-7610,null,null,0,공설,0,0,0,미설치,미설치,미설치,미설치,미설치
묘지현황,인천광역시,강화군,온수리공설묘지,인천광역시 강화군 길상면 온수리 산21-16,032-930-3604,null,null,0,공설,203354,142460,11274,미설치,미설치,미설치,미설치,미설치
묘지현황,충청남도,당진시,대호지공설묘지,"충청남도 당진시 대호지면 봉선길 123 (장정리, 어성정공동묘지)",041-353-3044,null,www.dangjin.go.kr/html/welf/old/old_07_04.html,0,공설,25938,19638,939,미설치,미설치,설치,미설치,미설치
묘지현황,경상북도,구미시,재단법인선산공원묘원,경상북도 구미시 옥성면 선상동로 419 (초곡리),054-481-0409,null,null,400,사설,105352,97804,7500,미설치,미설치,설치,미설치,미설치
묘지현황,경기도,포천시,일동면 공설묘지,경기도 포천시 일동면 사직리 산141,031-538-4511,null,null,0,공설,0,0,0,미설치,미설치,미설치,미설치,미설치
묘지현황,전북특별자치도,장수군,장계공설묘지,전북특별자치도 장수군 장계면 금덕리 산74-1,063-350-2343,null,null,0,공설,9620,9620,213,미설치,미설치,설치,미설치,미설치
묘지현황,경상남도,함양군,함양하늘공원(묘지),"경상남도 함양군 지곡면 함양로 2139-2 (마산리, 하늘공원)",055-964-0303,null,https://www.instagram.com/parksky.hy,0,사설,246220,110000,29522,설치,미설치,설치,설치,미설치
묘지현황,전라남도,나주시,공산면공설묘지,전라남도 나주시 공산면 금곡리 317-3,061-339-3686,null,null,0,공설,67818,67818,5606,미설치,미설치,미설치,미설치,미설치
묘지현황,전라남도,영암군,영암군군서공설묘지,전라남도 영암군 군서면 동구림리 산42,061-470-2647,null,null,0,공설,0,0,0,미설치,미설치,미설치,미설치,미설치
묘지현황,제주특별자치도,제주시,예수장로회 제주교회묘지,제주특별자치도 제주시 구좌읍 세화리 2453-2,064-722-3091,null,null,0,사설,15868,7920,810,미설치,미설치,미설치,미설치,미설치
묘지현황,인천광역시,강화군,삼거리공설묘지,인천광역시 강화군 하점면 삼거리 산256,032-930-4473,null,null,0,공설,49420,49420,4738,미설치,미설치,미설치,미설치,미설치
묘지현황,경기도,이천시,이천시설성공설공원묘지,경기도 이천시 설성면 수산리 82-2,031-644-8669,null,null,0,공설,1884,1884,41,설치,설치,설치,설치,미설치
묘지현황,충청남도,홍성군,홍성군공원묘지,충청남도 홍성군 갈산면 부기리 3,041-630-9823,null,null,0,공설,0,0,0,미설치,미설치,미설치,미설치,미설치
묘지현황,경기도,여주시,현수리공원묘지,경기도 여주시 점동면 소피아그린길 62 (현수리),031-887-2264,null,null,0,공설,0,0,0,미설치,미설치,미설치,미설치,미설치
묘지현황,경기도,양주시,덕도리공설묘지,경기도 양주시 광적면 덕도리 산27,031-8082-7610,null,null,0,공설,0,0,0,미설치,미설치,미설치,미설치,미설치
묘지현황,인천광역시,강화군,오상리공설묘지,인천광역시 강화군 내가면 오상리 산91-2,032-930-3607,null,null,0,공설,127488,116973,14870,미설치,미설치,미설치,미설치,미설치
묘지현황,부산광역시,기장군,대정공원묘원,"부산광역시 기장군 정관읍 양수길 76 (용수리, 대정공원묘원관리소)",051-728-4949,null,null,0,사설,203354,203354,11274,미설치,설치,설치,미설치,미설치
묘지현황,인천광역시,서구,대곡공설묘지(만장),인천광역시 서구 대곡동 산202,032-560-4544,null,null,0,공설,11900,11900,1322,미설치,미설치,미설치,미설치,미설치
묘지현황,충청남도,아산시,(재)대전교구천주교회 성환공원묘지,"충청남도 아산시 음봉면 연암율금로 345-58 (소동리, 성환공원묘지)",041-546-7265,null,null,0,사설,758309,249499,29021,미설치,미설치,설치,미설치,미설치
묘지현황,경상북도,칠곡군,(재)조양공원,경상북도 칠곡군 지천면 달방길 215 (달서리),054-972-2205,null,null,0,사설,198000,158400,10667,설치,미설치,설치,설치,미설치
묘지현황,강원특별자치도,춘천시,(재)경춘공원묘원,강원특별자치도 춘천시 서면 노동길 181 (안보리),033-263-7300,null,www.gyoungchun.com/,500,사설,557045,418263,18350,설치,설치,설치,미설치,미설치
묘지현황,제주특별자치도,제주시,조수천주교묘지,제주특별자치도 제주시 한경면 조수리 4041,064-773-2217,null,null,0,사설,144794,126458,17127,미설치,미설치,미설치,미설치,미설치
묘지현황,경기도,파주시,은광교회 묘지,경기도 파주시 조리읍 오산리 273-7,02-383-2111,null,null,0,사설,4669,4669,588,미설치,미설치,미설치,미설치,미설치
묘지현황,대전광역시,동구,(재)대전교구천주교회 산내공원묘원,대전광역시 동구 삼괴동 산9-1,042-630-7732,null,null,0,사설,557045,266972,14792,미설치,미설치,설치,미설치,미설치
묘지현황,인천광역시,강화군,북성리공설묘지,인천광역시 강화군 양사면 북성리 산179,032-934-2183,null,null,0,공설,1072743,1072743,8374,미설치,미설치,미설치,미설치,미설치
묘지현황,경상북도,구미시,구미시옥계공설묘지(만장),경상북도 구미시 옥계동 산5-1,054-480-5189,null,null,0,공설,31930,31930,1500,미설치,미설치,미설치,미설치,미설치
묘지현황,경기도,파주시,파주하늘나라공원,"경기도 파주시 탄현면 방촌로 581-75 (축현리, 하늘나라공원)",031-942-9018,null,www.하늘나라공원.com,0,사설,19834,19834,1235,미설치,미설치,설치,미설치,미설치
묘지현황,경기도,양주시,신암리공설묘지,경기도 양주시 남면 신암리 산69,031-8082-7580,null,null,0,공설,0,0,0,미설치,미설치,미설치,미설치,미설치
묘지현황,경기도,용인시 처인구,(재)서울공원묘원,"경기도 용인시 처인구 이동면 백자로 41 (서리, 서울공원묘원사무실)",031-332-2444,null,scpark.co.kr,0,사설,202150,169072,7000,미설치,미설치,설치,미설치,미설치
묘지현황,인천광역시,강화군,교산1리공설묘지,인천광역시 강화군 양사면 교산리 산307,032-934-2183,null,null,0,공설,1114,1114,71,미설치,미설치,미설치,미설치,미설치
묘지현황,경기도,연천군,전곡읍공설묘지,경기도 연천군 전곡읍 고능리 산21-1,031-839-2586,null,null,0,공설,4860,4860,108,미설치,미설치,설치,미설치,미설치
묘지현황,경기도,양주시,석우리공설묘지,경기도 양주시 광적면 광적로156번길 27-6 (석우리),031-8082-7610,null,null,0,공설,0,0,0,미설치,미설치,미설치,미설치,미설치
묘지현황,경기도,양주시,방성리공설묘지,경기도 양주시 백석읍 방성리 산41,031-8082-7510,null,null,0,공설,0,0,0,미설치,미설치,미설치,미설치,미설치
묘지현황,경기도,남양주시,(재)영락교회공원묘원,"경기도 남양주시 진건읍 사릉로264번길 232 (사능리, 영락동산관리실)",031-573-8123,null,null,0,사설,562925,281145,60380,설치,설치,설치,설치,설치
묘지현황,경기도,파주시,삼각지성당 하늘묘원,"경기도 파주시 조리읍 정문로 126-101 (뇌조리, 천주교삼각지교회묘지관리실)",031-943-6489,null,null,0,사설,0,0,0,미설치,미설치,미설치,미설치,미설치
묘지현황,경기도,고양시 일산동구,(재)자하연 일산(묘지),경기도 고양시 일산동구 지영로 36-87 (지영동),031-977-8351,null,www.jahayeon.com,100,사설,156933,141788,2514,미설치,미설치,설치,설치,미설치
묘지현황,경기도,양주시,회정동공설묘지,경기도 양주시 회정동 산13,031-8082-7750,null,null,0,공설,0,0,0,미설치,미설치,미설치,미설치,미설치
묘지현황,인천광역시,옹진군,진리공설묘지,인천광역시 옹진군 덕적면 진리 산340,032-899-2333,null,null,0,공설,850977,378339,49120,미설치,미설치,미설치,미설치,미설치
묘지현황,전북특별자치도,고창군,부안수동공설묘지,전북특별자치도 고창군 부안면 수동리 산51-10,063-560-2614,null,null,0,공설,430135,121149,23047,미설치,미설치,설치,미설치,미설치
묘지현황,경기도,의왕시,학의동공설묘지(만장),경기도 의왕시 학의동 산14,031-345-2833,null,null,0,공설,0,0,0,미설치,미설치,미설치,미설치,미설치
묘지현황,전북특별자치도,진안군,상전망향의공설묘지,전북특별자치도 진안군 상전면 갈현리 367,063-432-9533,null,null,0,공설,211527,17596,520,미설치,미설치,미설치,미설치,미설치
묘지현황,경기도,파주시,돈암동성당 광탄추모공원,"경기도 파주시 광탄면 장지산로368번길 109 (분수리, 천주교서울대교구돈암동교회추모공원)",02-925-0098,null,null,0,사설,0,0,0,미설치,미설치,미설치,미설치,미설치
묘지현황,경상남도,창원시 마산회원구,창원시립제1공설묘지,경상남도 창원시 마산회원구 합성동 산61-4,055-220-3533,null,null,0,공설,1983,1120,37,미설치,미설치,미설치,미설치,미설치
묘지현황,경기도,포천시,광릉추모공원 매장,경기도 포천시 내촌면 부마로 341(마명리),031-532-2520,031-534-3116,www.gmemorialpark.com,200,사설,989761,989761,11310,미설치,미설치,설치,미설치,미설치
묘지현황,인천광역시,강화군,하일리공설묘지,인천광역시 강화군 양도면 하일리 산21,032-937-2001,null,null,0,공설,0,44959,260,미설치,미설치,미설치,미설치,미설치
묘지현황,경기도,가평군,청평면공설묘지,경기도 가평군 가평읍 상색리 산64-3,031-580-4120,null,null,0,공설,47447,174500,2870,미설치,미설치,미설치,미설치,미설치
묘지현황,인천광역시,강화군,장정리공설묘지,인천광역시 강화군 하점면 장정리 산188,032-933-5302,null,null,0,공설,9223,9223,204,미설치,미설치,미설치,미설치,미설치
묘지현황,부산광역시,기장군,백운공원묘원 제1묘원,부산광역시 기장군 정관읍 정관로 165 (두명리),051-508-2934,null,null,50,사설,118413,118215,4792,미설치,미설치,설치,미설치,미설치
묘지현황,광주광역시,남구,천주교효천공원묘지,광주광역시 남구 임암동 산86-3,062-233-0518,null,null,5,사설,105156,76303,400,미설치,미설치,설치,미설치,미설치
묘지현황,인천광역시,서구,송월교회(묘지),인천광역시 서구 마전동 산72-1,032-765-7851,032-765-7854,null,0,사설,5001,5001,0,미설치,미설치,설치,미설치,미설치
묘지현황,경기도,포천시,소흘읍제3공설묘지,경기도 포천시 소흘읍 고모리 산 99번지,031-538-4122,null,null,0,공설,0,0,0,미설치,미설치,미설치,미설치,미설치
묘지현황,경기도,양평군,갑산공원묘원,"경기도 양평군 양서면 건지미길 5 (양수리, 갑산공원묘원)",031-774-9348,null,www.kapsan1004.net,300,사설,248252,65095,13074,미설치,미설치,미설치,미설치,미설치
묘지현황,인천광역시,옹진군,대청리공설묘지,인천광역시 옹진군 대청면 대청리 산299,032-899-2333,null,null,0,공설,412147,214877,26000,미설치,미설치,미설치,미설치,미설치
묘지현황,서울특별시,서울특별시,벽제리묘지,경기도 고양시 덕양구 보광로 193-2 (벽제동),031-964-3443,null,www.memorial-zone.or.kr,4,공설,195479,116919,5846,설치,설치,설치,설치,설치
묘지현황,부산광역시,기장군,(재)실로암공원묘원,"부산광역시 기장군 철마면 사등길 181 (고촌리, 실로암공원묘원관리사무소)",051-721-5115,051-722-1268,www.siloami.com,0,사설,479277,196827,0,미설치,설치,설치,미설치,설치
묘지현황,인천광역시,옹진군,모도리공설묘지,인천광역시 옹진군 북도면 모도리 산41,032-899-2333,null,null,0,공설,27456,24456,1500,미설치,미설치,미설치,미설치,미설치
묘지현황,전라남도,광양시,광양시립영세공원 묘지,전라남도 광양시 광양읍 직동1길 300 (죽림리),061-762-4449,null,null,0,공설,0,0,0,미설치,미설치,미설치,미설치,미설치
묘지현황,경상남도,양산시,천주교부산교구 하늘공원,"경상남도 양산시 상북면 공원로3길 19 (상삼리, 추모관)",055-374-8733,null,hanul.catb.kr,0,사설,105352,69421,6800,미설치,미설치,설치,미설치,미설치
묘지현황,인천광역시,강화군,사기리공설묘지,인천광역시 강화군 화도면 사기리 산116,032-930-3605,null,null,0,공설,57400,57400,4778,미설치,미설치,미설치,미설치,미설치
묘지현황,경기도,파주시,신현교회 묘지,경기도 파주시 탄현면 축현리 산53-1,02-312-2114,null,null,0,사설,0,0,0,미설치,미설치,미설치,미설치,미설치
묘지현황,경기도,포천시,가산면 제3공설묘지,경기도 포천시 가산면 금현리 740,031-538-4311,null,null,0,공설,0,0,0,미설치,미설치,미설치,미설치,미설치
묘지현황,경상북도,성주군,(재)우성공원묘원,"경상북도 성주군 선남면 관용로 470-54 (용신리, 우성공원사무소)",054-933-4774,054-933-7778,woosungpark.com,900,사설,247933,247933,20000,미설치,설치,설치,설치,미설치
묘지현황,세종특별자치시,세종특별자치시,세종시공설묘지,세종특별자치시 전동면 전동로 539 (봉대리),044-850-1346,null,null,0,공설,7788,7788,450,설치,미설치,설치,미설치,미설치
묘지현황,경기도,이천시,이천시백사공설공원묘지,경기도 이천시 백사면 지읍로53번길 159 (조읍리),031-637-7501,null,null,0,공설,4959,4959,110,설치,설치,설치,설치,미설치
묘지현황,전북특별자치도,익산시,영모묘원,"전북특별자치도 익산시 왕궁면 호반로 173-45 (동봉리, 영모묘원납골당)",063-836-4311,063-836-4313,ymw.kr,1000,사설,131016,42000,13998,설치,미설치,설치,설치,설치
묘지현황,전북특별자치도,진안군,용담망향의공설묘지,전북특별자치도 진안군 용담면 송풍리 산101-1,063-430-8206,null,null,0,공설,187042,130926,800,미설치,미설치,설치,미설치,미설치
묘지현황,경상남도,김해시,김해하늘공원(묘지),경상남도 김해시 생림면 생림대로928번길 10-91 (봉림리),055-335-9716,055-326-9716,www.gimhaeskypark.com,300,사설,142111,95339,8500,미설치,설치,설치,미설치,미설치
묘지현황,경기도,포천시,가산면 제2공설묘지,경기도 포천시 가산면 가산리 산72,031-538-4311,null,null,0,공설,0,0,0,미설치,미설치,미설치,미설치,미설치
묘지현황,충청남도,계룡시,재단법인 아너스홈(구 대성공원묘원),충청남도 계룡시 두마면 제1산단로 68 (입암리),042-585-0536,null,null,0,사설,106326,105204,3529,미설치,미설치,미설치,미설치,미설치
묘지현황,경기도,연천군,연천읍공설묘지,경기도 연천군 연천읍 현가리 산16-1,031-839-2721,null,null,0,공설,2885,2826,285,미설치,미설치,미설치,미설치,미설치
묘지현황,인천광역시,옹진군,내리공설묘지,인천광역시 옹진군 영흥면 내리 산258,032-899-2333,null,null,0,공설,6318,6318,6318,미설치,미설치,미설치,미설치,미설치
묘지현황,경기도,용인시,송전공설묘지,"경기도 용인시 처인구 이동읍 경기동로 793 (송전리, 용인시공설공원묘지)",031-329-3126,null,null,0,공설,893,893,120,미설치,미설치,설치,미설치,미설치
묘지현황,경기도,포천시,영북면 제2공설묘지,경기도 포천시 영북면 자일리 산7,031-538-4611,null,null,0,공설,0,0,0,미설치,미설치,미설치,미설치,미설치
묘지현황,전라남도,영암군,영암군금정공설묘지,전라남도 영암군 금정면 용흥리 산227,061-470-2643,null,null,0,공설,0,0,0,미설치,미설치,미설치,미설치,미설치
묘지현황,충청북도,청주시,오창장미공원,충청북도 청주시 청원구 오창읍 양청3길 88 (양청리),043-270-7330,null,www.cjsisul.or.kr,0,공설,142111,95339,8500,설치,설치,설치,미설치,미설치
묘지현황,경기도,포천시,(재)하늘나라공원 포천묘원,"경기도 포천시 소흘읍 부흥로 212,2층 (무봉리)",031-542-1302,null,www.하늘나라공원.com,4,사설,124068,124068,1116,미설치,미설치,설치,미설치,미설치
묘지현황,제주특별자치도,서귀포시,남원읍공설묘지,"제주특별자치도 서귀포시 남원읍 서성로 955-24 (수망리, 공동장례식장)",064-760-4134,null,null,0,공설,4661,4661,698,미설치,미설치,미설치,미설치,미설치
묘지현황,전라남도,나주시,성북동공설묘지,전라남도 나주시 대호동 산161,061-339-8474,null,null,0,공설,1663,1663,77,미설치,미설치,미설치,미설치,미설치
묘지현황,전라남도,여수시,(재)예다원 묘원,전라남도 여수시 소라면 운암길 6 (봉두리),061-665-1004,null,null,0,사설,18645,11000,635,미설치,미설치,설치,미설치,미설치
묘지현황,인천광역시,강화군,하도리공설묘지,인천광역시 강화군 송해면 하도리 산13,032-934-4302,null,null,0,공설,206485,102999,0,미설치,설치,설치,설치,미설치
묘지현황,경기도,안성시,우성공원묘원,"경기도 안성시 일죽면 화곡길 158 (화곡리, 우성공원묘원)",031-672-5008,null,www.wspark.co.kr,0,사설,295600,292356,8957,미설치,미설치,설치,미설치,미설치
